overall_rank,preproc_id,model_name,param_combo,best_val_acc,top_k_accuracy,best_epoch,convergence_speed,preprocessing_type,model_rank,preproc_rank,accuracy_improvement,class_diversity,class_freq_json,loss,accuracy,auc,precision,recall,val_loss,val_accuracy,val_auc,val_precision,val_recall,val_top_k_accuracy,threshold,value,method,size,iterations,sigma
22.0,binarize,chexnet,threshold-100_max_value-100_method-adaptive_gaussian,0.2028985470533371,0.39705882352941174,11,11,single,14.0,16.0,-0.0013012478050713205,8,"{0: 19, 1: 20, 2: 28, 3: 24, 4: 30, 5: 34, 6: 28, 7: 21}",2.267362594604492,0.2135922312736511,0.6065739393234253,0.1875,0.0436893217265605,2.1893978118896484,0.1764705926179886,0.5042943954467773,0.0,0.0,0.6617646813392639,100.0,100.0,adaptive,,,
24.0,binarize,chexnet,threshold-100_max_value-100_method-adaptive_mean,0.1884057968854904,0.3382352941176471,15,15,single,16.0,18.0,-0.015793997972918028,8,"{0: 26, 1: 20, 2: 23, 3: 33, 4: 22, 5: 28, 6: 22, 7: 30}",2.672531843185425,0.1067961156368255,0.5125618577003479,0.0784313753247261,0.0194174759089946,2.219527006149292,0.0882352963089943,0.4715768992900848,0.0,0.0,0.6176470518112183,100.0,100.0,adaptive,,,
23.0,binarize,chexnet,threshold-100_max_value-100_method-fixed,0.1911764740943908,0.45588235294117646,13,13,single,15.0,17.0,-0.013023320764017604,8,"{0: 31, 1: 28, 2: 31, 3: 27, 4: 15, 5: 33, 6: 17, 7: 22}",2.426246166229248,0.1262135952711105,0.5255544781684875,0.1599999964237213,0.0194174759089946,2.114715337753296,0.1176470592617988,0.5338451862335205,0.0,0.0,0.6323529481887817,100.0,100.0,fixed,,,
22.0,binarize,chexnet,threshold-100_max_value-127_method-adaptive_gaussian,0.2028985470533371,0.36764705882352944,1,1,single,14.0,16.0,-0.0013012478050713205,8,"{0: 26, 1: 27, 2: 25, 3: 11, 4: 15, 5: 39, 6: 34, 7: 27}",3.2043216228485107,0.0631067976355552,0.473637580871582,0.0543478243052959,0.0242718439549207,2.4722962379455566,0.1323529481887817,0.4816330671310425,0.0,0.0,0.5882353186607361,100.0,127.0,adaptive,,,
21.0,binarize,chexnet,threshold-100_max_value-127_method-adaptive_mean,0.2058823555707931,0.4117647058823529,3,3,single,13.0,15.0,0.0016825607123846786,8,"{0: 31, 1: 29, 2: 23, 3: 23, 4: 20, 5: 17, 6: 34, 7: 27}",2.642097949981689,0.1456310749053955,0.5074650049209595,0.2000000029802322,0.0436893217265605,2.1898632049560547,0.2058823555707931,0.5287011861801147,0.0,0.0,0.6617646813392639,100.0,127.0,adaptive,,,
23.0,binarize,chexnet,threshold-100_max_value-127_method-fixed,0.1911764740943908,0.36764705882352944,14,14,single,15.0,17.0,-0.013023320764017604,8,"{0: 21, 1: 25, 2: 44, 3: 28, 4: 20, 5: 22, 6: 26, 7: 18}",2.37593674659729,0.1553398072719574,0.5603665709495544,0.2000000029802322,0.0339805819094181,2.162166118621826,0.1323529481887817,0.5292882323265076,0.0,0.0,0.6764705777168274,100.0,127.0,fixed,,,
21.0,binarize,chexnet,threshold-100_max_value-200_method-adaptive_gaussian,0.2058823555707931,0.3382352941176471,13,13,single,13.0,15.0,0.0016825607123846786,8,"{0: 20, 1: 15, 2: 32, 3: 27, 4: 25, 5: 23, 6: 36, 7: 26}",2.489909648895264,0.1650485396385193,0.5428863763809204,0.145454540848732,0.0388349518179893,2.187971591949463,0.0882352963089943,0.4936820268630981,0.0,0.0,0.6176470518112183,100.0,200.0,adaptive,,,
25.0,binarize,chexnet,threshold-100_max_value-200_method-adaptive_mean,0.1764705926179886,0.38235294117647056,4,4,single,17.0,19.0,-0.02772920224041983,8,"{0: 25, 1: 29, 2: 28, 3: 34, 4: 20, 5: 25, 6: 25, 7: 18}",2.6012558937072754,0.1310679614543914,0.533898115158081,0.0714285746216774,0.0194174759089946,2.211962938308716,0.1323529481887817,0.5080480575561523,0.0,0.0,0.6176470518112183,100.0,200.0,adaptive,,,
17.0,binarize,chexnet,threshold-100_max_value-200_method-fixed,0.2352941185235977,0.4117647058823529,1,1,single,9.0,11.0,0.031094323665189272,8,"{0: 22, 1: 25, 2: 32, 3: 33, 4: 27, 5: 34, 6: 22, 7: 9}",2.913559675216675,0.1407766938209533,0.5172478556632996,0.1842105239629745,0.0679611638188362,2.431741952896118,0.147058829665184,0.4950723350048065,0.5,0.0294117648154497,0.6029411554336548,100.0,200.0,fixed,,,
16.0,binarize,chexnet,threshold-100_max_value-220_method-adaptive_gaussian,0.2463768124580383,0.35294117647058826,5,5,single,8.0,10.0,0.042177017599629885,8,"{0: 26, 1: 14, 2: 36, 3: 34, 4: 27, 5: 25, 6: 25, 7: 17}",2.741119861602783,0.0922330096364021,0.4956842362880707,0.125,0.0339805819094181,2.188987970352173,0.1176470592617988,0.4934503138065338,0.0,0.0,0.6176470518112183,100.0,220.0,adaptive,,,
19.0,binarize,chexnet,threshold-100_max_value-220_method-adaptive_mean,0.2205882370471954,0.3235294117647059,15,15,single,11.0,13.0,0.01638844218878699,8,"{0: 30, 1: 24, 2: 16, 3: 14, 4: 17, 5: 31, 6: 45, 7: 27}",2.4447200298309326,0.1990291327238083,0.5617300271987915,0.2040816396474838,0.0485436879098415,2.2097182273864746,0.0882352963089943,0.5036918520927429,0.0,0.0,0.6470588445663452,100.0,220.0,adaptive,,,
16.0,binarize,chexnet,threshold-100_max_value-220_method-fixed,0.2463768124580383,0.4411764705882353,1,1,single,8.0,10.0,0.042177017599629885,8,"{0: 32, 1: 27, 2: 29, 3: 26, 4: 20, 5: 17, 6: 31, 7: 22}",3.0057101249694824,0.1067961156368255,0.5084598660469055,0.1204819306731224,0.0485436879098415,2.514557123184204,0.0882352963089943,0.4822973012924194,0.0769230797886848,0.0147058824077248,0.6176470518112183,100.0,220.0,fixed,,,
22.0,binarize,chexnet,threshold-100_max_value-255_method-adaptive_gaussian,0.2028985470533371,0.4264705882352941,9,9,single,14.0,16.0,-0.0013012478050713205,8,"{0: 33, 1: 29, 2: 17, 3: 25, 4: 16, 5: 37, 6: 31, 7: 16}",2.6060163974761963,0.116504855453968,0.5322468876838684,0.0769230797886848,0.0194174759089946,2.1201229095458984,0.147058829665184,0.5590861439704895,0.0,0.0,0.7352941036224365,100.0,255.0,adaptive,,,
16.0,binarize,chexnet,threshold-100_max_value-255_method-adaptive_mean,0.2463768124580383,0.36764705882352944,10,10,single,8.0,10.0,0.042177017599629885,8,"{0: 32, 1: 32, 2: 23, 3: 33, 4: 9, 5: 23, 6: 30, 7: 22}",2.663454532623291,0.1213592216372489,0.5125280618667603,0.1607142835855484,0.0436893217265605,2.326751947402954,0.0588235296308994,0.4531944692134857,0.0,0.0,0.5735294222831726,100.0,255.0,adaptive,,,
20.0,binarize,chexnet,threshold-100_max_value-255_method-fixed,0.2173912972211837,0.36764705882352944,3,3,single,12.0,14.0,0.013191502362775276,8,"{0: 19, 1: 18, 2: 18, 3: 34, 4: 25, 5: 32, 6: 25, 7: 33}",2.610464811325073,0.1407766938209533,0.4991752207279205,0.1388888955116272,0.0242718439549207,2.2540030479431152,0.073529414832592,0.4617060124874115,0.0,0.0,0.6323529481887817,100.0,255.0,fixed,,,
30.0,binarize,chexnet,threshold-100_max_value-70_method-adaptive_gaussian,0.1449275314807891,0.4264705882352941,1,1,single,21.0,24.0,-0.059272263377619316,8,"{0: 37, 1: 23, 2: 22, 3: 27, 4: 13, 5: 35, 6: 25, 7: 22}",2.9116368293762207,0.0922330096364021,0.4967362880706787,0.0857142880558967,0.029126213863492,2.351326465606689,0.1029411777853965,0.4769371151924133,0.0,0.0,0.6029411554336548,100.0,70.0,adaptive,,,
19.0,binarize,chexnet,threshold-70_max_value-220_method-adaptive_gaussian,0.2205882370471954,0.47058823529411764,14,14,single,11.0,13.0,0.01638844218878699,8,"{0: 25, 1: 26, 2: 36, 3: 29, 4: 21, 5: 23, 6: 26, 7: 18}",2.434930324554444,0.1990291327238083,0.5635948777198792,0.1578947305679321,0.029126213863492,2.0686137676239014,0.1176470592617988,0.5693277716636658,0.0,0.0,0.6911764740943909,70.0,220.0,adaptive,,,
21.0,binarize,chexnet,threshold-70_max_value-220_method-adaptive_mean,0.2058823555707931,0.4411764705882353,13,13,single,13.0,15.0,0.0016825607123846786,8,"{0: 31, 1: 19, 2: 26, 3: 37, 4: 10, 5: 18, 6: 39, 7: 24}",2.4441921710968018,0.1699029058218002,0.5613428354263306,0.2131147533655166,0.0631067976355552,2.1577279567718506,0.1617647111415863,0.5261523723602295,0.0,0.0,0.6470588445663452,70.0,220.0,adaptive,,,
29.0,binarize,chexnet,threshold-70_max_value-220_method-fixed,0.147058829665184,0.39705882352941174,5,5,single,20.0,23.0,-0.057140965193224424,8,"{0: 28, 1: 27, 2: 33, 3: 14, 4: 25, 5: 22, 6: 31, 7: 24}",2.6725075244903564,0.1116504818201065,0.4803031384944916,0.1190476194024086,0.0242718439549207,2.29085636138916,0.073529414832592,0.4498115479946136,0.0,0.0,0.5735294222831726,70.0,220.0,fixed,,,
22.0,binarize,chexnet,threshold-70_max_value-255_method-adaptive_gaussian,0.2028985470533371,0.38235294117647056,8,8,single,14.0,16.0,-0.0013012478050713205,8,"{0: 46, 1: 28, 2: 19, 3: 26, 4: 29, 5: 15, 6: 21, 7: 20}",2.494697093963623,0.1504854410886764,0.5587506890296936,0.145454540848732,0.0388349518179893,2.151131153106689,0.147058829665184,0.5185831785202026,0.0,0.0,0.6764705777168274,70.0,255.0,adaptive,,,
24.0,binarize,chexnet,threshold-70_max_value-255_method-adaptive_mean,0.1884057968854904,0.4117647058823529,14,14,single,16.0,18.0,-0.015793997972918028,8,"{0: 25, 1: 38, 2: 26, 3: 27, 4: 23, 5: 19, 6: 25, 7: 21}",2.700174331665039,0.1310679614543914,0.5169903039932251,0.0714285746216774,0.0194174759089946,2.24326753616333,0.147058829665184,0.4788680076599121,0.0,0.0,0.5882353186607361,70.0,255.0,adaptive,,,
20.0,binarize,chexnet,threshold-70_max_value-255_method-fixed,0.2173912972211837,0.36764705882352944,13,13,single,12.0,14.0,0.013191502362775276,8,"{0: 29, 1: 36, 2: 23, 3: 29, 4: 22, 5: 23, 6: 20, 7: 22}",2.601088762283325,0.1213592216372489,0.4992324709892273,0.1914893686771392,0.0436893217265605,2.243992328643799,0.1176470592617988,0.4658304452896118,0.0,0.0,0.5588235259056091,70.0,255.0,fixed,,,
21.0,binarize,chexnet,threshold-70_max_value-70_method-adaptive_gaussian,0.2058823555707931,0.35294117647058826,2,2,single,13.0,15.0,0.0016825607123846786,8,"{0: 33, 1: 27, 2: 18, 3: 30, 4: 10, 5: 24, 6: 34, 7: 28}",2.6822078227996826,0.1359223276376724,0.5317419171333313,0.1612903177738189,0.0485436879098415,2.2909905910491943,0.2058823555707931,0.4734150767326355,0.0,0.0,0.6029411554336548,70.0,70.0,adaptive,,,
24.0,binarize,chexnet,threshold-70_max_value-70_method-adaptive_mean,0.1884057968854904,0.5,1,1,single,16.0,18.0,-0.015793997972918028,8,"{0: 41, 1: 23, 2: 24, 3: 17, 4: 16, 5: 36, 6: 24, 7: 23}",2.8436474800109863,0.1650485396385193,0.5377424955368042,0.1506849378347396,0.0533980578184127,2.2881460189819336,0.1029411777853965,0.5331963896751404,0.0,0.0,0.6470588445663452,70.0,70.0,adaptive,,,
18.0,binarize,chexnet,threshold-70_max_value-70_method-fixed,0.2318840622901916,0.35294117647058826,6,6,single,10.0,12.0,0.027684267431783177,8,"{0: 21, 1: 35, 2: 24, 3: 30, 4: 27, 5: 19, 6: 33, 7: 15}",2.5975780487060547,0.1262135952711105,0.4887225031852722,0.0750000029802322,0.014563106931746,2.1375582218170166,0.1764705926179886,0.5156944990158081,0.0,0.0,0.6911764740943909,70.0,70.0,fixed,,,
19.0,binarize,chexnet,threshold-100_max_value-70_method-fixed,0.2205882370471954,0.4852941176470588,3,3,single,11.0,13.0,0.01638844218878699,8,"{0: 29, 1: 13, 2: 27, 3: 29, 4: 28, 5: 35, 6: 21, 7: 22}",2.5722055435180664,0.1359223276376724,0.4938579499721527,0.1521739065647125,0.0339805819094181,2.06304144859314,0.2205882370471954,0.5836474299430847,0.0,0.0,0.779411792755127,100.0,70.0,fixed,,,
19.0,binarize,chexnet,threshold-127_max_value-100_method-adaptive_gaussian,0.2205882370471954,0.45588235294117646,14,14,single,11.0,13.0,0.01638844218878699,8,"{0: 24, 1: 38, 2: 31, 3: 25, 4: 21, 5: 24, 6: 24, 7: 17}",2.40972638130188,0.1504854410886764,0.557148277759552,0.1860465109348297,0.0388349518179893,2.1062028408050537,0.2205882370471954,0.5622528791427612,0.0,0.0,0.6323529481887817,127.0,100.0,adaptive,,,
27.0,binarize,chexnet,threshold-127_max_value-100_method-adaptive_mean,0.1617647111415863,0.38235294117647056,5,5,single,19.0,21.0,-0.042435083716822114,8,"{0: 23, 1: 26, 2: 33, 3: 24, 4: 19, 5: 37, 6: 26, 7: 16}",2.6516642570495605,0.1456310749053955,0.5162059664726257,0.1632653027772903,0.0388349518179893,2.298642635345459,0.1617647111415863,0.4683329164981842,0.0,0.0,0.5735294222831726,127.0,100.0,adaptive,,,
17.0,binarize,chexnet,threshold-127_max_value-100_method-fixed,0.2352941185235977,0.47058823529411764,6,6,single,9.0,11.0,0.031094323665189272,8,"{0: 26, 1: 24, 2: 34, 3: 27, 4: 18, 5: 30, 6: 28, 7: 17}",2.43655776977539,0.1456310749053955,0.5193855166435242,0.21875,0.0339805819094181,2.036482334136963,0.2352941185235977,0.6011029481887817,0.0,0.0,0.6911764740943909,127.0,100.0,fixed,,,
26.0,binarize,chexnet,threshold-127_max_value-127_method-adaptive_gaussian,0.1739130467176437,0.4264705882352941,4,4,single,18.0,20.0,-0.030286748140764708,8,"{0: 15, 1: 25, 2: 30, 3: 39, 4: 17, 5: 27, 6: 30, 7: 21}",2.778815031051636,0.1310679614543914,0.4952112734317779,0.0925925895571708,0.0242718439549207,2.170953750610352,0.1029411777853965,0.5279752016067505,0.0,0.0,0.75,127.0,127.0,adaptive,,,
13.0,binarize,chexnet,threshold-127_max_value-127_method-adaptive_mean,0.2647058963775635,0.35294117647058826,1,1,single,5.0,7.0,0.06050610151915506,8,"{0: 45, 1: 28, 2: 20, 3: 24, 4: 18, 5: 13, 6: 32, 7: 24}",2.846874713897705,0.1601941734552383,0.5057027339935303,0.1578947305679321,0.0436893217265605,2.369369983673096,0.1323529481887817,0.4952267706394195,0.0,0.0,0.6176470518112183,127.0,127.0,adaptive,,,
24.0,binarize,chexnet,threshold-127_max_value-127_method-fixed,0.1884057968854904,0.45588235294117646,10,10,single,16.0,18.0,-0.015793997972918028,8,"{0: 18, 1: 16, 2: 25, 3: 33, 4: 29, 5: 35, 6: 29, 7: 19}",2.356943368911743,0.1504854410886764,0.5465356111526489,0.1481481492519378,0.0194174759089946,2.1105971336364746,0.1176470592617988,0.5376297831535339,0.0,0.0,0.6764705777168274,127.0,127.0,fixed,,,
25.0,binarize,chexnet,threshold-127_max_value-200_method-adaptive_gaussian,0.1764705926179886,0.3088235294117647,13,13,single,17.0,19.0,-0.02772920224041983,8,"{0: 45, 1: 17, 2: 26, 3: 27, 4: 17, 5: 25, 6: 24, 7: 23}",2.6283178329467773,0.1213592216372489,0.5211310386657715,0.1509433984756469,0.0388349518179893,2.243291139602661,0.1764705926179886,0.4603157937526703,0.0,0.0,0.5588235259056091,127.0,200.0,adaptive,,,
15.0,binarize,chexnet,threshold-127_max_value-200_method-adaptive_mean,0.25,0.3382352941176471,13,13,single,7.0,9.0,0.04580020514159158,8,"{0: 31, 1: 40, 2: 25, 3: 24, 4: 19, 5: 20, 6: 19, 7: 26}",2.6931827068328857,0.1310679614543914,0.4975156486034393,0.2083333283662796,0.0485436879098415,2.256776094436645,0.1029411777853965,0.4706963896751404,0.0,0.0,0.5588235259056091,127.0,200.0,adaptive,,,
23.0,binarize,chexnet,threshold-127_max_value-200_method-fixed,0.1911764740943908,0.4117647058823529,10,10,single,15.0,17.0,-0.013023320764017604,8,"{0: 27, 1: 19, 2: 31, 3: 28, 4: 24, 5: 23, 6: 31, 7: 21}",2.444319725036621,0.1067961156368255,0.5161234140396118,0.0344827584922313,0.0048543689772486,2.1236486434936523,0.1911764740943908,0.5344167351722717,0.0,0.0,0.6470588445663452,127.0,200.0,fixed,,,
17.0,binarize,chexnet,threshold-127_max_value-220_method-adaptive_gaussian,0.2352941185235977,0.3235294117647059,9,9,single,9.0,11.0,0.031094323665189272,8,"{0: 26, 1: 25, 2: 26, 3: 26, 4: 16, 5: 23, 6: 36, 7: 26}",2.5662379264831543,0.116504855453968,0.5174161195755005,0.1063829809427261,0.0242718439549207,2.2925474643707275,0.0441176481544971,0.4430919587612152,0.0,0.0,0.5735294222831726,127.0,220.0,adaptive,,,
19.0,binarize,chexnet,threshold-127_max_value-220_method-adaptive_mean,0.2205882370471954,0.4264705882352941,4,4,single,11.0,13.0,0.01638844218878699,8,"{0: 27, 1: 28, 2: 23, 3: 25, 4: 16, 5: 31, 6: 27, 7: 27}",2.669567584991455,0.1504854410886764,0.5229455232620239,0.1428571492433548,0.0485436879098415,2.1538398265838623,0.2205882370471954,0.5448436737060547,0.0,0.0,0.7058823704719543,127.0,220.0,adaptive,,,
18.0,binarize,chexnet,threshold-127_max_value-220_method-fixed,0.2318840622901916,0.4117647058823529,2,2,single,10.0,12.0,0.027684267431783177,8,"{0: 35, 1: 14, 2: 29, 3: 25, 4: 20, 5: 33, 6: 28, 7: 20}",2.617363691329956,0.1310679614543914,0.5003198385238647,0.1749999970197677,0.0339805819094181,2.242723226547241,0.1323529481887817,0.4998455345630646,0.0,0.0,0.6617646813392639,127.0,220.0,fixed,,,
27.0,binarize,chexnet,threshold-127_max_value-255_method-adaptive_gaussian,0.1617647111415863,0.35294117647058826,10,10,single,19.0,21.0,-0.042435083716822114,8,"{0: 46, 1: 27, 2: 34, 3: 19, 4: 8, 5: 27, 6: 24, 7: 19}",2.6283533573150635,0.1213592216372489,0.5083789825439453,0.0888888910412788,0.0194174759089946,2.2523860931396484,0.1617647111415863,0.4798721075057983,0.0,0.0,0.6323529481887817,127.0,255.0,adaptive,,,
23.0,binarize,chexnet,threshold-127_max_value-255_method-adaptive_mean,0.1911764740943908,0.4117647058823529,15,15,single,15.0,17.0,-0.013023320764017604,8,"{0: 28, 1: 18, 2: 44, 3: 21, 4: 17, 5: 33, 6: 25, 7: 18}",2.5525319576263428,0.1019417494535446,0.5203818678855896,0.0869565233588218,0.0194174759089946,2.162381887435913,0.1323529481887817,0.5258125066757202,0.0,0.0,0.6176470518112183,127.0,255.0,adaptive,,,
24.0,binarize,chexnet,threshold-127_max_value-255_method-fixed,0.1884057968854904,0.4117647058823529,11,11,single,16.0,18.0,-0.015793997972918028,8,"{0: 32, 1: 27, 2: 23, 3: 25, 4: 24, 5: 28, 6: 27, 7: 18}",2.451279163360596,0.1407766938209533,0.5393635034561157,0.1621621549129486,0.029126213863492,2.0860509872436523,0.1176470592617988,0.5713822245597839,0.0,0.0,0.7058823704719543,127.0,255.0,fixed,,,
19.0,binarize,chexnet,threshold-127_max_value-70_method-adaptive_gaussian,0.2205882370471954,0.45588235294117646,5,5,single,11.0,13.0,0.01638844218878699,8,"{0: 25, 1: 22, 2: 32, 3: 34, 4: 18, 5: 27, 6: 29, 7: 17}",2.561611652374268,0.1213592216372489,0.5279092788696289,0.1568627506494522,0.0388349518179893,2.12024998664856,0.2205882370471954,0.5521965622901917,0.0,0.0,0.6470588445663452,127.0,70.0,adaptive,,,
23.0,binarize,chexnet,threshold-100_max_value-70_method-adaptive_mean,0.1911764740943908,0.38235294117647056,15,15,single,15.0,17.0,-0.013023320764017604,8,"{0: 20, 1: 28, 2: 22, 3: 16, 4: 23, 5: 39, 6: 30, 7: 26}",2.3605778217315674,0.2038834989070892,0.5865285992622375,0.25,0.0631067976355552,2.1802685260772705,0.1911764740943908,0.5004479885101318,1.0,0.0147058824077248,0.6029411554336548,100.0,70.0,adaptive,,,
24.0,binarize,chexnet,threshold-127_max_value-70_method-adaptive_mean,0.1884057968854904,0.29411764705882354,2,2,single,16.0,18.0,-0.015793997972918028,8,"{0: 33, 1: 32, 2: 25, 3: 21, 4: 17, 5: 29, 6: 22, 7: 25}",2.793426275253296,0.1116504818201065,0.4893621504306793,0.0645161271095275,0.0194174759089946,2.354126214981079,0.1029411777853965,0.4422886967658996,1.0,0.0147058824077248,0.5441176295280457,127.0,70.0,adaptive,,,
22.0,binarize,chexnet,threshold-200_max_value-70_method-adaptive_mean,0.2028985470533371,0.39705882352941174,1,1,single,14.0,16.0,-0.0013012478050713205,8,"{0: 30, 1: 17, 2: 20, 3: 28, 4: 22, 5: 28, 6: 36, 7: 23}",3.4024524688720703,0.1213592216372489,0.4491991102695465,0.0978260859847068,0.0436893217265605,2.414191722869873,0.1617647111415863,0.5072911977767944,0.0,0.0,0.6470588445663452,200.0,70.0,adaptive,,,
27.0,binarize,chexnet,threshold-220_max_value-70_method-adaptive_mean,0.1617647111415863,0.36764705882352944,13,13,single,19.0,21.0,-0.042435083716822114,8,"{0: 30, 1: 38, 2: 30, 3: 29, 4: 12, 5: 21, 6: 21, 7: 23}",2.5124740600585938,0.1699029058218002,0.5437078475952148,0.1774193495512008,0.0533980578184127,2.1546859741210938,0.1617647111415863,0.5334435105323792,0.0,0.0,0.6764705777168274,220.0,70.0,adaptive,,,
19.0,binarize,chexnet,threshold-255_max_value-70_method-adaptive_mean,0.2205882370471954,0.38235294117647056,2,2,single,11.0,13.0,0.01638844218878699,8,"{0: 35, 1: 15, 2: 41, 3: 21, 4: 21, 5: 28, 6: 29, 7: 14}",2.7721853256225586,0.1359223276376724,0.5155074596405029,0.140625,0.0436893217265605,2.2843260765075684,0.2205882370471954,0.512249767780304,0.0,0.0,0.6470588445663452,255.0,70.0,adaptive,,,
27.0,binarize,chexnet,threshold-70_max_value-200_method-fixed,0.1617647111415863,0.35294117647058826,14,14,single,19.0,21.0,-0.042435083716822114,8,"{0: 14, 1: 33, 2: 14, 3: 24, 4: 28, 5: 33, 6: 33, 7: 25}",2.44746732711792,0.1650485396385193,0.5305872559547424,0.1666666716337204,0.0242718439549207,2.1901402473449707,0.1617647111415863,0.4929096698760986,0.0,0.0,0.5735294222831726,70.0,200.0,fixed,,,
17.0,binarize,chexnet,threshold-127_max_value-70_method-fixed,0.2352941185235977,0.4264705882352941,15,15,single,9.0,11.0,0.031094323665189272,8,"{0: 36, 1: 23, 2: 23, 3: 23, 4: 18, 5: 36, 6: 29, 7: 16}",2.34493088722229,0.1359223276376724,0.5465861558914185,0.1379310339689254,0.0194174759089946,2.0818896293640137,0.2352941185235977,0.5577885508537292,0.0,0.0,0.6176470518112183,127.0,70.0,fixed,,,
22.0,binarize,chexnet,threshold-200_max_value-100_method-adaptive_gaussian,0.2028985470533371,0.4264705882352941,13,13,single,14.0,16.0,-0.0013012478050713205,8,"{0: 28, 1: 24, 2: 19, 3: 28, 4: 13, 5: 42, 6: 27, 7: 23}",2.589289903640747,0.097087375819683,0.5183182954788208,0.095238097012043,0.0194174759089946,2.129387855529785,0.147058829665184,0.5390045046806335,0.0,0.0,0.6470588445663452,200.0,100.0,adaptive,,,
18.0,binarize,chexnet,threshold-200_max_value-100_method-adaptive_mean,0.2318840622901916,0.36764705882352944,3,3,single,10.0,12.0,0.027684267431783177,8,"{0: 30, 1: 33, 2: 22, 3: 30, 4: 18, 5: 23, 6: 24, 7: 24}",2.687302589416504,0.1407766938209533,0.5003719925880432,0.0625,0.014563106931746,2.20464825630188,0.073529414832592,0.4981308579444885,0.0,0.0,0.6176470518112183,200.0,100.0,adaptive,,,
22.0,binarize,chexnet,threshold-200_max_value-100_method-fixed,0.2028985470533371,0.4117647058823529,5,5,single,14.0,16.0,-0.0013012478050713205,8,"{0: 27, 1: 37, 2: 20, 3: 19, 4: 12, 5: 39, 6: 37, 7: 13}",2.247236013412476,0.116504855453968,0.5194360017776489,0.0,0.0,2.127699136734009,0.1323529481887817,0.5018845796585083,0.0,0.0,0.6323529481887817,200.0,100.0,fixed,,,
26.0,binarize,chexnet,threshold-200_max_value-127_method-adaptive_gaussian,0.1739130467176437,0.4411764705882353,1,1,single,18.0,20.0,-0.030286748140764708,8,"{0: 30, 1: 28, 2: 26, 3: 24, 4: 8, 5: 34, 6: 35, 7: 19}",3.1439859867095947,0.097087375819683,0.4959468245506286,0.0857142880558967,0.0436893217265605,2.4328861236572266,0.073529414832592,0.5072447657585144,0.0,0.0,0.6911764740943909,200.0,127.0,adaptive,,,
17.0,binarize,chexnet,threshold-200_max_value-127_method-adaptive_mean,0.2352941185235977,0.38235294117647056,3,3,single,9.0,11.0,0.031094323665189272,8,"{0: 30, 1: 27, 2: 18, 3: 24, 4: 18, 5: 37, 6: 28, 7: 22}",2.6422276496887207,0.1456310749053955,0.5214188098907471,0.2592592537403106,0.0679611638188362,2.3022825717926025,0.073529414832592,0.4772460758686065,0.0,0.0,0.6911764740943909,200.0,127.0,adaptive,,,
22.0,binarize,chexnet,threshold-200_max_value-127_method-fixed,0.2028985470533371,0.4117647058823529,7,7,single,14.0,16.0,-0.0013012478050713205,8,"{0: 25, 1: 35, 2: 19, 3: 12, 4: 4, 5: 39, 6: 44, 7: 26}",2.199430227279663,0.1310679614543914,0.5609303712844849,0.2000000029802322,0.0097087379544973,2.085823774337769,0.1176470592617988,0.5291028022766113,0.0,0.0,0.6617646813392639,200.0,127.0,fixed,,,
27.0,binarize,chexnet,threshold-200_max_value-200_method-adaptive_gaussian,0.1617647111415863,0.4117647058823529,3,3,single,19.0,21.0,-0.042435083716822114,8,"{0: 33, 1: 20, 2: 31, 3: 28, 4: 13, 5: 24, 6: 35, 7: 20}",2.7106761932373047,0.1213592216372489,0.4997407793998718,0.0980392172932624,0.0242718439549207,2.1748149394989014,0.1617647111415863,0.5316207408905029,0.0,0.0,0.6470588445663452,200.0,200.0,adaptive,,,
24.0,binarize,chexnet,threshold-200_max_value-200_method-adaptive_mean,0.1884057968854904,0.45588235294117646,5,5,single,16.0,18.0,-0.015793997972918028,8,"{0: 33, 1: 24, 2: 22, 3: 25, 4: 23, 5: 26, 6: 40, 7: 11}",2.733216524124145,0.1213592216372489,0.5009728670120239,0.1785714328289032,0.0485436879098415,2.256879568099976,0.1029411777853965,0.4934039711952209,0.0,0.0,0.6323529481887817,200.0,200.0,adaptive,,,
20.0,binarize,chexnet,threshold-200_max_value-200_method-fixed,0.2173912972211837,0.47058823529411764,6,6,single,12.0,14.0,0.013191502362775276,8,"{0: 19, 1: 42, 2: 20, 3: 13, 4: 16, 5: 38, 6: 41, 7: 15}",2.221377372741699,0.1553398072719574,0.5565271377563477,0.3846153914928436,0.0242718439549207,2.065829038619995,0.1323529481887817,0.5412290096282959,0.0,0.0,0.6323529481887817,200.0,200.0,fixed,,,
23.0,binarize,chexnet,threshold-200_max_value-220_method-adaptive_gaussian,0.1911764740943908,0.39705882352941174,9,9,single,15.0,17.0,-0.013023320764017604,8,"{0: 28, 1: 22, 2: 24, 3: 26, 4: 15, 5: 31, 6: 35, 7: 23}",2.6645798683166504,0.1456310749053955,0.520541787147522,0.0983606576919555,0.029126213863492,2.198408842086792,0.147058829665184,0.5016374588012695,0.0,0.0,0.6470588445663452,200.0,220.0,adaptive,,,
22.0,binarize,chexnet,threshold-200_max_value-220_method-adaptive_mean,0.2028985470533371,0.5,11,11,single,14.0,16.0,-0.0013012478050713205,8,"{0: 20, 1: 24, 2: 15, 3: 29, 4: 24, 5: 28, 6: 32, 7: 32}",2.667797088623047,0.1262135952711105,0.507002055644989,0.0833333358168602,0.0194174759089946,2.1858904361724854,0.1323529481887817,0.5283304452896118,0.0,0.0,0.6617646813392639,200.0,220.0,adaptive,,,
19.0,binarize,chexnet,threshold-200_max_value-220_method-fixed,0.2205882370471954,0.47058823529411764,8,8,single,11.0,13.0,0.01638844218878699,8,"{0: 29, 1: 39, 2: 23, 3: 42, 4: 19, 5: 5, 6: 35, 7: 12}",2.1697328090667725,0.1601941734552383,0.5591663718223572,0.75,0.014563106931746,2.0563418865203857,0.2205882370471954,0.5671650767326355,0.0,0.0,0.6617646813392639,200.0,220.0,fixed,,,
26.0,binarize,chexnet,threshold-200_max_value-255_method-adaptive_gaussian,0.1739130467176437,0.36764705882352944,1,1,single,18.0,20.0,-0.030286748140764708,8,"{0: 30, 1: 29, 2: 29, 3: 32, 4: 12, 5: 19, 6: 33, 7: 20}",3.044616460800171,0.1116504818201065,0.5011748671531677,0.0879120901226997,0.0388349518179893,2.42044997215271,0.1617647111415863,0.4755777418613434,0.1666666716337204,0.0147058824077248,0.5882353186607361,200.0,255.0,adaptive,,,
25.0,binarize,chexnet,threshold-200_max_value-255_method-adaptive_mean,0.1764705926179886,0.36764705882352944,6,6,single,17.0,19.0,-0.02772920224041983,8,"{0: 32, 1: 31, 2: 29, 3: 23, 4: 14, 5: 28, 6: 30, 7: 17}",2.716930866241455,0.1262135952711105,0.4866201877593994,0.1320754736661911,0.0339805819094181,2.226918935775757,0.1323529481887817,0.4670353531837463,0.0,0.0,0.5147058963775635,200.0,255.0,adaptive,,,
23.0,binarize,chexnet,threshold-200_max_value-255_method-fixed,0.1911764740943908,0.4264705882352941,8,8,single,15.0,17.0,-0.013023320764017604,8,"{0: 28, 1: 39, 2: 19, 3: 15, 4: 16, 5: 36, 6: 39, 7: 12}",2.261223554611206,0.1359223276376724,0.5334015488624573,0.0,0.0,2.0793182849884038,0.1911764740943908,0.5595804452896118,0.0,0.0,0.6911764740943909,200.0,255.0,fixed,,,
24.0,binarize,chexnet,threshold-200_max_value-70_method-adaptive_gaussian,0.1884057968854904,0.4117647058823529,8,8,single,16.0,18.0,-0.015793997972918028,8,"{0: 20, 1: 21, 2: 26, 3: 20, 4: 26, 5: 33, 6: 24, 7: 34}",2.6008646488189697,0.1553398072719574,0.526756227016449,0.1400000005960464,0.0339805819094181,2.158292531967163,0.1029411777853965,0.5174400806427002,0.0,0.0,0.6764705777168274,200.0,70.0,adaptive,,,
20.0,binarize,chexnet,threshold-200_max_value-70_method-fixed,0.2173912972211837,0.47058823529411764,4,4,single,12.0,14.0,0.013191502362775276,8,"{0: 24, 1: 38, 2: 21, 3: 13, 4: 13, 5: 46, 6: 39, 7: 10}",2.346886157989502,0.097087375819683,0.4846020042896271,0.25,0.0048543689772486,2.155141830444336,0.0882352963089943,0.4799647629261017,0.0,0.0,0.5735294222831726,200.0,70.0,fixed,,,
22.0,binarize,chexnet,threshold-220_max_value-100_method-adaptive_gaussian,0.2028985470533371,0.36764705882352944,11,11,single,14.0,16.0,-0.0013012478050713205,8,"{0: 29, 1: 27, 2: 25, 3: 29, 4: 17, 5: 28, 6: 25, 7: 24}",2.599234342575073,0.1747572869062423,0.5150545835494995,0.2244897931814193,0.0533980578184127,2.249720335006714,0.073529414832592,0.4629108905792236,0.0,0.0,0.6323529481887817,220.0,100.0,adaptive,,,
25.0,binarize,chexnet,threshold-220_max_value-100_method-adaptive_mean,0.1764705926179886,0.39705882352941174,15,15,single,17.0,19.0,-0.02772920224041983,8,"{0: 40, 1: 28, 2: 23, 3: 34, 4: 12, 5: 28, 6: 19, 7: 20}",2.352324962615967,0.1941747516393661,0.5854530930519104,0.170731708407402,0.0339805819094181,2.193788528442383,0.1764705926179886,0.5128985047340393,0.0,0.0,0.6470588445663452,220.0,100.0,adaptive,,,
22.0,binarize,chexnet,threshold-220_max_value-100_method-fixed,0.2028985470533371,0.4852941176470588,7,7,single,14.0,16.0,-0.0013012478050713205,8,"{0: 21, 1: 44, 2: 46, 3: 15, 4: 4, 5: 14, 6: 53, 7: 7}",2.1594862937927246,0.1310679614543914,0.5337449312210083,0.0,0.0,2.1038217544555664,0.147058829665184,0.5170538425445557,0.0,0.0,0.6911764740943909,220.0,100.0,fixed,,,
24.0,binarize,chexnet,threshold-220_max_value-127_method-adaptive_gaussian,0.1884057968854904,0.3235294117647059,2,2,single,16.0,18.0,-0.015793997972918028,8,"{0: 29, 1: 19, 2: 25, 3: 35, 4: 29, 5: 19, 6: 23, 7: 25}",2.691935777664185,0.1213592216372489,0.5236793160438538,0.1176470592617988,0.0388349518179893,2.325430154800415,0.0588235296308994,0.4561603963375091,0.0,0.0,0.5441176295280457,220.0,127.0,adaptive,,,
25.0,binarize,chexnet,threshold-220_max_value-127_method-adaptive_mean,0.1764705926179886,0.29411764705882354,6,6,single,17.0,19.0,-0.02772920224041983,8,"{0: 30, 1: 21, 2: 34, 3: 31, 4: 9, 5: 22, 6: 25, 7: 32}",2.49987268447876,0.1601941734552383,0.5683618187904358,0.15625,0.0485436879098415,2.2701833248138428,0.1764705926179886,0.4600531458854675,0.0,0.0,0.5588235259056091,220.0,127.0,adaptive,,,
25.0,binarize,chexnet,threshold-220_max_value-127_method-fixed,0.1764705926179886,0.38235294117647056,15,15,single,17.0,19.0,-0.02772920224041983,8,"{0: 14, 1: 51, 2: 13, 3: 18, 4: 48, 5: 9, 6: 49, 7: 2}",2.155782699584961,0.116504855453968,0.5390706062316895,0.0,0.0,2.087424993515014,0.0882352963089943,0.5080480575561523,0.0,0.0,0.6470588445663452,220.0,127.0,fixed,,,
20.0,binarize,chexnet,threshold-220_max_value-200_method-adaptive_gaussian,0.2173912972211837,0.3382352941176471,2,2,single,12.0,14.0,0.013191502362775276,8,"{0: 35, 1: 26, 2: 28, 3: 16, 4: 21, 5: 25, 6: 30, 7: 23}",2.6829748153686523,0.1650485396385193,0.5201497077941895,0.2181818187236786,0.058252427726984,2.195101261138916,0.1323529481887817,0.5108440518379211,0.0,0.0,0.6764705777168274,220.0,200.0,adaptive,,,
26.0,binarize,chexnet,threshold-220_max_value-200_method-adaptive_mean,0.1739130467176437,0.4117647058823529,10,10,single,18.0,20.0,-0.030286748140764708,8,"{0: 27, 1: 26, 2: 28, 3: 29, 4: 15, 5: 27, 6: 23, 7: 29}",2.4278206825256348,0.1650485396385193,0.5711911916732788,0.1956521719694137,0.0436893217265605,2.21750283241272,0.0882352963089943,0.503228485584259,0.0,0.0,0.6470588445663452,220.0,200.0,adaptive,,,
19.0,binarize,chexnet,threshold-220_max_value-200_method-fixed,0.2205882370471954,0.35294117647058826,9,9,single,11.0,13.0,0.01638844218878699,8,"{0: 20, 1: 4, 2: 15, 3: 20, 4: 44, 5: 48, 6: 46, 7: 7}",2.1518561840057373,0.1699029058218002,0.5612081289291382,0.0,0.0,2.096569538116455,0.1323529481887817,0.505561113357544,0.0,0.0,0.6323529481887817,220.0,200.0,fixed,,,
25.0,binarize,chexnet,threshold-220_max_value-220_method-adaptive_gaussian,0.1764705926179886,0.47058823529411764,3,3,single,17.0,19.0,-0.02772920224041983,8,"{0: 23, 1: 38, 2: 28, 3: 23, 4: 18, 5: 25, 6: 35, 7: 14}",2.7392783164978027,0.116504855453968,0.5123934149742126,0.1311475336551666,0.0388349518179893,2.160822868347168,0.1029411777853965,0.5516095757484436,0.0,0.0,0.7058823704719543,220.0,220.0,adaptive,,,
25.0,binarize,chexnet,threshold-220_max_value-220_method-adaptive_mean,0.1764705926179886,0.45588235294117646,5,5,single,17.0,19.0,-0.02772920224041983,8,"{0: 28, 1: 26, 2: 26, 3: 40, 4: 13, 5: 32, 6: 28, 7: 11}",2.7600905895233154,0.1262135952711105,0.4977226257324219,0.1746031790971756,0.0533980578184127,2.1986093521118164,0.1176470592617988,0.5223832130432129,0.0,0.0,0.6764705777168274,220.0,220.0,adaptive,,,
25.0,binarize,chexnet,threshold-220_max_value-220_method-fixed,0.1764705926179886,0.39705882352941174,10,10,single,17.0,19.0,-0.02772920224041983,8,"{0: 23, 1: 51, 2: 11, 3: 14, 4: 2, 5: 8, 6: 48, 7: 47}",2.132521152496338,0.1456310749053955,0.5482003688812256,0.0,0.0,2.082330703735352,0.1176470592617988,0.5286703109741211,0.0,0.0,0.6911764740943909,220.0,220.0,fixed,,,
19.0,binarize,chexnet,threshold-220_max_value-255_method-adaptive_gaussian,0.2205882370471954,0.4852941176470588,12,12,single,11.0,13.0,0.01638844218878699,8,"{0: 33, 1: 32, 2: 21, 3: 21, 4: 17, 5: 35, 6: 29, 7: 16}",2.4928462505340576,0.1650485396385193,0.5417165756225586,0.2307692319154739,0.0436893217265605,2.168640613555908,0.1323529481887817,0.53461754322052,0.0,0.0,0.7058823704719543,220.0,255.0,adaptive,,,
23.0,binarize,chexnet,threshold-220_max_value-255_method-adaptive_mean,0.1911764740943908,0.36764705882352944,10,10,single,15.0,17.0,-0.013023320764017604,8,"{0: 34, 1: 20, 2: 36, 3: 31, 4: 16, 5: 26, 6: 28, 7: 13}",2.6541264057159424,0.1504854410886764,0.5180423259735107,0.0799999982118606,0.0194174759089946,2.262744903564453,0.0882352963089943,0.4811696410179138,0.0,0.0,0.720588207244873,220.0,255.0,adaptive,,,
23.0,binarize,chexnet,threshold-220_max_value-255_method-fixed,0.1911764740943908,0.36764705882352944,1,1,single,15.0,17.0,-0.013023320764017604,8,"{0: 14, 1: 47, 2: 10, 3: 16, 4: 8, 5: 51, 6: 48, 7: 10}",2.4079411029815674,0.1116504818201065,0.487311989068985,0.2857142984867096,0.0097087379544973,2.234168291091919,0.1029411777853965,0.4557742178440094,0.0,0.0,0.5588235259056091,220.0,255.0,fixed,,,
19.0,binarize,chexnet,threshold-220_max_value-70_method-adaptive_gaussian,0.2205882370471954,0.4411764705882353,10,10,single,11.0,13.0,0.01638844218878699,8,"{0: 22, 1: 30, 2: 27, 3: 25, 4: 24, 5: 28, 6: 22, 7: 26}",2.536354780197144,0.1407766938209533,0.5308616161346436,0.1190476194024086,0.0242718439549207,2.1254208087921143,0.2205882370471954,0.5546681880950928,0.0,0.0,0.75,220.0,70.0,adaptive,,,
21.0,binarize,chexnet,threshold-220_max_value-70_method-fixed,0.2058823555707931,0.38235294117647056,3,3,single,13.0,15.0,0.0016825607123846786,8,"{0: 11, 1: 45, 2: 15, 3: 18, 4: 1, 5: 57, 6: 52, 7: 5}",2.304175853729248,0.0728155374526977,0.4766168892383575,0.0,0.0,2.13779878616333,0.0882352963089943,0.4889242649078369,0.0,0.0,0.6176470518112183,220.0,70.0,fixed,,,
22.0,binarize,chexnet,threshold-255_max_value-100_method-adaptive_gaussian,0.2028985470533371,0.3382352941176471,6,6,single,14.0,16.0,-0.0013012478050713205,8,"{0: 34, 1: 28, 2: 13, 3: 24, 4: 23, 5: 31, 6: 27, 7: 24}",2.779555559158325,0.1213592216372489,0.4881249666213989,0.1311475336551666,0.0388349518179893,2.2159359455108643,0.1029411777853965,0.4810306131839752,0.0,0.0,0.5588235259056091,255.0,100.0,adaptive,,,
18.0,binarize,chexnet,threshold-255_max_value-100_method-adaptive_mean,0.2318840622901916,0.35294117647058826,2,2,single,10.0,12.0,0.027684267431783177,8,"{0: 21, 1: 23, 2: 26, 3: 33, 4: 22, 5: 27, 6: 30, 7: 22}",2.8924856185913086,0.1359223276376724,0.4706061482429504,0.1139240488409996,0.0436893217265605,2.226072311401367,0.1176470592617988,0.5112919807434082,0.0,0.0,0.6617646813392639,255.0,100.0,adaptive,,,
31.0,binarize,chexnet,threshold-255_max_value-100_method-fixed,0.1323529481887817,0.38235294117647056,8,8,single,22.0,25.0,-0.07184684666962671,3,"{1: 68, 2: 68, 6: 68}",2.2086308002471924,0.0922330096364021,0.4923515319824219,0.0,0.0,2.081308364868164,0.1176470592617988,0.5063024759292603,0.0,0.0,0.6323529481887817,255.0,100.0,fixed,,,
22.0,binarize,chexnet,threshold-255_max_value-127_method-adaptive_gaussian,0.2028985470533371,0.4852941176470588,14,14,single,14.0,16.0,-0.0013012478050713205,8,"{0: 29, 1: 33, 2: 12, 3: 18, 4: 20, 5: 36, 6: 31, 7: 25}",2.523329019546509,0.1601941734552383,0.545624852180481,0.1666666716337204,0.0388349518179893,2.1187944412231445,0.1029411777853965,0.5556722283363342,0.0,0.0,0.7058823704719543,255.0,127.0,adaptive,,,
24.0,binarize,chexnet,threshold-255_max_value-127_method-adaptive_mean,0.1884057968854904,0.38235294117647056,14,14,single,16.0,18.0,-0.015793997972918028,8,"{0: 17, 1: 30, 2: 35, 3: 21, 4: 13, 5: 26, 6: 42, 7: 20}",2.470055103302002,0.1990291327238083,0.5495198965072632,0.2549019753932953,0.0631067976355552,2.194183588027954,0.1323529481887817,0.5124505758285522,0.0,0.0,0.6323529481887817,255.0,127.0,adaptive,,,
31.0,binarize,chexnet,threshold-255_max_value-127_method-fixed,0.1323529481887817,0.38235294117647056,1,1,single,22.0,25.0,-0.07184684666962671,3,"{0: 68, 3: 68, 5: 68}",2.3875904083251958,0.1262135952711105,0.4996280372142792,0.2857142984867096,0.0097087379544973,2.2036170959472656,0.1323529481887817,0.5031512379646301,0.0,0.0,0.6323529481887817,255.0,127.0,fixed,,,
25.0,binarize,chexnet,threshold-255_max_value-200_method-adaptive_gaussian,0.1764705926179886,0.4117647058823529,9,9,single,17.0,19.0,-0.02772920224041983,8,"{0: 26, 1: 22, 2: 43, 3: 20, 4: 22, 5: 16, 6: 28, 7: 27}",2.607976198196411,0.1504854410886764,0.5079110264778137,0.1333333402872085,0.029126213863492,2.177835464477539,0.147058829665184,0.5058391690254211,0.0,0.0,0.6323529481887817,255.0,200.0,adaptive,,,
23.0,binarize,chexnet,threshold-255_max_value-200_method-adaptive_mean,0.1911764740943908,0.39705882352941174,5,5,single,15.0,17.0,-0.013023320764017604,8,"{0: 31, 1: 27, 2: 29, 3: 20, 4: 19, 5: 29, 6: 30, 7: 19}",2.71658706665039,0.1310679614543914,0.505342423915863,0.1311475336551666,0.0388349518179893,2.263554573059082,0.1911764740943908,0.4841664731502533,0.0,0.0,0.5735294222831726,255.0,200.0,adaptive,,,
31.0,binarize,chexnet,threshold-255_max_value-200_method-fixed,0.1323529481887817,0.36764705882352944,14,14,single,22.0,25.0,-0.07184684666962671,3,"{0: 68, 1: 68, 6: 68}",2.1909780502319336,0.1213592216372489,0.482068806886673,0.0,0.0,2.080944776535034,0.1176470592617988,0.4978991448879242,0.0,0.0,0.6323529481887817,255.0,200.0,fixed,,,
21.0,binarize,chexnet,threshold-255_max_value-220_method-adaptive_gaussian,0.2058823555707931,0.25,11,11,single,13.0,15.0,0.0016825607123846786,8,"{0: 32, 1: 29, 2: 19, 3: 23, 4: 23, 5: 28, 6: 28, 7: 22}",2.437955141067505,0.1699029058218002,0.5632902383804321,0.2325581461191177,0.0485436879098415,2.214982271194458,0.073529414832592,0.4841510653495788,0.0,0.0,0.6176470518112183,255.0,220.0,adaptive,,,
20.0,binarize,chexnet,threshold-255_max_value-220_method-adaptive_mean,0.2173912972211837,0.36764705882352944,8,8,single,12.0,14.0,0.013191502362775276,8,"{0: 17, 1: 29, 2: 25, 3: 27, 4: 8, 5: 27, 6: 48, 7: 23}",2.553907871246338,0.1116504818201065,0.5256959199905396,0.170731708407402,0.0339805819094181,2.2211570739746094,0.0882352963089943,0.4827298521995544,0.0,0.0,0.5147058963775635,255.0,220.0,adaptive,,,
31.0,binarize,chexnet,threshold-255_max_value-220_method-fixed,0.1323529481887817,0.38235294117647056,1,1,single,22.0,25.0,-0.07184684666962671,3,"{3: 68, 5: 68, 6: 68}",2.3522894382476807,0.1310679614543914,0.5143223404884338,0.1428571492433548,0.0048543689772486,2.2398781776428223,0.1323529481887817,0.4978991150856018,0.0,0.0,0.6176470518112183,255.0,220.0,fixed,,,
13.0,binarize,chexnet,threshold-255_max_value-255_method-adaptive_gaussian,0.2647058963775635,0.39705882352941174,15,15,single,5.0,7.0,0.06050610151915506,8,"{0: 36, 1: 24, 2: 27, 3: 30, 4: 22, 5: 26, 6: 27, 7: 12}",2.531133890151977,0.1359223276376724,0.5357496738433838,0.1578947305679321,0.029126213863492,2.1895945072174072,0.2647058963775635,0.5110757350921631,0.0,0.0,0.6323529481887817,255.0,255.0,adaptive,,,
20.0,binarize,chexnet,threshold-255_max_value-255_method-adaptive_mean,0.2173912972211837,0.39705882352941174,4,4,single,12.0,14.0,0.013191502362775276,8,"{0: 36, 1: 22, 2: 32, 3: 23, 4: 27, 5: 18, 6: 29, 7: 17}",2.83799409866333,0.1067961156368255,0.4792528450489044,0.1176470592617988,0.029126213863492,2.281242609024048,0.0882352963089943,0.4706037044525146,0.0,0.0,0.6176470518112183,255.0,255.0,adaptive,,,
31.0,binarize,chexnet,threshold-255_max_value-255_method-fixed,0.1323529481887817,0.36764705882352944,1,1,single,22.0,25.0,-0.07184684666962671,3,"{0: 68, 2: 68, 6: 68}",2.3853542804718018,0.116504855453968,0.4876452684402466,0.0,0.0,2.1661109924316406,0.1323529481887817,0.5084033608436584,0.0,0.0,0.6323529481887817,255.0,255.0,fixed,,,
22.0,binarize,chexnet,threshold-255_max_value-70_method-adaptive_gaussian,0.2028985470533371,0.3088235294117647,5,5,single,14.0,16.0,-0.0013012478050713205,8,"{0: 23, 1: 40, 2: 12, 3: 25, 4: 22, 5: 18, 6: 39, 7: 25}",2.682747602462769,0.1116504818201065,0.4915301203727722,0.0869565233588218,0.0194174759089946,2.208024024963379,0.073529414832592,0.4853559136390686,0.0,0.0,0.6029411554336548,255.0,70.0,adaptive,,,
31.0,binarize,chexnet,threshold-255_max_value-70_method-fixed,0.1323529481887817,0.38235294117647056,1,1,single,22.0,25.0,-0.07184684666962671,3,"{2: 68, 5: 68, 6: 68}",2.3758108615875244,0.1213592216372489,0.4873389303684234,0.0,0.0,2.1616127490997314,0.1176470592617988,0.4968487322330475,0.0,0.0,0.6323529481887817,255.0,70.0,fixed,,,
18.0,binarize,chexnet,threshold-70_max_value-100_method-adaptive_gaussian,0.2318840622901916,0.3088235294117647,1,1,single,10.0,12.0,0.027684267431783177,8,"{0: 25, 1: 39, 2: 16, 3: 24, 4: 21, 5: 33, 6: 27, 7: 19}",3.109783887863159,0.116504855453968,0.4797863662242889,0.1219512224197387,0.0485436879098415,2.4265236854553223,0.1029411777853965,0.4877502918243408,0.0,0.0,0.6029411554336548,70.0,100.0,adaptive,,,
19.0,binarize,chexnet,threshold-70_max_value-100_method-adaptive_mean,0.2205882370471954,0.4411764705882353,2,2,single,11.0,13.0,0.01638844218878699,8,"{0: 31, 1: 22, 2: 25, 3: 33, 4: 20, 5: 14, 6: 23, 7: 36}",3.0412752628326416,0.1116504818201065,0.4710657298564911,0.1153846159577369,0.0436893217265605,2.3082520961761475,0.1764705926179886,0.5306166410446167,0.0,0.0,0.6911764740943909,70.0,100.0,adaptive,,,
22.0,binarize,chexnet,threshold-70_max_value-100_method-fixed,0.2028985470533371,0.36764705882352944,13,13,single,14.0,16.0,-0.0013012478050713205,8,"{0: 28, 1: 18, 2: 30, 3: 35, 4: 14, 5: 28, 6: 30, 7: 21}",2.4860661029815674,0.1553398072719574,0.530535101890564,0.1627907007932663,0.0339805819094181,2.1587817668914795,0.147058829665184,0.5116936564445496,0.0,0.0,0.6764705777168274,70.0,100.0,fixed,,,
25.0,binarize,chexnet,threshold-70_max_value-127_method-adaptive_gaussian,0.1764705926179886,0.39705882352941174,6,6,single,17.0,19.0,-0.02772920224041983,8,"{0: 19, 1: 29, 2: 23, 3: 22, 4: 30, 5: 27, 6: 26, 7: 28}",2.692889451980591,0.116504855453968,0.5150848627090454,0.1320754736661911,0.0339805819094181,2.17229437828064,0.1323529481887817,0.5097318291664124,0.0,0.0,0.6764705777168274,70.0,127.0,adaptive,,,
22.0,binarize,chexnet,threshold-70_max_value-127_method-adaptive_mean,0.2028985470533371,0.4264705882352941,12,12,single,14.0,16.0,-0.0013012478050713205,8,"{0: 25, 1: 22, 2: 37, 3: 21, 4: 12, 5: 25, 6: 37, 7: 25}",2.5346927642822266,0.1504854410886764,0.523859441280365,0.1219512224197387,0.0242718439549207,2.238107204437256,0.0882352963089943,0.4949641823768616,0.0,0.0,0.6470588445663452,70.0,127.0,adaptive,,,
16.0,binarize,chexnet,threshold-70_max_value-127_method-fixed,0.2463768124580383,0.36764705882352944,5,5,single,8.0,10.0,0.042177017599629885,8,"{0: 32, 1: 24, 2: 20, 3: 37, 4: 16, 5: 29, 6: 34, 7: 12}",2.5597898960113525,0.1310679614543914,0.5172932744026184,0.2142857164144516,0.0436893217265605,2.1984658241271973,0.1617647111415863,0.4932649433612823,0.0,0.0,0.6029411554336548,70.0,127.0,fixed,,,
18.0,binarize,chexnet,threshold-70_max_value-200_method-adaptive_gaussian,0.2318840622901916,0.3235294117647059,9,9,single,10.0,12.0,0.027684267431783177,8,"{0: 27, 1: 22, 2: 31, 3: 32, 4: 16, 5: 22, 6: 28, 7: 26}",2.6794087886810303,0.1213592216372489,0.5066856741905212,0.1296296268701553,0.0339805819094181,2.2116098403930664,0.1176470592617988,0.4794241189956665,0.0,0.0,0.5588235259056091,70.0,200.0,adaptive,,,
30.0,binarize,chexnet,threshold-70_max_value-200_method-adaptive_mean,0.1449275314807891,0.47058823529411764,6,6,single,21.0,24.0,-0.059272263377619316,8,"{0: 39, 1: 20, 2: 27, 3: 34, 4: 24, 5: 21, 6: 20, 7: 19}",2.74775505065918,0.1262135952711105,0.492100715637207,0.1276595741510391,0.029126213863492,2.21719741821289,0.0588235296308994,0.4938828647136688,0.0,0.0,0.7058823704719543,70.0,200.0,adaptive,,,
27.0,binarize,custom cnn,threshold-100_max_value-100_method-adaptive_gaussian,0.1617647111415863,0.38235294117647056,9,9,single,9.0,21.0,0.005811987651719003,3,"{1: 68, 2: 68, 4: 68}",2.060392379760742,0.1504854410886764,0.5778113007545471,0.0,0.0,2.1425535678863525,0.1617647111415863,0.5115545988082886,0.0,0.0,0.6470588445663452,100.0,100.0,adaptive,,,
31.0,binarize,custom cnn,threshold-100_max_value-100_method-adaptive_mean,0.1323529481887817,0.36764705882352944,1,1,single,13.0,25.0,-0.02359977530108559,4,"{1: 68, 2: 31, 4: 68, 5: 37}",2.5642104148864746,0.0873786434531211,0.4749320149421692,0.050000000745058,0.0048543689772486,2.087225914001465,0.1176470592617988,0.4989495873451233,0.0,0.0,0.6176470518112183,100.0,100.0,adaptive,,,
29.0,binarize,custom cnn,threshold-100_max_value-100_method-fixed,0.147058829665184,0.35294117647058826,15,15,single,11.0,23.0,-0.008893893824683308,4,"{0: 54, 3: 68, 4: 68, 6: 14}",2.04590392112732,0.1407766938209533,0.5694204568862915,1.0,0.0048543689772486,2.113386392593384,0.1176470592617988,0.4883218109607696,0.0,0.0,0.6176470518112183,100.0,100.0,fixed,,,
31.0,binarize,custom cnn,threshold-100_max_value-127_method-adaptive_gaussian,0.1323529481887817,0.39705882352941174,1,1,single,13.0,25.0,-0.02359977530108559,4,"{1: 68, 2: 58, 4: 68, 5: 10}",2.354010820388794,0.1262135952711105,0.5112252831459045,0.0909090936183929,0.0048543689772486,2.0812368392944336,0.1323529481887817,0.5126050710678101,0.0,0.0,0.6323529481887817,100.0,127.0,adaptive,,,
31.0,binarize,custom cnn,threshold-100_max_value-127_method-adaptive_mean,0.1323529481887817,0.39705882352941174,1,1,single,13.0,25.0,-0.02359977530108559,4,"{1: 68, 3: 22, 4: 68, 5: 46}",2.399901866912842,0.0922330096364021,0.4743395149707794,0.0,0.0,2.0808980464935303,0.1323529481887817,0.4990731477737427,0.0,0.0,0.6617646813392639,100.0,127.0,adaptive,,,
31.0,binarize,custom cnn,threshold-100_max_value-127_method-fixed,0.1323529481887817,0.36764705882352944,1,1,single,13.0,25.0,-0.02359977530108559,5,"{0: 66, 1: 68, 2: 1, 4: 67, 6: 2}",2.349050760269165,0.1116504818201065,0.5060039758682251,0.0,0.0,2.087090015411377,0.1323529481887817,0.4936974942684173,0.0,0.0,0.6176470518112183,100.0,127.0,fixed,,,
31.0,binarize,custom cnn,threshold-100_max_value-200_method-adaptive_gaussian,0.1323529481887817,0.35294117647058826,1,1,single,13.0,25.0,-0.02359977530108559,4,"{1: 45, 2: 23, 4: 68, 5: 68}",2.415055274963379,0.0922330096364021,0.4909544289112091,0.0833333358168602,0.0048543689772486,2.086788892745972,0.1323529481887817,0.4925852715969085,0.0,0.0,0.6176470518112183,100.0,200.0,adaptive,,,
28.0,binarize,custom cnn,threshold-100_max_value-200_method-adaptive_mean,0.159420296549797,0.38235294117647056,14,14,single,10.0,22.0,0.0034675730599297017,4,"{1: 1, 2: 68, 4: 68, 5: 67}",2.0498764514923096,0.1262135952711105,0.5843286514282227,0.0,0.0,2.2064125537872314,0.1176470592617988,0.515570878982544,0.0,0.0,0.6323529481887817,100.0,200.0,adaptive,,,
28.0,binarize,custom cnn,threshold-100_max_value-200_method-fixed,0.159420296549797,0.35294117647058826,11,11,single,10.0,22.0,0.0034675730599297017,5,"{0: 34, 1: 28, 3: 68, 4: 68, 6: 6}",2.0685267448425293,0.1747572869062423,0.5662274956703186,0.0,0.0,2.117486000061035,0.1176470592617988,0.4907161593437195,0.0,0.0,0.6176470518112183,100.0,200.0,fixed,,,
31.0,binarize,custom cnn,threshold-100_max_value-220_method-adaptive_gaussian,0.1323529481887817,0.4117647058823529,1,1,single,13.0,25.0,-0.02359977530108559,5,"{1: 65, 2: 63, 3: 3, 4: 68, 6: 5}",2.2440831661224365,0.1262135952711105,0.529170036315918,0.0,0.0,2.0845532417297363,0.1176470592617988,0.5010504126548767,0.0,0.0,0.6176470518112183,100.0,220.0,adaptive,,,
30.0,binarize,custom cnn,threshold-100_max_value-220_method-adaptive_mean,0.1449275314807891,0.4117647058823529,15,15,single,12.0,24.0,-0.0110251920090782,5,"{0: 1, 1: 68, 2: 54, 3: 14, 4: 67}",2.054835081100464,0.1504854410886764,0.5798429250717163,0.0,0.0,2.1020374298095703,0.1176470592617988,0.5144587159156799,0.0,0.0,0.6470588445663452,100.0,220.0,adaptive,,,
29.0,binarize,custom cnn,threshold-100_max_value-220_method-fixed,0.147058829665184,0.4117647058823529,11,11,single,11.0,23.0,-0.008893893824683308,4,"{1: 68, 3: 64, 4: 17, 6: 55}",2.06659197807312,0.1601941734552383,0.5599372386932373,0.5,0.0048543689772486,2.0879812240600586,0.147058829665184,0.5100716352462769,0.0,0.0,0.6323529481887817,100.0,220.0,fixed,,,
25.0,binarize,custom cnn,threshold-100_max_value-255_method-adaptive_gaussian,0.1764705926179886,0.38235294117647056,12,12,single,7.0,19.0,0.020517869128121285,3,"{1: 68, 3: 68, 4: 68}",2.0781683921813965,0.1407766938209533,0.5721489787101746,0.0,0.0,2.1159486770629883,0.1764705926179886,0.5199734568595886,0.0,0.0,0.6470588445663452,100.0,255.0,adaptive,,,
25.0,binarize,custom cnn,threshold-100_max_value-255_method-adaptive_mean,0.1764705926179886,0.38235294117647056,11,11,single,7.0,19.0,0.020517869128121285,3,"{1: 68, 4: 68, 5: 68}",2.03971266746521,0.1553398072719574,0.5916017889976501,0.5,0.0048543689772486,2.1439709663391118,0.1764705926179886,0.5049277544021606,0.0,0.0,0.6323529481887817,100.0,255.0,adaptive,,,
28.0,binarize,custom cnn,threshold-100_max_value-255_method-fixed,0.159420296549797,0.36764705882352944,3,3,single,10.0,22.0,0.0034675730599297017,5,"{0: 61, 1: 68, 2: 6, 3: 68, 6: 1}",2.1154019832611084,0.1262135952711105,0.5429083704948425,0.0,0.0,2.0847926139831543,0.1176470592617988,0.5013439059257507,0.0,0.0,0.6323529481887817,100.0,255.0,fixed,,,
25.0,binarize,custom cnn,threshold-100_max_value-70_method-adaptive_gaussian,0.1764705926179886,0.38235294117647056,11,11,single,7.0,19.0,0.020517869128121285,3,"{1: 68, 3: 68, 4: 68}",2.0881786346435547,0.1213592216372489,0.5594357252120972,0.0,0.0,2.196884632110596,0.1764705926179886,0.5150920748710632,0.0,0.0,0.6470588445663452,100.0,70.0,adaptive,,,
31.0,binarize,custom cnn,threshold-100_max_value-70_method-adaptive_mean,0.1323529481887817,0.38235294117647056,1,1,single,13.0,25.0,-0.02359977530108559,4,"{1: 68, 2: 19, 4: 68, 6: 49}",2.3012795448303223,0.1456310749053955,0.4896852970123291,0.3333333432674408,0.0097087379544973,2.0836527347564697,0.1176470592617988,0.4936974942684173,0.0,0.0,0.6176470518112183,100.0,70.0,adaptive,,,
25.0,binarize,custom cnn,threshold-70_max_value-200_method-adaptive_gaussian,0.1764705926179886,0.38235294117647056,14,14,single,7.0,19.0,0.020517869128121285,4,"{1: 68, 3: 1, 4: 68, 5: 67}",2.065922975540161,0.1456310749053955,0.5812568068504333,0.0,0.0,2.1558048725128174,0.1764705926179886,0.5168839693069458,0.0,0.0,0.6470588445663452,70.0,200.0,adaptive,,,
30.0,binarize,custom cnn,threshold-70_max_value-200_method-adaptive_mean,0.1449275314807891,0.38235294117647056,1,1,single,12.0,24.0,-0.0110251920090782,3,"{1: 68, 3: 68, 4: 68}",2.431750059127808,0.1699029058218002,0.5173050761222839,0.125,0.014563106931746,2.08337664604187,0.1323529481887817,0.4968487322330475,0.0,0.0,0.6176470518112183,70.0,200.0,adaptive,,,
23.0,binarize,custom cnn,threshold-70_max_value-200_method-fixed,0.1911764740943908,0.36764705882352944,14,14,single,5.0,17.0,0.03522375060452351,4,"{1: 67, 3: 68, 4: 68, 6: 1}",2.0807535648345947,0.1456310749053955,0.5242668390274048,0.0,0.0,2.1196608543396,0.1911764740943908,0.4999690949916839,0.0,0.0,0.6323529481887817,70.0,200.0,fixed,,,
28.0,binarize,custom cnn,threshold-70_max_value-220_method-adaptive_gaussian,0.159420296549797,0.38235294117647056,12,12,single,10.0,22.0,0.0034675730599297017,3,"{1: 68, 2: 68, 4: 68}",2.076242685317993,0.1941747516393661,0.5581245422363281,0.0,0.0,2.143664598464966,0.1176470592617988,0.5177335739135742,0.0,0.0,0.6470588445663452,70.0,220.0,adaptive,,,
31.0,binarize,custom cnn,threshold-70_max_value-220_method-adaptive_mean,0.1323529481887817,0.36764705882352944,1,1,single,13.0,25.0,-0.02359977530108559,4,"{1: 68, 3: 1, 4: 68, 5: 67}",2.5277888774871826,0.1504854410886764,0.4813770055770874,0.0,0.0,2.086912155151367,0.1176470592617988,0.4987024068832397,0.0,0.0,0.6176470518112183,70.0,220.0,adaptive,,,
30.0,binarize,custom cnn,threshold-70_max_value-220_method-fixed,0.1449275314807891,0.38235294117647056,7,7,single,12.0,24.0,-0.0110251920090782,4,"{0: 66, 1: 68, 2: 2, 3: 68}",2.0857293605804443,0.1553398072719574,0.5461030602455139,0.0,0.0,2.1182007789611816,0.1176470592617988,0.5000926852226257,0.0,0.0,0.6176470518112183,70.0,220.0,fixed,,,
27.0,binarize,custom cnn,threshold-70_max_value-255_method-adaptive_gaussian,0.1617647111415863,0.38235294117647056,5,5,single,9.0,21.0,0.005811987651719003,4,"{1: 68, 3: 65, 4: 68, 5: 3}",2.2001852989196777,0.1407766938209533,0.5046136379241943,0.0,0.0,2.1220245361328125,0.1617647111415863,0.5070130825042725,0.0,0.0,0.6323529481887817,70.0,255.0,adaptive,,,
29.0,binarize,custom cnn,threshold-70_max_value-255_method-adaptive_mean,0.147058829665184,0.39705882352941174,6,6,single,11.0,23.0,-0.008893893824683308,5,"{1: 68, 3: 65, 4: 30, 5: 3, 6: 38}",2.1238315105438232,0.1650485396385193,0.5276601910591125,0.0,0.0,2.1516270637512207,0.1323529481887817,0.506302535533905,0.0,0.0,0.6323529481887817,70.0,255.0,adaptive,,,
26.0,binarize,custom cnn,threshold-70_max_value-255_method-fixed,0.1739130467176437,0.39705882352941174,15,15,single,8.0,20.0,0.01796032322777641,5,"{0: 66, 1: 68, 3: 13, 4: 56, 6: 1}",2.044150352478028,0.1650485396385193,0.5840509533882141,0.0,0.0,2.1041858196258545,0.147058829665184,0.5071520805358887,0.0,0.0,0.6764705777168274,70.0,255.0,fixed,,,
30.0,binarize,custom cnn,threshold-70_max_value-70_method-adaptive_gaussian,0.1449275314807891,0.36764705882352944,2,2,single,12.0,24.0,-0.0110251920090782,3,"{1: 68, 4: 68, 6: 68}",2.242422103881836,0.1359223276376724,0.5125011801719666,0.0,0.0,2.1088314056396484,0.1176470592617988,0.4957983195781708,0.0,0.0,0.6176470518112183,70.0,70.0,adaptive,,,
31.0,binarize,custom cnn,threshold-70_max_value-70_method-adaptive_mean,0.1323529481887817,0.38235294117647056,1,1,single,13.0,25.0,-0.02359977530108559,3,"{1: 68, 4: 68, 5: 68}",2.3771445751190186,0.1116504818201065,0.5128563642501831,0.2307692319154739,0.014563106931746,2.0816822052001958,0.1323529481887817,0.4978991746902466,0.0,0.0,0.6176470518112183,70.0,70.0,adaptive,,,
31.0,binarize,custom cnn,threshold-70_max_value-70_method-fixed,0.1323529481887817,0.36764705882352944,7,7,single,13.0,25.0,-0.02359977530108559,5,"{0: 68, 1: 65, 3: 68, 6: 2, 7: 1}",2.093702793121338,0.1019417494535446,0.5280977487564087,0.0,0.0,2.10059118270874,0.1176470592617988,0.4919210374355316,0.0,0.0,0.6617646813392639,70.0,70.0,fixed,,,
26.0,binarize,custom cnn,threshold-127_max_value-70_method-adaptive_mean,0.1739130467176437,0.38235294117647056,7,7,single,8.0,20.0,0.01796032322777641,4,"{2: 67, 3: 1, 4: 68, 5: 68}",2.111462116241455,0.1213592216372489,0.5403985977172852,0.0,0.0,2.1175808906555176,0.1323529481887817,0.5057000517845154,0.0,0.0,0.6323529481887817,127.0,70.0,adaptive,,,
31.0,binarize,custom cnn,threshold-127_max_value-70_method-fixed,0.1323529481887817,0.38235294117647056,4,4,single,13.0,25.0,-0.02359977530108559,3,"{1: 68, 3: 68, 6: 68}",2.167172908782959,0.1116504818201065,0.4898031055927276,0.0,0.0,2.08876371383667,0.1176470592617988,0.4899283051490783,0.0,0.0,0.6176470518112183,127.0,70.0,fixed,,,
31.0,binarize,custom cnn,threshold-200_max_value-100_method-adaptive_gaussian,0.1323529481887817,0.38235294117647056,1,1,single,13.0,25.0,-0.02359977530108559,3,"{1: 68, 4: 68, 5: 68}",2.326460361480713,0.1650485396385193,0.4833345413208008,0.0,0.0,2.0846235752105717,0.1176470592617988,0.4884453415870666,0.0,0.0,0.6176470518112183,200.0,100.0,adaptive,,,
25.0,binarize,custom cnn,threshold-200_max_value-100_method-adaptive_mean,0.1764705926179886,0.38235294117647056,12,12,single,7.0,19.0,0.020517869128121285,4,"{1: 1, 2: 67, 4: 68, 5: 68}",2.085519790649414,0.2087378650903701,0.538979709148407,0.0,0.0,2.1304636001586914,0.1176470592617988,0.5130066871643066,0.0,0.0,0.6470588445663452,200.0,100.0,adaptive,,,
27.0,binarize,custom cnn,threshold-200_max_value-100_method-fixed,0.1617647111415863,0.39705882352941174,15,15,single,9.0,21.0,0.005811987651719003,6,"{1: 64, 2: 4, 4: 2, 5: 68, 6: 65, 7: 1}",2.045234680175781,0.2038834989070892,0.5767929553985596,0.0,0.0,2.078222274780273,0.1176470592617988,0.5236961841583252,0.0,0.0,0.6323529481887817,200.0,100.0,fixed,,,
29.0,binarize,custom cnn,threshold-200_max_value-127_method-adaptive_gaussian,0.147058829665184,0.38235294117647056,14,14,single,11.0,23.0,-0.008893893824683308,3,"{1: 68, 3: 68, 4: 68}",2.046586036682129,0.1844660192728042,0.5839836597442627,0.0,0.0,2.1612331867218018,0.147058829665184,0.5099171996116638,0.0,0.0,0.6323529481887817,200.0,127.0,adaptive,,,
28.0,binarize,custom cnn,threshold-200_max_value-127_method-adaptive_mean,0.159420296549797,0.38235294117647056,13,13,single,10.0,22.0,0.0034675730599297017,3,"{1: 68, 4: 68, 5: 68}",2.04449200630188,0.1796116530895233,0.5852527022361755,0.0,0.0,2.172690153121948,0.1176470592617988,0.5176717638969421,0.0,0.0,0.6617646813392639,200.0,127.0,adaptive,,,
26.0,binarize,custom cnn,threshold-200_max_value-127_method-fixed,0.1739130467176437,0.36764705882352944,15,15,single,8.0,20.0,0.01796032322777641,5,"{1: 59, 3: 12, 4: 5, 5: 62, 6: 66}",2.0243282318115234,0.1941747516393661,0.6074205636978149,0.0,0.0,2.0753722190856934,0.1323529481887817,0.5235881209373474,0.0,0.0,0.6617646813392639,200.0,127.0,fixed,,,
31.0,binarize,custom cnn,threshold-200_max_value-200_method-adaptive_gaussian,0.1323529481887817,0.38235294117647056,15,15,single,13.0,25.0,-0.02359977530108559,3,"{1: 68, 3: 68, 4: 68}",2.0293190479278564,0.1844660192728042,0.5992082357406616,0.0,0.0,2.1665210723876958,0.1323529481887817,0.5179961919784546,0.0,0.0,0.6323529481887817,200.0,200.0,adaptive,,,
31.0,binarize,custom cnn,threshold-200_max_value-200_method-adaptive_mean,0.1323529481887817,0.35294117647058826,1,1,single,13.0,25.0,-0.02359977530108559,5,"{1: 68, 2: 20, 4: 68, 5: 22, 6: 26}",2.3220582008361816,0.1262135952711105,0.5358741283416748,0.0769230797886848,0.0048543689772486,2.079603433609009,0.1323529481887817,0.4939600527286529,0.0,0.0,0.6323529481887817,200.0,200.0,adaptive,,,
17.0,binarize,custom cnn,threshold-200_max_value-200_method-fixed,0.2352941185235977,0.39705882352941174,12,12,single,1.0,11.0,0.07934139503373039,6,"{0: 1, 1: 65, 2: 2, 3: 2, 5: 68, 6: 66}",2.0760676860809326,0.1553398072719574,0.540762186050415,0.0,0.0,2.0824859142303467,0.1323529481887817,0.5120643973350525,0.0,0.0,0.6470588445663452,200.0,200.0,fixed,,,
28.0,binarize,custom cnn,threshold-200_max_value-220_method-adaptive_gaussian,0.159420296549797,0.4117647058823529,14,14,single,10.0,22.0,0.0034675730599297017,5,"{1: 68, 2: 1, 3: 68, 4: 64, 5: 3}",2.051144599914551,0.1844660192728042,0.5793312191963196,0.0,0.0,2.1125545501708984,0.1176470592617988,0.515184760093689,0.0,0.0,0.6470588445663452,200.0,220.0,adaptive,,,
25.0,binarize,custom cnn,threshold-200_max_value-220_method-adaptive_mean,0.1764705926179886,0.38235294117647056,15,15,single,7.0,19.0,0.020517869128121285,3,"{1: 68, 4: 68, 5: 68}",2.05102014541626,0.1407766938209533,0.5787656307220459,0.0,0.0,2.123152256011963,0.1764705926179886,0.5248239040374756,0.0,0.0,0.6470588445663452,200.0,220.0,adaptive,,,
21.0,binarize,custom cnn,threshold-200_max_value-220_method-fixed,0.2058823555707931,0.4117647058823529,12,12,single,3.0,15.0,0.049929632080925795,6,"{1: 59, 2: 7, 4: 17, 5: 57, 6: 63, 7: 1}",2.0521817207336426,0.1990291327238083,0.5801947116851807,0.0,0.0,2.081617593765259,0.1323529481887817,0.5172392129898071,0.0,0.0,0.6470588445663452,200.0,220.0,fixed,,,
26.0,binarize,custom cnn,threshold-200_max_value-255_method-adaptive_gaussian,0.1739130467176437,0.38235294117647056,9,9,single,8.0,20.0,0.01796032322777641,3,"{1: 68, 3: 68, 4: 68}",2.098960399627685,0.1067961156368255,0.5290840864181519,0.0,0.0,2.182336807250977,0.1323529481887817,0.5012975931167603,0.0,0.0,0.6176470518112183,200.0,255.0,adaptive,,,
31.0,binarize,custom cnn,threshold-200_max_value-255_method-adaptive_mean,0.1323529481887817,0.4117647058823529,15,15,single,13.0,25.0,-0.02359977530108559,4,"{1: 68, 3: 68, 5: 3, 7: 65}",2.058888435363769,0.1504854410886764,0.5591378211975098,0.0,0.0,2.127862930297852,0.1323529481887817,0.5208539366722107,0.0,0.0,0.6764705777168274,200.0,255.0,adaptive,,,
29.0,binarize,custom cnn,threshold-100_max_value-70_method-fixed,0.147058829665184,0.35294117647058826,8,8,single,11.0,23.0,-0.008893893824683308,4,"{1: 2, 3: 67, 4: 67, 6: 68}",2.063637971878052,0.1601941734552383,0.558804452419281,0.0,0.0,2.0923960208892822,0.1176470592617988,0.4943462610244751,0.0,0.0,0.6176470518112183,100.0,70.0,fixed,,,
31.0,binarize,custom cnn,threshold-127_max_value-70_method-adaptive_gaussian,0.1323529481887817,0.38235294117647056,4,4,single,13.0,25.0,-0.02359977530108559,3,"{2: 68, 3: 68, 4: 68}",2.1376736164093018,0.1650485396385193,0.5432248115539551,0.0,0.0,2.129714012145996,0.1323529481887817,0.501838207244873,0.0,0.0,0.6176470518112183,127.0,70.0,adaptive,,,
19.0,binarize,custom cnn,threshold-200_max_value-255_method-fixed,0.2205882370471954,0.39705882352941174,12,12,single,2.0,13.0,0.0646355135573281,5,"{1: 63, 2: 4, 4: 4, 5: 68, 6: 65}",2.0272576808929443,0.1747572869062423,0.5905178785324097,0.0,0.0,2.082944631576538,0.1323529481887817,0.5157562494277954,0.0,0.0,0.6323529481887817,200.0,255.0,fixed,,,
29.0,binarize,custom cnn,threshold-220_max_value-200_method-fixed,0.147058829665184,0.39705882352941174,7,7,single,11.0,23.0,-0.008893893824683308,6,"{0: 2, 1: 64, 4: 3, 5: 68, 6: 53, 7: 14}",2.097686767578125,0.1504854410886764,0.5204946994781494,0.0,0.0,2.0807759761810303,0.1323529481887817,0.5021008253097534,0.0,0.0,0.6176470518112183,220.0,200.0,fixed,,,
31.0,binarize,custom cnn,threshold-255_max_value-100_method-adaptive_gaussian,0.1323529481887817,0.39705882352941174,1,1,single,13.0,25.0,-0.02359977530108559,4,"{1: 68, 2: 64, 4: 68, 5: 4}",2.3020060062408447,0.1213592216372489,0.4966251850128174,0.0,0.0,2.0810835361480717,0.1176470592617988,0.4915966391563415,0.0,0.0,0.6176470518112183,255.0,100.0,adaptive,,,
26.0,binarize,custom cnn,threshold-255_max_value-255_method-adaptive_gaussian,0.1739130467176437,0.38235294117647056,11,11,single,8.0,20.0,0.01796032322777641,4,"{1: 6, 3: 62, 4: 68, 6: 68}",2.050111770629883,0.1553398072719574,0.5798883438110352,0.0,0.0,2.165122509002685,0.1176470592617988,0.5061944127082825,0.0,0.0,0.6323529481887817,255.0,255.0,adaptive,,,
31.0,binarize,custom cnn,threshold-70_max_value-127_method-fixed,0.1323529481887817,0.36764705882352944,2,2,single,13.0,25.0,-0.02359977530108559,3,"{0: 68, 3: 68, 4: 68}",2.121745347976685,0.1504854410886764,0.5332567691802979,0.0,0.0,2.086991310119629,0.1176470592617988,0.5021780729293823,0.0,0.0,0.6323529481887817,70.0,127.0,fixed,,,
31.0,binarize,custom cnn,threshold-200_max_value-70_method-adaptive_gaussian,0.1323529481887817,0.38235294117647056,1,1,single,13.0,25.0,-0.02359977530108559,3,"{1: 68, 4: 68, 5: 68}",2.3551299571990967,0.116504855453968,0.4834692180156708,0.25,0.0048543689772486,2.082850456237793,0.1176470592617988,0.4992739558219909,0.0,0.0,0.6176470518112183,200.0,70.0,adaptive,,,
31.0,binarize,custom cnn,threshold-200_max_value-70_method-adaptive_mean,0.1323529481887817,0.38235294117647056,1,1,single,13.0,25.0,-0.02359977530108559,3,"{1: 68, 4: 68, 5: 68}",2.3583271503448486,0.1019417494535446,0.4914678037166595,0.0,0.0,2.0834195613861084,0.1176470592617988,0.5003089308738708,0.0,0.0,0.6176470518112183,200.0,70.0,adaptive,,,
27.0,binarize,custom cnn,threshold-200_max_value-70_method-fixed,0.1617647111415863,0.38235294117647056,13,13,single,9.0,21.0,0.005811987651719003,5,"{1: 66, 4: 2, 5: 68, 6: 66, 7: 2}",2.0313620567321777,0.1699029058218002,0.5950658321380615,0.0,0.0,2.0827550888061523,0.1323529481887817,0.514381468296051,0.0,0.0,0.6617646813392639,200.0,70.0,fixed,,,
31.0,binarize,custom cnn,threshold-220_max_value-100_method-adaptive_gaussian,0.1323529481887817,0.38235294117647056,2,2,single,13.0,25.0,-0.02359977530108559,3,"{1: 68, 4: 68, 5: 68}",2.240316390991211,0.1213592216372489,0.5072310566902161,0.0,0.0,2.101595401763916,0.1176470592617988,0.5021008253097534,0.0,0.0,0.6323529481887817,220.0,100.0,adaptive,,,
31.0,binarize,custom cnn,threshold-220_max_value-100_method-adaptive_mean,0.1323529481887817,0.38235294117647056,1,1,single,13.0,25.0,-0.02359977530108559,4,"{1: 68, 2: 57, 3: 11, 4: 68}",2.267749786376953,0.097087375819683,0.5084463357925415,0.25,0.0048543689772486,2.0825114250183105,0.1176470592617988,0.4926470518112182,0.0,0.0,0.6176470518112183,220.0,100.0,adaptive,,,
21.0,binarize,custom cnn,threshold-220_max_value-100_method-fixed,0.2058823555707931,0.38235294117647056,15,15,single,3.0,15.0,0.049929632080925795,6,"{0: 2, 1: 67, 2: 1, 3: 66, 4: 1, 6: 67}",2.0460903644561768,0.1407766938209533,0.5628492832183838,0.0,0.0,2.080640316009521,0.1323529481887817,0.5194173455238342,0.0,0.0,0.6176470518112183,220.0,100.0,fixed,,,
31.0,binarize,custom cnn,threshold-220_max_value-127_method-adaptive_gaussian,0.1323529481887817,0.38235294117647056,1,1,single,13.0,25.0,-0.02359977530108559,3,"{1: 68, 3: 68, 4: 68}",2.2802674770355225,0.1067961156368255,0.4804091453552246,0.0,0.0,2.082417249679565,0.1323529481887817,0.5042016506195068,0.0,0.0,0.6323529481887817,220.0,127.0,adaptive,,,
31.0,binarize,custom cnn,threshold-220_max_value-127_method-adaptive_mean,0.1323529481887817,0.36764705882352944,1,1,single,13.0,25.0,-0.02359977530108559,3,"{1: 68, 4: 68, 6: 68}",2.3324790000915527,0.116504855453968,0.5055091381072998,0.0,0.0,2.085574150085449,0.1323529481887817,0.4956592917442322,0.0,0.0,0.6176470518112183,220.0,127.0,adaptive,,,
28.0,binarize,custom cnn,threshold-220_max_value-127_method-fixed,0.159420296549797,0.38235294117647056,13,13,single,10.0,22.0,0.0034675730599297017,7,"{0: 3, 1: 66, 2: 2, 3: 3, 5: 62, 6: 67, 7: 1}",2.066415548324585,0.1747572869062423,0.5421121716499329,0.0,0.0,2.082768440246582,0.1176470592617988,0.4982235431671142,0.0,0.0,0.6323529481887817,220.0,127.0,fixed,,,
29.0,binarize,custom cnn,threshold-220_max_value-200_method-adaptive_gaussian,0.147058829665184,0.38235294117647056,15,15,single,11.0,23.0,-0.008893893824683308,4,"{1: 4, 2: 64, 4: 68, 5: 68}",2.04278564453125,0.218446597456932,0.5824434757232666,0.0,0.0,2.142342567443848,0.147058829665184,0.5116935968399048,0.0,0.0,0.6470588445663452,220.0,200.0,adaptive,,,
27.0,binarize,custom cnn,threshold-220_max_value-200_method-adaptive_mean,0.1617647111415863,0.45588235294117646,13,13,single,9.0,21.0,0.005811987651719003,5,"{1: 10, 2: 68, 3: 68, 4: 11, 5: 47}",2.0574538707733154,0.1747572869062423,0.5832564830780029,0.0,0.0,2.115540742874145,0.1617647111415863,0.5336288809776306,0.0,0.0,0.6470588445663452,220.0,200.0,adaptive,,,
26.0,binarize,custom cnn,threshold-255_max_value-255_method-adaptive_mean,0.1739130467176437,0.39705882352941174,13,13,single,8.0,20.0,0.01796032322777641,4,"{1: 68, 3: 68, 4: 59, 6: 9}",2.063129425048828,0.1796116530895233,0.5612670183181763,0.0,0.0,2.109515905380249,0.147058829665184,0.5198962092399597,0.0,0.0,0.6323529481887817,255.0,255.0,adaptive,,,
32.0,binarize,custom cnn,threshold-255_max_value-255_method-fixed,0.1304347813129425,0.36764705882352944,2,2,single,14.0,26.0,-0.025517942176924796,3,"{0: 68, 2: 68, 6: 68}",2.0794789791107178,0.1019417494535446,0.5,0.0,0.0,2.0794475078582764,0.1176470592617988,0.5,0.0,0.0,0.6176470518112183,255.0,255.0,fixed,,,
26.0,binarize,custom cnn,threshold-255_max_value-70_method-adaptive_gaussian,0.1739130467176437,0.35294117647058826,14,14,single,8.0,20.0,0.01796032322777641,4,"{1: 68, 3: 44, 4: 66, 5: 26}",2.0657448768615723,0.1747572869062423,0.5632078051567078,0.0,0.0,2.186797857284546,0.1323529481887817,0.5131456851959229,0.0,0.0,0.6470588445663452,255.0,70.0,adaptive,,,
31.0,binarize,custom cnn,threshold-255_max_value-70_method-adaptive_mean,0.1323529481887817,0.38235294117647056,1,1,single,13.0,25.0,-0.02359977530108559,3,"{1: 68, 3: 68, 4: 68}",2.323941230773926,0.0922330096364021,0.4789699614048004,0.1666666716337204,0.0048543689772486,2.080904006958008,0.1323529481887817,0.5074301958084106,0.0,0.0,0.6323529481887817,255.0,70.0,adaptive,,,
31.0,binarize,custom cnn,threshold-255_max_value-70_method-fixed,0.1323529481887817,0.36764705882352944,1,1,single,13.0,25.0,-0.02359977530108559,3,"{0: 68, 5: 68, 6: 68}",2.0794711112976074,0.1213592216372489,0.5,0.0,0.0,2.079435110092163,0.1323529481887817,0.5,0.0,0.0,0.7647058963775635,255.0,70.0,fixed,,,
31.0,binarize,custom cnn,threshold-70_max_value-100_method-adaptive_gaussian,0.1323529481887817,0.38235294117647056,1,1,single,13.0,25.0,-0.02359977530108559,3,"{1: 68, 4: 68, 5: 68}",2.349558115005493,0.1116504818201065,0.4957717657089233,0.0909090936183929,0.0048543689772486,2.0821516513824463,0.1176470592617988,0.4948405921459198,0.0,0.0,0.6176470518112183,70.0,100.0,adaptive,,,
25.0,binarize,custom cnn,threshold-70_max_value-100_method-adaptive_mean,0.1764705926179886,0.38235294117647056,9,9,single,7.0,19.0,0.020517869128121285,3,"{1: 68, 3: 68, 4: 68}",2.073730230331421,0.1699029058218002,0.55695641040802,0.0,0.0,2.148190498352051,0.1764705926179886,0.5086041688919067,0.0,0.0,0.6323529481887817,70.0,100.0,adaptive,,,
31.0,binarize,custom cnn,threshold-70_max_value-100_method-fixed,0.1323529481887817,0.39705882352941174,1,1,single,13.0,25.0,-0.02359977530108559,3,"{1: 68, 2: 68, 3: 68}",2.3966524600982666,0.1407766938209533,0.5065375566482544,0.0909090936183929,0.0048543689772486,2.078809976577759,0.1323529481887817,0.5168067216873169,0.0,0.0,0.6470588445663452,70.0,100.0,fixed,,,
32.0,binarize,custom cnn,threshold-70_max_value-127_method-adaptive_gaussian,0.1304347813129425,0.35294117647058826,1,1,single,14.0,26.0,-0.025517942176924796,4,"{1: 68, 4: 68, 5: 4, 6: 64}",2.4180049896240234,0.1262135952711105,0.4730956256389618,0.2000000029802322,0.0097087379544973,2.0842092037200928,0.1176470592617988,0.488445371389389,0.0,0.0,0.6176470518112183,70.0,127.0,adaptive,,,
31.0,binarize,custom cnn,threshold-70_max_value-127_method-adaptive_mean,0.1323529481887817,0.38235294117647056,1,1,single,13.0,25.0,-0.02359977530108559,4,"{1: 68, 2: 43, 4: 68, 5: 25}",2.4011659622192383,0.0922330096364021,0.4878523349761963,0.2727272808551788,0.014563106931746,2.0817301273345947,0.1323529481887817,0.5077391266822815,0.0,0.0,0.6323529481887817,70.0,127.0,adaptive,,,
31.0,binarize,custom cnn,threshold-127_max_value-100_method-adaptive_gaussian,0.1323529481887817,0.38235294117647056,1,1,single,13.0,25.0,-0.02359977530108559,3,"{1: 68, 3: 68, 4: 68}",2.701598882675171,0.0679611638188362,0.4304969906806946,0.0,0.0,2.081331253051758,0.1323529481887817,0.5034138560295105,0.0,0.0,0.6323529481887817,127.0,100.0,adaptive,,,
24.0,binarize,custom cnn,threshold-127_max_value-100_method-adaptive_mean,0.1884057968854904,0.36764705882352944,1,1,single,6.0,18.0,0.03245307339562309,3,"{0: 68, 4: 68, 5: 68}",2.445695638656616,0.1213592216372489,0.4631377756595611,0.0,0.0,2.085443019866944,0.1176470592617988,0.4957983195781708,0.0,0.0,0.6323529481887817,127.0,100.0,adaptive,,,
31.0,binarize,custom cnn,threshold-127_max_value-100_method-fixed,0.1323529481887817,0.36764705882352944,1,1,single,13.0,25.0,-0.02359977530108559,4,"{1: 68, 3: 1, 4: 68, 6: 67}",2.3305788040161133,0.1116504818201065,0.4734103679656982,0.0,0.0,2.079599380493164,0.1176470592617988,0.5016683340072632,0.0,0.0,0.6323529481887817,127.0,100.0,fixed,,,
32.0,binarize,custom cnn,threshold-127_max_value-127_method-adaptive_gaussian,0.1304347813129425,0.38235294117647056,1,1,single,14.0,26.0,-0.025517942176924796,4,"{1: 68, 3: 60, 4: 68, 5: 8}",2.28487229347229,0.1310679614543914,0.5105048418045044,0.5,0.0048543689772486,2.081913948059082,0.1176470592617988,0.5067041516304016,0.0,0.0,0.6176470518112183,127.0,127.0,adaptive,,,
32.0,binarize,custom cnn,threshold-127_max_value-127_method-adaptive_mean,0.1304347813129425,0.38235294117647056,1,1,single,14.0,26.0,-0.025517942176924796,4,"{1: 1, 3: 67, 4: 68, 5: 68}",2.3377225399017334,0.1019417494535446,0.522278904914856,0.1428571492433548,0.0048543689772486,2.083609342575073,0.1176470592617988,0.501544713973999,0.0,0.0,0.6323529481887817,127.0,127.0,adaptive,,,
30.0,binarize,custom cnn,threshold-127_max_value-127_method-fixed,0.1449275314807891,0.38235294117647056,1,1,single,12.0,24.0,-0.0110251920090782,3,"{1: 68, 5: 68, 6: 68}",2.2600457668304443,0.097087375819683,0.5068337917327881,0.3333333432674408,0.0048543689772486,2.0797126293182373,0.1323529481887817,0.5006951689720154,0.0,0.0,0.6323529481887817,127.0,127.0,fixed,,,
31.0,binarize,custom cnn,threshold-127_max_value-200_method-adaptive_gaussian,0.1323529481887817,0.39705882352941174,1,1,single,13.0,25.0,-0.02359977530108559,4,"{1: 68, 2: 65, 4: 68, 5: 3}",2.509117126464844,0.1553398072719574,0.5044773817062378,0.1860465109348297,0.0388349518179893,2.0831165313720703,0.1323529481887817,0.5022244453430176,0.0,0.0,0.6176470518112183,127.0,200.0,adaptive,,,
31.0,binarize,custom cnn,threshold-127_max_value-200_method-adaptive_mean,0.1323529481887817,0.39705882352941174,9,9,single,13.0,25.0,-0.02359977530108559,4,"{1: 68, 2: 10, 4: 68, 5: 58}",2.060904026031494,0.1601941734552383,0.56573086977005,0.0,0.0,2.264920949935913,0.1176470592617988,0.512404203414917,0.0,0.0,0.6323529481887817,127.0,200.0,adaptive,,,
19.0,binarize,custom cnn,threshold-127_max_value-200_method-fixed,0.2205882370471954,0.39705882352941174,13,13,single,2.0,13.0,0.0646355135573281,4,"{1: 68, 3: 55, 5: 13, 6: 68}",2.0434134006500244,0.1456310749053955,0.5863939523696899,0.0,0.0,2.110483169555664,0.1029411777853965,0.5019926428794861,0.0,0.0,0.6323529481887817,127.0,200.0,fixed,,,
31.0,binarize,custom cnn,threshold-127_max_value-220_method-adaptive_gaussian,0.1323529481887817,0.36764705882352944,1,1,single,13.0,25.0,-0.02359977530108559,3,"{4: 68, 5: 68, 6: 68}",2.476107120513916,0.097087375819683,0.4897458851337433,0.0625,0.0048543689772486,2.095654249191284,0.1176470592617988,0.4991967678070068,0.0,0.0,0.6617646813392639,127.0,220.0,adaptive,,,
31.0,binarize,custom cnn,threshold-127_max_value-220_method-adaptive_mean,0.1323529481887817,0.38235294117647056,5,5,single,13.0,25.0,-0.02359977530108559,4,"{1: 68, 3: 62, 4: 68, 6: 6}",2.170506477355957,0.0873786434531211,0.5131104588508606,0.0,0.0,2.1070892810821533,0.1323529481887817,0.5010504126548767,0.0,0.0,0.6176470518112183,127.0,220.0,adaptive,,,
31.0,binarize,custom cnn,threshold-127_max_value-220_method-fixed,0.1323529481887817,0.36764705882352944,1,1,single,13.0,25.0,-0.02359977530108559,4,"{1: 68, 3: 66, 4: 2, 6: 68}",2.349016666412353,0.1310679614543914,0.491111010313034,0.0,0.0,2.081624746322632,0.1176470592617988,0.5088358521461487,0.0,0.0,0.6323529481887817,127.0,220.0,fixed,,,
25.0,binarize,custom cnn,threshold-127_max_value-255_method-adaptive_gaussian,0.1764705926179886,0.38235294117647056,13,13,single,7.0,19.0,0.020517869128121285,4,"{1: 65, 2: 3, 3: 68, 4: 68}",2.0730888843536377,0.1407766938209533,0.5590670704841614,0.0,0.0,2.11667537689209,0.1764705926179886,0.5231092572212219,0.0,0.0,0.6764705777168274,127.0,255.0,adaptive,,,
30.0,binarize,custom cnn,threshold-127_max_value-255_method-adaptive_mean,0.1449275314807891,0.38235294117647056,14,14,single,12.0,24.0,-0.0110251920090782,6,"{1: 62, 2: 6, 3: 50, 4: 68, 5: 4, 6: 14}",2.042185068130493,0.1699029058218002,0.5803915858268738,0.0,0.0,2.113932847976685,0.1176470592617988,0.5327792763710022,0.0,0.0,0.6617646813392639,127.0,255.0,adaptive,,,
31.0,binarize,custom cnn,threshold-127_max_value-255_method-fixed,0.1323529481887817,0.38235294117647056,3,3,single,13.0,25.0,-0.02359977530108559,4,"{0: 14, 1: 68, 5: 66, 6: 56}",2.1167683601379395,0.1456310749053955,0.5416173338890076,0.0,0.0,2.089039087295532,0.1323529481887817,0.5019463300704956,0.0,0.0,0.6323529481887817,127.0,255.0,fixed,,,
24.0,binarize,custom cnn,threshold-220_max_value-220_method-adaptive_gaussian,0.1884057968854904,0.36764705882352944,13,13,single,6.0,18.0,0.03245307339562309,5,"{1: 10, 3: 64, 4: 58, 5: 4, 6: 68}",2.035386323928833,0.1941747516393661,0.5821354389190674,1.0,0.0048543689772486,2.132274389266968,0.1176470592617988,0.5132692456245422,0.0,0.0,0.6323529481887817,220.0,220.0,adaptive,,,
25.0,binarize,custom cnn,threshold-220_max_value-220_method-adaptive_mean,0.1764705926179886,0.39705882352941174,12,12,single,7.0,19.0,0.020517869128121285,4,"{1: 68, 3: 67, 4: 68, 5: 1}",2.0433757305145264,0.1844660192728042,0.5930813550949097,0.0,0.0,2.1810104846954346,0.1176470592617988,0.505561113357544,0.0,0.0,0.6323529481887817,220.0,220.0,adaptive,,,
27.0,binarize,custom cnn,threshold-220_max_value-220_method-fixed,0.1617647111415863,0.38235294117647056,10,10,single,9.0,21.0,0.005811987651719003,6,"{0: 6, 1: 62, 2: 1, 4: 19, 6: 49, 7: 67}",2.0856306552886963,0.1359223276376724,0.5203297734260559,0.0,0.0,2.083734035491944,0.1176470592617988,0.5020235776901245,0.0,0.0,0.6176470518112183,220.0,220.0,fixed,,,
28.0,binarize,custom cnn,threshold-220_max_value-255_method-adaptive_gaussian,0.159420296549797,0.38235294117647056,3,3,single,10.0,22.0,0.0034675730599297017,3,"{1: 68, 4: 68, 5: 68}",2.2043416500091557,0.1067961156368255,0.5155023336410522,0.0,0.0,2.1159818172454834,0.1323529481887817,0.5118635892868042,0.0,0.0,0.6323529481887817,220.0,255.0,adaptive,,,
25.0,binarize,custom cnn,threshold-220_max_value-255_method-adaptive_mean,0.1764705926179886,0.4117647058823529,8,8,single,7.0,19.0,0.020517869128121285,6,"{1: 28, 2: 35, 3: 68, 4: 68, 5: 4, 6: 1}",2.1111032962799072,0.1650485396385193,0.533157467842102,0.0,0.0,2.1633918285369877,0.1764705926179886,0.5154165029525757,0.0,0.0,0.6470588445663452,220.0,255.0,adaptive,,,
29.0,binarize,custom cnn,threshold-220_max_value-255_method-fixed,0.147058829665184,0.4117647058823529,10,10,single,11.0,23.0,-0.008893893824683308,6,"{0: 5, 1: 66, 2: 10, 4: 2, 5: 57, 6: 64}",2.080429553985596,0.1504854410886764,0.5529149770736694,0.0,0.0,2.0798635482788086,0.1323529481887817,0.5093610882759094,0.0,0.0,0.6323529481887817,220.0,255.0,fixed,,,
29.0,binarize,custom cnn,threshold-220_max_value-70_method-adaptive_gaussian,0.147058829665184,0.38235294117647056,15,15,single,11.0,23.0,-0.008893893824683308,3,"{1: 68, 3: 68, 4: 68}",2.0306782722473145,0.1844660192728042,0.5938556790351868,0.0,0.0,2.1652419567108154,0.1176470592617988,0.5106896162033081,0.0,0.0,0.6470588445663452,220.0,70.0,adaptive,,,
31.0,binarize,custom cnn,threshold-220_max_value-70_method-adaptive_mean,0.1323529481887817,0.38235294117647056,1,1,single,13.0,25.0,-0.02359977530108559,4,"{1: 68, 3: 65, 4: 68, 5: 3}",2.44102144241333,0.1310679614543914,0.5052027702331543,0.0399999991059303,0.0048543689772486,2.0811257362365723,0.1323529481887817,0.5094537734985352,0.0,0.0,0.6323529481887817,220.0,70.0,adaptive,,,
30.0,binarize,custom cnn,threshold-220_max_value-70_method-fixed,0.1449275314807891,0.38235294117647056,15,15,single,12.0,24.0,-0.0110251920090782,5,"{0: 2, 1: 66, 2: 1, 6: 67, 7: 68}",2.0753602981567383,0.1553398072719574,0.5500669479370117,0.0,0.0,2.0805485248565674,0.1176470592617988,0.5212709903717041,0.0,0.0,0.6323529481887817,220.0,70.0,fixed,,,
31.0,binarize,custom cnn,threshold-255_max_value-100_method-adaptive_mean,0.1323529481887817,0.39705882352941174,1,1,single,13.0,25.0,-0.02359977530108559,4,"{1: 68, 2: 66, 4: 68, 5: 2}",2.2563841342926025,0.1116504818201065,0.5087375640869141,0.0,0.0,2.082845687866211,0.1323529481887817,0.5010504126548767,0.0,0.0,0.6176470518112183,255.0,100.0,adaptive,,,
31.0,binarize,custom cnn,threshold-255_max_value-100_method-fixed,0.1323529481887817,0.36764705882352944,1,1,single,13.0,25.0,-0.02359977530108559,3,"{0: 68, 5: 68, 6: 68}",2.079473733901977,0.1019417494535446,0.5,0.0,0.0,2.079436779022217,0.1323529481887817,0.5,0.0,0.0,0.6323529481887817,255.0,100.0,fixed,,,
31.0,binarize,custom cnn,threshold-255_max_value-127_method-adaptive_gaussian,0.1323529481887817,0.4117647058823529,3,3,single,13.0,25.0,-0.02359977530108559,4,"{1: 53, 3: 15, 4: 68, 5: 68}",2.127164602279663,0.1456310749053955,0.5248980522155762,0.0,0.0,2.089432716369629,0.1323529481887817,0.5023788809776306,0.0,0.0,0.6176470518112183,255.0,127.0,adaptive,,,
29.0,binarize,custom cnn,threshold-255_max_value-127_method-adaptive_mean,0.147058829665184,0.38235294117647056,12,12,single,11.0,23.0,-0.008893893824683308,3,"{1: 68, 4: 68, 5: 68}",2.088596820831299,0.1553398072719574,0.5570237040519714,0.0,0.0,2.2223803997039795,0.1176470592617988,0.5224758982658386,0.0,0.0,0.6470588445663452,255.0,127.0,adaptive,,,
31.0,binarize,custom cnn,threshold-255_max_value-127_method-fixed,0.1323529481887817,0.36764705882352944,1,1,single,13.0,25.0,-0.02359977530108559,3,"{0: 68, 1: 68, 6: 68}",2.079481363296509,0.1019417494535446,0.5,0.0,0.0,2.079445600509644,0.1176470592617988,0.5,0.0,0.0,0.6176470518112183,255.0,127.0,fixed,,,
28.0,binarize,custom cnn,threshold-255_max_value-200_method-adaptive_gaussian,0.159420296549797,0.39705882352941174,15,15,single,10.0,22.0,0.0034675730599297017,4,"{2: 64, 3: 68, 4: 68, 5: 4}",2.036495447158813,0.1796116530895233,0.5978347063064575,0.0,0.0,2.155022144317627,0.1176470592617988,0.5234799981117249,0.0,0.0,0.6470588445663452,255.0,200.0,adaptive,,,
29.0,binarize,custom cnn,threshold-255_max_value-200_method-adaptive_mean,0.147058829665184,0.38235294117647056,15,15,single,11.0,23.0,-0.008893893824683308,3,"{3: 68, 4: 68, 5: 68}",2.0563900470733643,0.1553398072719574,0.5803781747817993,0.0,0.0,2.114742517471313,0.147058829665184,0.5120180249214172,0.0,0.0,0.6470588445663452,255.0,200.0,adaptive,,,
31.0,binarize,custom cnn,threshold-255_max_value-200_method-fixed,0.1323529481887817,0.36764705882352944,1,1,single,13.0,25.0,-0.02359977530108559,3,"{0: 68, 3: 68, 6: 68}",2.079485893249512,0.0873786434531211,0.5,0.0,0.0,2.079437494277954,0.1323529481887817,0.5,0.0,0.0,0.6323529481887817,255.0,200.0,fixed,,,
28.0,binarize,custom cnn,threshold-255_max_value-220_method-adaptive_gaussian,0.159420296549797,0.39705882352941174,7,7,single,10.0,22.0,0.0034675730599297017,4,"{1: 68, 3: 3, 4: 68, 5: 65}",2.1772055625915527,0.1067961156368255,0.4867784380912781,0.0,0.0,2.134624719619751,0.1176470592617988,0.5051748752593994,0.0,0.0,0.6323529481887817,255.0,220.0,adaptive,,,
26.0,binarize,custom cnn,threshold-255_max_value-220_method-adaptive_mean,0.1739130467176437,0.38235294117647056,13,13,single,8.0,20.0,0.01796032322777641,4,"{1: 67, 3: 3, 4: 68, 5: 66}",2.0207889080047607,0.2087378650903701,0.6017431616783142,0.0,0.0,2.1362972259521484,0.1176470592617988,0.517749011516571,0.0,0.0,0.6617646813392639,255.0,220.0,adaptive,,,
31.0,binarize,custom cnn,threshold-255_max_value-220_method-fixed,0.1323529481887817,0.36764705882352944,1,1,single,13.0,25.0,-0.02359977530108559,3,"{0: 68, 5: 68, 6: 68}",2.079496145248413,0.0922330096364021,0.5,0.0,0.0,2.079441547393799,0.1323529481887817,0.5,0.0,0.0,0.6323529481887817,255.0,220.0,fixed,,,
20.0,binarize,densenet,threshold-100_max_value-100_method-adaptive_gaussian,0.2173912972211837,0.39705882352941174,5,5,single,11.0,14.0,-0.00033327619171449885,8,"{0: 35, 1: 34, 2: 27, 3: 14, 4: 35, 5: 22, 6: 27, 7: 10}",2.6185965538024902,0.1407766938209533,0.5073068141937256,0.1090909093618393,0.029126213863492,2.1379714012146,0.1323529481887817,0.4913958311080932,0.0,0.0,0.6617646813392639,100.0,100.0,adaptive,,,
22.0,binarize,densenet,threshold-100_max_value-100_method-adaptive_mean,0.2028985470533371,0.39705882352941174,3,3,single,13.0,16.0,-0.014826026359561095,8,"{0: 22, 1: 9, 2: 49, 3: 44, 4: 16, 5: 18, 6: 20, 7: 26}",2.875219345092773,0.1262135952711105,0.4984986186027527,0.1230769231915474,0.0388349518179893,2.1534810066223145,0.1617647111415863,0.5180425047874451,0.0,0.0,0.6764705777168274,100.0,100.0,adaptive,,,
13.0,binarize,densenet,threshold-100_max_value-100_method-fixed,0.2647058963775635,0.4264705882352941,11,11,single,4.0,7.0,0.046981322964665284,8,"{0: 15, 1: 38, 2: 41, 3: 23, 4: 11, 5: 21, 6: 36, 7: 19}",2.3070056438446045,0.1504854410886764,0.5322384238243103,0.2000000029802322,0.0194174759089946,2.034557580947876,0.147058829665184,0.5903516411781311,0.0,0.0,0.6617646813392639,100.0,100.0,fixed,,,
19.0,binarize,densenet,threshold-100_max_value-127_method-adaptive_gaussian,0.2205882370471954,0.6029411764705882,11,11,single,10.0,13.0,0.0028636636342972144,8,"{0: 21, 1: 41, 2: 30, 3: 10, 4: 23, 5: 19, 6: 27, 7: 33}",2.345204591751098,0.1456310749053955,0.5154433846473694,0.2222222238779068,0.0194174759089946,2.0624537467956543,0.1323529481887817,0.5540193915367126,0.0,0.0,0.6617646813392639,100.0,127.0,adaptive,,,
19.0,binarize,densenet,threshold-100_max_value-127_method-adaptive_mean,0.2205882370471954,0.4264705882352941,3,3,single,10.0,13.0,0.0028636636342972144,8,"{0: 27, 1: 16, 2: 29, 3: 30, 4: 29, 5: 25, 6: 22, 7: 26}",3.013641834259033,0.116504855453968,0.5069010853767395,0.1445783078670501,0.058252427726984,2.193409204483032,0.1323529481887817,0.498208075761795,0.0,0.0,0.6029411554336548,100.0,127.0,adaptive,,,
16.0,binarize,densenet,threshold-100_max_value-127_method-fixed,0.2463768124580383,0.4117647058823529,1,1,single,7.0,10.0,0.02865223904514011,8,"{0: 11, 1: 43, 2: 37, 3: 39, 4: 14, 5: 21, 6: 30, 7: 9}",3.2696011066436768,0.097087375819683,0.4706381261348724,0.1000000014901161,0.0436893217265605,2.1735095977783203,0.147058829665184,0.4980072677135467,0.0,0.0,0.6029411554336548,100.0,127.0,fixed,,,
17.0,binarize,densenet,threshold-100_max_value-200_method-adaptive_gaussian,0.2352941185235977,0.35294117647058826,5,5,single,8.0,11.0,0.017569545110699497,8,"{0: 39, 1: 14, 2: 12, 3: 11, 4: 33, 5: 45, 6: 32, 7: 18}",2.6242592334747314,0.1747572869062423,0.5333561301231384,0.1578947305679321,0.0436893217265605,2.086594343185425,0.2352941185235977,0.5593950748443604,0.0,0.0,0.6617646813392639,100.0,200.0,adaptive,,,
16.0,binarize,densenet,threshold-100_max_value-200_method-adaptive_mean,0.2463768124580383,0.45588235294117646,3,3,single,7.0,10.0,0.02865223904514011,8,"{0: 37, 1: 24, 2: 34, 3: 44, 4: 6, 5: 21, 6: 28, 7: 10}",2.79908299446106,0.116504855453968,0.5068186521530151,0.2266666740179062,0.0825242698192596,2.1719114780426025,0.1323529481887817,0.4850315451622009,0.0,0.0,0.6323529481887817,100.0,200.0,adaptive,,,
17.0,binarize,densenet,threshold-100_max_value-200_method-fixed,0.2352941185235977,0.5735294117647058,6,6,single,8.0,11.0,0.017569545110699497,8,"{0: 11, 1: 20, 2: 16, 3: 16, 4: 28, 5: 25, 6: 48, 7: 40}",2.4118435382843018,0.1456310749053955,0.5546166896820068,0.1764705926179886,0.029126213863492,2.047349452972412,0.1911764740943908,0.5823498964309692,0.0,0.0,0.720588207244873,100.0,200.0,fixed,,,
21.0,binarize,densenet,threshold-100_max_value-220_method-adaptive_gaussian,0.2058823555707931,0.4411764705882353,9,9,single,12.0,15.0,-0.011842217842105096,7,"{0: 32, 1: 25, 2: 36, 3: 34, 4: 29, 5: 16, 6: 32}",2.405993938446045,0.1456310749053955,0.514635443687439,0.2380952388048172,0.0242718439549207,2.0808780193328857,0.2058823555707931,0.5188766717910767,0.0,0.0,0.6176470518112183,100.0,220.0,adaptive,,,
18.0,binarize,densenet,threshold-100_max_value-220_method-adaptive_mean,0.2318840622901916,0.36764705882352944,5,5,single,9.0,12.0,0.014159488877293402,8,"{0: 16, 1: 46, 2: 26, 3: 39, 4: 29, 5: 18, 6: 23, 7: 7}",2.7799413204193115,0.1504854410886764,0.4804461598396301,0.1960784345865249,0.0485436879098415,2.1318867206573486,0.1323529481887817,0.5030277371406555,0.0,0.0,0.5882353186607361,100.0,220.0,adaptive,,,
23.0,binarize,densenet,threshold-100_max_value-220_method-fixed,0.1911764740943908,0.4117647058823529,1,1,single,14.0,17.0,-0.02654809931850738,8,"{0: 18, 1: 22, 2: 16, 3: 23, 4: 21, 5: 40, 6: 34, 7: 30}",3.335480213165283,0.1359223276376724,0.4836089015007019,0.0980392172932624,0.0485436879098415,2.297715425491333,0.1617647111415863,0.4967251718044281,0.0,0.0,0.6029411554336548,100.0,220.0,fixed,,,
21.0,binarize,densenet,threshold-100_max_value-255_method-adaptive_gaussian,0.2058823555707931,0.4264705882352941,10,10,single,12.0,15.0,-0.011842217842105096,8,"{0: 38, 1: 25, 2: 35, 3: 33, 4: 13, 5: 34, 6: 15, 7: 11}",2.3607048988342285,0.1359223276376724,0.5289242267608643,0.0714285746216774,0.0048543689772486,2.108414888381958,0.1617647111415863,0.4978837072849273,0.0,0.0,0.6617646813392639,100.0,255.0,adaptive,,,
21.0,binarize,densenet,threshold-100_max_value-255_method-adaptive_mean,0.2058823555707931,0.4117647058823529,1,1,single,12.0,15.0,-0.011842217842105096,8,"{0: 46, 1: 15, 2: 25, 3: 10, 4: 16, 5: 32, 6: 23, 7: 37}",3.6653695106506343,0.116504855453968,0.4906009435653686,0.1370967775583267,0.0825242698192596,2.310582160949707,0.1176470592617988,0.4978528320789337,0.0,0.0,0.6029411554336548,100.0,255.0,adaptive,,,
23.0,binarize,densenet,threshold-100_max_value-255_method-fixed,0.1911764740943908,0.4852941176470588,10,10,single,14.0,17.0,-0.02654809931850738,8,"{0: 21, 1: 25, 2: 42, 3: 18, 4: 5, 5: 32, 6: 25, 7: 36}",2.2986793518066406,0.1553398072719574,0.542957067489624,0.1111111119389534,0.0097087379544973,2.0564842224121094,0.1911764740943908,0.5774530172348022,0.0,0.0,0.7352941036224365,100.0,255.0,fixed,,,
14.0,binarize,densenet,threshold-100_max_value-70_method-adaptive_gaussian,0.260869562625885,0.39705882352941174,13,13,single,5.0,8.0,0.04314498921298682,8,"{0: 25, 1: 37, 2: 10, 3: 20, 4: 45, 5: 17, 6: 27, 7: 23}",2.21785306930542,0.1699029058218002,0.5460710525512695,0.2727272808551788,0.014563106931746,2.080177068710327,0.1764705926179886,0.5139952898025513,0.0,0.0,0.5588235259056091,100.0,70.0,adaptive,,,
20.0,binarize,densenet,threshold-100_max_value-70_method-adaptive_mean,0.2173912972211837,0.3382352941176471,8,8,single,11.0,14.0,-0.00033327619171449885,8,"{0: 45, 1: 37, 2: 19, 3: 32, 4: 7, 5: 17, 6: 30, 7: 17}",2.337466239929199,0.1844660192728042,0.5491781830787659,0.2692307829856872,0.0339805819094181,2.146120548248291,0.0588235296308994,0.4219599664211273,0.0,0.0,0.5588235259056091,100.0,70.0,adaptive,,,
21.0,binarize,densenet,threshold-70_max_value-200_method-adaptive_gaussian,0.2058823555707931,0.47058823529411764,15,15,single,12.0,15.0,-0.011842217842105096,8,"{0: 21, 1: 14, 2: 47, 3: 29, 4: 17, 5: 34, 6: 14, 7: 28}",2.1599233150482178,0.1407766938209533,0.5550745725631714,0.0,0.0,2.0624356269836426,0.2058823555707931,0.550389289855957,0.0,0.0,0.6470588445663452,70.0,200.0,adaptive,,,
22.0,binarize,densenet,threshold-70_max_value-200_method-adaptive_mean,0.2028985470533371,0.3088235294117647,13,13,single,13.0,16.0,-0.014826026359561095,8,"{0: 37, 1: 15, 2: 14, 3: 42, 4: 9, 5: 35, 6: 39, 7: 13}",2.2840254306793213,0.1553398072719574,0.5345377326011658,0.0588235296308994,0.0048543689772486,2.107435464859009,0.1764705926179886,0.4622466564178467,0.0,0.0,0.5147058963775635,70.0,200.0,adaptive,,,
13.0,binarize,densenet,threshold-70_max_value-200_method-fixed,0.2647058963775635,0.4411764705882353,13,13,single,4.0,7.0,0.046981322964665284,8,"{0: 12, 1: 28, 2: 26, 3: 26, 4: 12, 5: 45, 6: 41, 7: 14}",2.176186800003052,0.1456310749053955,0.554924726486206,0.25,0.0048543689772486,2.050288200378418,0.2647058963775635,0.5875402092933655,0.0,0.0,0.6911764740943909,70.0,200.0,fixed,,,
18.0,binarize,densenet,threshold-70_max_value-220_method-adaptive_gaussian,0.2318840622901916,0.38235294117647056,3,3,single,9.0,12.0,0.014159488877293402,8,"{0: 36, 1: 24, 2: 23, 3: 23, 4: 22, 5: 32, 6: 18, 7: 26}",3.045837879180908,0.1504854410886764,0.5010351538658142,0.159090906381607,0.0679611638188362,2.2042598724365234,0.147058829665184,0.4626792073249817,0.0,0.0,0.5588235259056091,70.0,220.0,adaptive,,,
16.0,binarize,densenet,threshold-70_max_value-220_method-adaptive_mean,0.2463768124580383,0.3088235294117647,10,10,single,7.0,10.0,0.02865223904514011,8,"{0: 44, 1: 33, 2: 21, 3: 14, 4: 8, 5: 39, 6: 21, 7: 24}",2.379456043243408,0.1359223276376724,0.5214861631393433,0.0769230797886848,0.0097087379544973,2.140507459640503,0.1029411777853965,0.4098183512687683,0.0,0.0,0.4705882370471954,70.0,220.0,adaptive,,,
21.0,binarize,densenet,threshold-70_max_value-220_method-fixed,0.2058823555707931,0.39705882352941174,5,5,single,12.0,15.0,-0.011842217842105096,8,"{0: 19, 1: 30, 2: 47, 3: 19, 4: 27, 5: 9, 6: 44, 7: 9}",2.4094483852386475,0.1456310749053955,0.5501629114151001,0.2432432472705841,0.0436893217265605,2.1470630168914795,0.1323529481887817,0.481293261051178,0.0,0.0,0.6029411554336548,70.0,220.0,fixed,,,
22.0,binarize,densenet,threshold-70_max_value-255_method-adaptive_gaussian,0.2028985470533371,0.5294117647058824,10,10,single,13.0,16.0,-0.014826026359561095,8,"{0: 5, 1: 42, 2: 22, 3: 50, 4: 8, 5: 24, 6: 17, 7: 36}",2.3673338890075684,0.116504855453968,0.538037121295929,0.1034482792019844,0.014563106931746,2.0589306354522705,0.1323529481887817,0.5734212398529053,0.0,0.0,0.6911764740943909,70.0,255.0,adaptive,,,
22.0,binarize,densenet,threshold-70_max_value-255_method-adaptive_mean,0.2028985470533371,0.39705882352941174,3,3,single,13.0,16.0,-0.014826026359561095,8,"{0: 35, 1: 21, 2: 34, 3: 29, 4: 25, 5: 26, 6: 20, 7: 14}",2.745100975036621,0.1407766938209533,0.494718074798584,0.1194029822945594,0.0388349518179893,2.10656213760376,0.0882352963089943,0.5225685834884644,0.0,0.0,0.7058823704719543,70.0,255.0,adaptive,,,
12.0,binarize,densenet,threshold-70_max_value-255_method-fixed,0.2753623127937317,0.29411764705882354,14,14,single,3.0,6.0,0.0576377393808335,8,"{0: 13, 1: 54, 2: 24, 3: 30, 4: 14, 5: 14, 6: 26, 7: 29}",2.2186264991760254,0.1504854410886764,0.5529974102973938,0.125,0.0048543689772486,2.060586214065552,0.1029411777853965,0.5537722706794739,0.0,0.0,0.7352941036224365,70.0,255.0,fixed,,,
18.0,binarize,densenet,threshold-70_max_value-70_method-adaptive_gaussian,0.2318840622901916,0.35294117647058826,8,8,single,9.0,12.0,0.014159488877293402,8,"{0: 51, 1: 33, 2: 16, 3: 11, 4: 21, 5: 45, 6: 13, 7: 14}",2.3849003314971924,0.1359223276376724,0.5322434902191162,0.0555555559694767,0.0048543689772486,2.102301836013794,0.1029411777853965,0.5149530172348022,0.0,0.0,0.6911764740943909,70.0,70.0,adaptive,,,
20.0,binarize,densenet,threshold-70_max_value-70_method-adaptive_mean,0.2173912972211837,0.39705882352941174,14,14,single,11.0,14.0,-0.00033327619171449885,8,"{0: 30, 1: 14, 2: 25, 3: 29, 4: 18, 5: 27, 6: 44, 7: 17}",2.196445941925049,0.1456310749053955,0.5712316632270813,0.2307692319154739,0.014563106931746,2.121212244033813,0.1323529481887817,0.4426903128623962,0.0,0.0,0.5441176295280457,70.0,70.0,adaptive,,,
20.0,binarize,densenet,threshold-70_max_value-70_method-fixed,0.2173912972211837,0.4264705882352941,9,9,single,11.0,14.0,-0.00033327619171449885,8,"{0: 25, 1: 49, 2: 4, 3: 51, 4: 5, 5: 25, 6: 8, 7: 37}",2.2995927333831787,0.1747572869062423,0.5456266403198242,0.125,0.0097087379544973,2.091654062271118,0.1176470592617988,0.5362703800201416,0.0,0.0,0.7058823704719543,70.0,70.0,fixed,,,
18.0,binarize,densenet,threshold-127_max_value-70_method-adaptive_mean,0.2318840622901916,0.3235294117647059,6,6,single,9.0,12.0,0.014159488877293402,8,"{0: 30, 1: 15, 2: 37, 3: 42, 4: 16, 5: 21, 6: 28, 7: 15}",2.8261287212371826,0.1359223276376724,0.4864384233951568,0.1754385977983474,0.0485436879098415,2.152449131011963,0.1323529481887817,0.4852632582187652,0.0,0.0,0.5882353186607361,127.0,70.0,adaptive,,,
20.0,binarize,densenet,threshold-127_max_value-70_method-fixed,0.2173912972211837,0.4264705882352941,15,15,single,11.0,14.0,-0.00033327619171449885,8,"{0: 28, 1: 25, 2: 38, 3: 16, 4: 18, 5: 31, 6: 27, 7: 21}",2.12956976890564,0.1553398072719574,0.5726791620254517,0.2857142984867096,0.0097087379544973,2.0714633464813232,0.1323529481887817,0.5400859117507935,0.0,0.0,0.6617646813392639,127.0,70.0,fixed,,,
24.0,binarize,densenet,threshold-200_max_value-100_method-adaptive_gaussian,0.1884057968854904,0.35294117647058826,11,11,single,15.0,18.0,-0.029318776527407803,8,"{0: 22, 1: 20, 2: 21, 3: 31, 4: 27, 5: 13, 6: 46, 7: 24}",2.315270185470581,0.1310679614543914,0.5082964897155762,0.1428571492433548,0.0048543689772486,2.095280408859253,0.1029411777853965,0.4793005287647247,0.0,0.0,0.5735294222831726,200.0,100.0,adaptive,,,
22.0,binarize,densenet,threshold-200_max_value-100_method-adaptive_mean,0.2028985470533371,0.3088235294117647,4,4,single,13.0,16.0,-0.014826026359561095,8,"{0: 23, 1: 11, 2: 13, 3: 26, 4: 28, 5: 34, 6: 40, 7: 29}",2.625586748123169,0.1310679614543914,0.5163220167160034,0.1458333283662796,0.0339805819094181,2.156403064727783,0.1176470592617988,0.4856648445129394,0.0,0.0,0.6323529481887817,200.0,100.0,adaptive,,,
18.0,binarize,densenet,threshold-200_max_value-100_method-fixed,0.2318840622901916,0.4117647058823529,13,13,single,9.0,12.0,0.014159488877293402,8,"{0: 28, 1: 30, 2: 14, 3: 11, 4: 17, 5: 35, 6: 38, 7: 31}",2.1321709156036377,0.1456310749053955,0.5696813464164734,0.0,0.0,2.077944040298462,0.1764705926179886,0.5365484356880188,0.0,0.0,0.7058823704719543,200.0,100.0,fixed,,,
18.0,binarize,densenet,threshold-200_max_value-127_method-adaptive_gaussian,0.2318840622901916,0.25,4,4,single,9.0,12.0,0.014159488877293402,8,"{0: 29, 1: 20, 2: 18, 3: 40, 4: 3, 5: 30, 6: 47, 7: 17}",2.912272930145264,0.1310679614543914,0.4748999774456024,0.0985915511846542,0.0339805819094181,2.208307981491089,0.1176470592617988,0.4470773339271545,0.0,0.0,0.5735294222831726,200.0,127.0,adaptive,,,
21.0,binarize,densenet,threshold-200_max_value-127_method-adaptive_mean,0.2058823555707931,0.4411764705882353,10,10,single,12.0,15.0,-0.011842217842105096,8,"{0: 31, 1: 30, 2: 18, 3: 18, 4: 23, 5: 34, 6: 25, 7: 25}",2.2526423931121826,0.1601941734552383,0.5584157109260559,0.3000000119209289,0.029126213863492,2.0964467525482178,0.0882352963089943,0.52369624376297,0.0,0.0,0.7352941036224365,200.0,127.0,adaptive,,,
13.0,binarize,densenet,threshold-200_max_value-127_method-fixed,0.2647058963775635,0.4411764705882353,4,4,single,4.0,7.0,0.046981322964665284,8,"{0: 27, 1: 37, 2: 15, 3: 5, 4: 25, 5: 37, 6: 34, 7: 24}",2.351017475128174,0.1213592216372489,0.5152616500854492,0.0555555559694767,0.0048543689772486,2.0772953033447266,0.2058823555707931,0.5389427542686462,0.0,0.0,0.6617646813392639,200.0,127.0,fixed,,,
19.0,binarize,densenet,threshold-200_max_value-200_method-adaptive_gaussian,0.2205882370471954,0.3382352941176471,14,14,single,10.0,13.0,0.0028636636342972144,8,"{0: 23, 1: 21, 2: 27, 3: 23, 4: 30, 5: 29, 6: 30, 7: 21}",2.259084939956665,0.1310679614543914,0.5166637897491455,0.0,0.0,2.0927650928497314,0.1323529481887817,0.4604393541812897,0.0,0.0,0.5441176295280457,200.0,200.0,adaptive,,,
21.0,binarize,densenet,threshold-200_max_value-200_method-adaptive_mean,0.2058823555707931,0.27941176470588236,6,6,single,12.0,15.0,-0.011842217842105096,8,"{0: 18, 1: 16, 2: 46, 3: 33, 4: 24, 5: 18, 6: 17, 7: 32}",2.590273857116699,0.116504855453968,0.5206210017204285,0.1627907007932663,0.0339805819094181,2.1149256229400635,0.1617647111415863,0.5257198810577393,0.0,0.0,0.6176470518112183,200.0,200.0,adaptive,,,
17.0,binarize,densenet,threshold-200_max_value-200_method-fixed,0.2352941185235977,0.4411764705882353,13,13,single,8.0,11.0,0.017569545110699497,8,"{0: 28, 1: 37, 2: 21, 3: 12, 4: 6, 5: 49, 6: 39, 7: 12}",2.20024847984314,0.1601941734552383,0.5411593914031982,0.1666666716337204,0.0097087379544973,2.099449872970581,0.147058829665184,0.529411792755127,0.0,0.0,0.6176470518112183,200.0,200.0,fixed,,,
21.0,binarize,densenet,threshold-200_max_value-220_method-adaptive_gaussian,0.2058823555707931,0.39705882352941174,3,3,single,12.0,15.0,-0.011842217842105096,8,"{0: 42, 1: 5, 2: 37, 3: 13, 4: 23, 5: 38, 6: 34, 7: 12}",3.049349308013916,0.1407766938209533,0.4960578978061676,0.1190476194024086,0.0485436879098415,2.150395393371582,0.1029411777853965,0.4892950356006622,0.0,0.0,0.6323529481887817,200.0,220.0,adaptive,,,
14.0,binarize,densenet,threshold-200_max_value-220_method-adaptive_mean,0.260869562625885,0.36764705882352944,13,13,single,5.0,8.0,0.04314498921298682,8,"{0: 13, 1: 37, 2: 45, 3: 25, 4: 7, 5: 24, 6: 36, 7: 17}",2.1803739070892334,0.1796116530895233,0.5750996470451355,0.2727272808551788,0.014563106931746,2.096363067626953,0.1176470592617988,0.5078626871109009,0.0,0.0,0.6029411554336548,200.0,220.0,adaptive,,,
21.0,binarize,densenet,threshold-200_max_value-220_method-fixed,0.2058823555707931,0.35294117647058826,12,12,single,12.0,15.0,-0.011842217842105096,8,"{0: 30, 1: 40, 2: 29, 3: 18, 4: 6, 5: 40, 6: 35, 7: 6}",2.1860570907592773,0.1359223276376724,0.556153416633606,0.2222222238779068,0.0097087379544973,2.085461139678955,0.1323529481887817,0.5374598503112793,0.0,0.0,0.6764705777168274,200.0,220.0,fixed,,,
17.0,binarize,densenet,threshold-200_max_value-255_method-adaptive_gaussian,0.2352941185235977,0.4117647058823529,4,4,single,8.0,11.0,0.017569545110699497,8,"{0: 22, 1: 20, 2: 21, 3: 22, 4: 25, 5: 28, 6: 42, 7: 24}",2.661816358566284,0.1601941734552383,0.5354180335998535,0.1384615451097488,0.0436893217265605,2.057122230529785,0.2352941185235977,0.5656821727752686,0.0,0.0,0.6764705777168274,200.0,255.0,adaptive,,,
16.0,binarize,densenet,threshold-200_max_value-255_method-adaptive_mean,0.2463768124580383,0.4264705882352941,1,1,single,7.0,10.0,0.02865223904514011,8,"{0: 28, 1: 35, 2: 27, 3: 30, 4: 24, 5: 29, 6: 17, 7: 14}",3.1228187084198,0.1310679614543914,0.5099595785140991,0.1086956486105918,0.0485436879098415,2.1752264499664307,0.147058829665184,0.5338451862335205,0.0,0.0,0.6323529481887817,200.0,255.0,adaptive,,,
19.0,binarize,densenet,threshold-100_max_value-70_method-fixed,0.2205882370471954,0.4411764705882353,13,13,single,10.0,13.0,0.0028636636342972144,8,"{0: 40, 1: 29, 2: 24, 3: 23, 4: 14, 5: 19, 6: 37, 7: 18}",2.1718766689300537,0.1699029058218002,0.5567358732223511,0.0,0.0,2.0439627170562744,0.1911764740943908,0.6055827140808105,0.0,0.0,0.6911764740943909,100.0,70.0,fixed,,,
26.0,binarize,densenet,threshold-127_max_value-70_method-adaptive_gaussian,0.1739130467176437,0.38235294117647056,14,14,single,17.0,20.0,-0.04381152669525448,8,"{0: 24, 1: 9, 2: 23, 3: 10, 4: 31, 5: 37, 6: 44, 7: 26}",2.1375129222869877,0.2038834989070892,0.5907686352729797,0.2857142984867096,0.0194174759089946,2.089007616043091,0.1323529481887817,0.4984707236289978,0.0,0.0,0.6617646813392639,127.0,70.0,adaptive,,,
19.0,binarize,densenet,threshold-200_max_value-255_method-fixed,0.2205882370471954,0.4117647058823529,6,6,single,10.0,13.0,0.0028636636342972144,7,"{0: 15, 1: 35, 2: 7, 3: 20, 4: 26, 6: 37, 7: 64}",2.289320945739746,0.1553398072719574,0.5386767387390137,0.1363636404275894,0.014563106931746,2.103749990463257,0.1176470592617988,0.5219352841377258,0.0,0.0,0.6617646813392639,200.0,255.0,fixed,,,
24.0,binarize,densenet,threshold-220_max_value-200_method-fixed,0.1884057968854904,0.36764705882352944,3,3,single,15.0,18.0,-0.029318776527407803,8,"{0: 21, 1: 5, 2: 7, 3: 9, 4: 12, 5: 51, 6: 42, 7: 57}",2.288776636123657,0.1553398072719574,0.5360845327377319,0.0769230797886848,0.0048543689772486,2.0700876712799072,0.1323529481887817,0.5512233972549438,0.0,0.0,0.6911764740943909,220.0,200.0,fixed,,,
22.0,binarize,densenet,threshold-255_max_value-100_method-adaptive_gaussian,0.2028985470533371,0.35294117647058826,10,10,single,13.0,16.0,-0.014826026359561095,8,"{0: 44, 1: 43, 2: 30, 3: 23, 4: 25, 5: 10, 6: 6, 7: 23}",2.3448808193206787,0.1310679614543914,0.5327029824256897,0.095238097012043,0.0097087379544973,2.083599805831909,0.147058829665184,0.5165595412254333,0.0,0.0,0.6323529481887817,255.0,100.0,adaptive,,,
19.0,binarize,densenet,threshold-255_max_value-255_method-adaptive_gaussian,0.2205882370471954,0.45588235294117646,11,11,single,10.0,13.0,0.0028636636342972144,8,"{0: 3, 1: 45, 2: 27, 3: 33, 4: 8, 5: 26, 6: 28, 7: 34}",2.265740871429444,0.1407766938209533,0.5318900346755981,0.2307692319154739,0.014563106931746,2.0868382453918457,0.2205882370471954,0.5157099962234497,0.0,0.0,0.6176470518112183,255.0,255.0,adaptive,,,
22.0,binarize,densenet,threshold-70_max_value-127_method-fixed,0.2028985470533371,0.39705882352941174,3,3,single,13.0,16.0,-0.014826026359561095,8,"{0: 24, 1: 26, 2: 18, 3: 47, 4: 14, 5: 45, 6: 24, 7: 6}",2.899014472961426,0.1407766938209533,0.508022129535675,0.1025641039013862,0.0388349518179893,2.1782338619232178,0.1617647111415863,0.4973121583461761,0.0,0.0,0.6029411554336548,70.0,127.0,fixed,,,
23.0,binarize,densenet,threshold-200_max_value-70_method-adaptive_gaussian,0.1911764740943908,0.47058823529411764,7,7,single,14.0,17.0,-0.02654809931850738,8,"{0: 23, 1: 49, 2: 25, 3: 28, 4: 26, 5: 13, 6: 17, 7: 23}",2.5671510696411133,0.1359223276376724,0.4955462515354156,0.1388888955116272,0.0242718439549207,2.0696797370910645,0.1911764740943908,0.5563673973083496,0.0,0.0,0.6323529481887817,200.0,70.0,adaptive,,,
18.0,binarize,densenet,threshold-200_max_value-70_method-adaptive_mean,0.2318840622901916,0.47058823529411764,8,8,single,9.0,12.0,0.014159488877293402,8,"{0: 25, 1: 22, 2: 19, 3: 50, 4: 14, 5: 39, 6: 29, 7: 6}",2.352971315383911,0.1456310749053955,0.5377728343009949,0.1199999973177909,0.014563106931746,2.0625760555267334,0.1176470592617988,0.5639365911483765,0.0,0.0,0.7647058963775635,200.0,70.0,adaptive,,,
17.0,binarize,densenet,threshold-200_max_value-70_method-fixed,0.2352941185235977,0.45588235294117646,9,9,single,8.0,11.0,0.017569545110699497,8,"{0: 28, 1: 50, 2: 22, 3: 23, 4: 2, 5: 37, 6: 35, 7: 7}",2.265469551086426,0.1844660192728042,0.5191346406936646,0.0,0.0,2.049182891845703,0.2352941185235977,0.578935980796814,0.0,0.0,0.6911764740943909,200.0,70.0,fixed,,,
19.0,binarize,densenet,threshold-220_max_value-100_method-adaptive_gaussian,0.2205882370471954,0.39705882352941174,15,15,single,10.0,13.0,0.0028636636342972144,8,"{0: 26, 1: 24, 2: 9, 3: 41, 4: 32, 5: 12, 6: 39, 7: 21}",2.17185378074646,0.1699029058218002,0.559161365032196,0.375,0.014563106931746,2.081984758377075,0.2205882370471954,0.5330109596252441,0.0,0.0,0.6323529481887817,220.0,100.0,adaptive,,,
20.0,binarize,densenet,threshold-220_max_value-100_method-adaptive_mean,0.2173912972211837,0.4411764705882353,12,12,single,11.0,14.0,-0.00033327619171449885,8,"{0: 35, 1: 30, 2: 22, 3: 30, 4: 28, 5: 22, 6: 30, 7: 7}",2.1979551315307617,0.1844660192728042,0.5681715607643127,0.1333333402872085,0.0097087379544973,2.058821201324463,0.1323529481887817,0.5747960805892944,0.0,0.0,0.75,220.0,100.0,adaptive,,,
19.0,binarize,densenet,threshold-220_max_value-100_method-fixed,0.2205882370471954,0.45588235294117646,12,12,single,10.0,13.0,0.0028636636342972144,7,"{0: 23, 1: 47, 2: 11, 3: 10, 4: 5, 5: 49, 7: 59}",2.171759843826294,0.1699029058218002,0.5305451154708862,0.5,0.0048543689772486,2.0586516857147217,0.2205882370471954,0.5578039884567261,0.0,0.0,0.7058823704719543,220.0,100.0,fixed,,,
22.0,binarize,densenet,threshold-220_max_value-127_method-adaptive_gaussian,0.2028985470533371,0.3235294117647059,5,5,single,13.0,16.0,-0.014826026359561095,8,"{0: 18, 1: 24, 2: 8, 3: 17, 4: 16, 5: 16, 6: 52, 7: 53}",2.493070363998413,0.1699029058218002,0.5585721731185913,0.1833333373069763,0.0533980578184127,2.1401376724243164,0.0882352963089943,0.4720557332038879,0.0,0.0,0.5441176295280457,220.0,127.0,adaptive,,,
22.0,binarize,densenet,threshold-220_max_value-127_method-adaptive_mean,0.2028985470533371,0.38235294117647056,10,10,single,13.0,16.0,-0.014826026359561095,8,"{0: 22, 1: 15, 2: 29, 3: 30, 4: 22, 5: 32, 6: 28, 7: 26}",2.2879021167755127,0.1796116530895233,0.5416088700294495,0.2857142984867096,0.0097087379544973,2.0919313430786133,0.147058829665184,0.4791151583194732,0.0,0.0,0.5735294222831726,220.0,127.0,adaptive,,,
26.0,binarize,densenet,threshold-220_max_value-127_method-fixed,0.1739130467176437,0.38235294117647056,4,4,single,17.0,20.0,-0.04381152669525448,8,"{0: 16, 1: 2, 2: 66, 3: 13, 4: 52, 5: 6, 6: 1, 7: 48}",2.336409568786621,0.1407766938209533,0.5198550820350647,0.1538461595773697,0.0097087379544973,2.090350389480591,0.1176470592617988,0.4978218972682953,0.0,0.0,0.6029411554336548,220.0,127.0,fixed,,,
18.0,binarize,densenet,threshold-220_max_value-200_method-adaptive_gaussian,0.2318840622901916,0.3235294117647059,8,8,single,9.0,12.0,0.014159488877293402,8,"{0: 50, 1: 24, 2: 5, 3: 13, 4: 31, 5: 28, 6: 31, 7: 22}",2.4653048515319824,0.1116504818201065,0.5094090700149536,0.1379310339689254,0.0194174759089946,2.130497455596924,0.0882352963089943,0.4713760614395141,0.0,0.0,0.6029411554336548,220.0,200.0,adaptive,,,
20.0,binarize,densenet,threshold-220_max_value-200_method-adaptive_mean,0.2173912972211837,0.4264705882352941,10,10,single,11.0,14.0,-0.00033327619171449885,8,"{0: 38, 1: 27, 2: 34, 3: 38, 4: 14, 5: 14, 6: 11, 7: 28}",2.459728956222534,0.116504855453968,0.5203179717063904,0.1199999973177909,0.014563106931746,2.101959228515625,0.0882352963089943,0.5052211880683899,0.0,0.0,0.6176470518112183,220.0,200.0,adaptive,,,
17.0,binarize,densenet,threshold-255_max_value-255_method-adaptive_mean,0.2352941185235977,0.39705882352941174,3,3,single,8.0,11.0,0.017569545110699497,8,"{0: 12, 1: 20, 2: 34, 3: 30, 4: 16, 5: 29, 6: 37, 7: 26}",2.862102508544922,0.1067961156368255,0.4990338683128357,0.140625,0.0436893217265605,2.1946420669555664,0.1176470592617988,0.4566238522529602,0.0,0.0,0.5735294222831726,255.0,255.0,adaptive,,,
31.0,binarize,densenet,threshold-255_max_value-255_method-fixed,0.1323529481887817,0.36764705882352944,1,1,single,20.0,25.0,-0.08537162522411648,3,"{0: 68, 5: 68, 6: 68}",2.362253904342652,0.1213592216372489,0.4901195764541626,0.0,0.0,2.089235305786133,0.1323529481887817,0.5126050710678101,0.0,0.0,0.6470588445663452,255.0,255.0,fixed,,,
25.0,binarize,densenet,threshold-255_max_value-70_method-adaptive_gaussian,0.1764705926179886,0.4117647058823529,3,3,single,16.0,19.0,-0.041253980794909606,8,"{0: 39, 1: 33, 2: 16, 3: 27, 4: 26, 5: 22, 6: 22, 7: 19}",2.920558214187622,0.116504855453968,0.5094966292381287,0.0909090936183929,0.0388349518179893,2.2335591316223145,0.0441176481544971,0.4434935450553894,0.0,0.0,0.5882353186607361,255.0,70.0,adaptive,,,
19.0,binarize,densenet,threshold-255_max_value-70_method-adaptive_mean,0.2205882370471954,0.4852941176470588,10,10,single,10.0,13.0,0.0028636636342972144,8,"{0: 20, 1: 18, 2: 21, 3: 47, 4: 35, 5: 17, 6: 14, 7: 32}",2.306842803955078,0.1747572869062423,0.5322906374931335,0.2000000029802322,0.0097087379544973,2.079572916030884,0.2205882370471954,0.5348647236824036,0.0,0.0,0.6029411554336548,255.0,70.0,adaptive,,,
31.0,binarize,densenet,threshold-255_max_value-70_method-fixed,0.1323529481887817,0.39705882352941174,2,2,single,20.0,25.0,-0.08537162522411648,3,"{1: 68, 3: 68, 5: 68}",2.323573112487793,0.1067961156368255,0.5184378623962402,0.0833333358168602,0.0048543689772486,2.085975646972656,0.1323529481887817,0.5105041861534119,0.0,0.0,0.6323529481887817,255.0,70.0,fixed,,,
23.0,binarize,densenet,threshold-70_max_value-100_method-adaptive_gaussian,0.1911764740943908,0.4117647058823529,4,4,single,14.0,17.0,-0.02654809931850738,8,"{0: 13, 1: 23, 2: 23, 3: 26, 4: 20, 5: 53, 6: 29, 7: 17}",2.638909816741944,0.1650485396385193,0.5316661596298218,0.1607142835855484,0.0436893217265605,2.1528377532958984,0.1911764740943908,0.4636523723602295,0.0,0.0,0.5588235259056091,70.0,100.0,adaptive,,,
17.0,binarize,densenet,threshold-70_max_value-100_method-adaptive_mean,0.2352941185235977,0.4411764705882353,13,13,single,8.0,11.0,0.017569545110699497,8,"{0: 41, 1: 4, 2: 27, 3: 34, 4: 18, 5: 26, 6: 27, 7: 27}",2.191911220550537,0.1456310749053955,0.5656248331069946,0.2857142984867096,0.0194174759089946,2.0750412940979004,0.1764705926179886,0.5349573493003845,0.0,0.0,0.6764705777168274,70.0,100.0,adaptive,,,
20.0,binarize,densenet,threshold-70_max_value-100_method-fixed,0.2173912972211837,0.3088235294117647,11,11,single,11.0,14.0,-0.00033327619171449885,8,"{0: 43, 1: 32, 2: 45, 3: 23, 4: 26, 5: 6, 6: 15, 7: 14}",2.2308290004730225,0.1359223276376724,0.5447766780853271,0.5,0.014563106931746,2.0904524326324463,0.073529414832592,0.530585765838623,0.0,0.0,0.6617646813392639,70.0,100.0,fixed,,,
17.0,binarize,densenet,threshold-70_max_value-127_method-adaptive_gaussian,0.2352941185235977,0.3235294117647059,2,2,single,8.0,11.0,0.017569545110699497,8,"{0: 34, 1: 9, 2: 13, 3: 41, 4: 20, 5: 47, 6: 35, 7: 5}",2.916082859039306,0.1407766938209533,0.515832245349884,0.1204819306731224,0.0485436879098415,2.1316351890563965,0.2352941185235977,0.5195254683494568,0.0,0.0,0.6323529481887817,70.0,127.0,adaptive,,,
22.0,binarize,densenet,threshold-70_max_value-127_method-adaptive_mean,0.2028985470533371,0.35294117647058826,3,3,single,13.0,16.0,-0.014826026359561095,8,"{0: 13, 1: 11, 2: 42, 3: 54, 4: 1, 5: 52, 6: 27, 7: 4}",3.0634377002716064,0.1407766938209533,0.5081685781478882,0.1348314583301544,0.058252427726984,2.1678974628448486,0.0882352963089943,0.5271409749984741,0.0,0.0,0.6617646813392639,70.0,127.0,adaptive,,,
21.0,binarize,densenet,threshold-127_max_value-100_method-adaptive_gaussian,0.2058823555707931,0.3088235294117647,4,4,single,12.0,15.0,-0.011842217842105096,8,"{0: 11, 1: 34, 2: 46, 3: 27, 4: 5, 5: 25, 6: 18, 7: 38}",2.654815673828125,0.1456310749053955,0.5553725361824036,0.1506849378347396,0.0533980578184127,2.132810115814209,0.2058823555707931,0.5045415163040161,0.0,0.0,0.6176470518112183,127.0,100.0,adaptive,,,
16.0,binarize,densenet,threshold-127_max_value-100_method-adaptive_mean,0.2463768124580383,0.36764705882352944,10,10,single,7.0,10.0,0.02865223904514011,8,"{0: 24, 1: 9, 2: 54, 3: 36, 4: 12, 5: 6, 6: 41, 7: 22}",2.2274773120880127,0.1601941734552383,0.578508198261261,0.4000000059604645,0.0388349518179893,2.122852087020874,0.1176470592617988,0.4667727649211883,0.0,0.0,0.6176470518112183,127.0,100.0,adaptive,,,
23.0,binarize,densenet,threshold-127_max_value-100_method-fixed,0.1911764740943908,0.4411764705882353,1,1,single,14.0,17.0,-0.02654809931850738,8,"{0: 15, 1: 25, 2: 28, 3: 35, 4: 6, 5: 42, 6: 22, 7: 31}",3.001168966293335,0.1067961156368255,0.4880677163600921,0.1159420311450958,0.0388349518179893,2.17102575302124,0.0882352963089943,0.5198807716369629,0.0,0.0,0.5882353186607361,127.0,100.0,fixed,,,
13.0,binarize,densenet,threshold-127_max_value-127_method-adaptive_gaussian,0.2647058963775635,0.39705882352941174,10,10,single,4.0,7.0,0.046981322964665284,8,"{0: 20, 1: 20, 2: 44, 3: 11, 4: 13, 5: 21, 6: 41, 7: 34}",2.4024219512939453,0.1650485396385193,0.51325523853302,0.0625,0.0048543689772486,2.069264411926269,0.1764705926179886,0.5304467678070068,0.0,0.0,0.6470588445663452,127.0,127.0,adaptive,,,
19.0,binarize,densenet,threshold-127_max_value-127_method-adaptive_mean,0.2205882370471954,0.45588235294117646,11,11,single,10.0,13.0,0.0028636636342972144,8,"{0: 30, 1: 21, 2: 11, 3: 38, 4: 19, 5: 26, 6: 37, 7: 22}",2.338663339614868,0.0922330096364021,0.5245226621627808,0.0833333358168602,0.0048543689772486,2.06745719909668,0.2205882370471954,0.5457396507263184,0.0,0.0,0.6617646813392639,127.0,127.0,adaptive,,,
17.0,binarize,densenet,threshold-127_max_value-127_method-fixed,0.2352941185235977,0.4852941176470588,13,13,single,8.0,11.0,0.017569545110699497,8,"{0: 23, 1: 33, 2: 36, 3: 24, 4: 35, 5: 17, 6: 27, 7: 9}",2.2048943042755127,0.218446597456932,0.558067262172699,0.0,0.0,2.0511598587036133,0.2058823555707931,0.5674276947975159,0.0,0.0,0.720588207244873,127.0,127.0,fixed,,,
20.0,binarize,densenet,threshold-127_max_value-200_method-adaptive_gaussian,0.2173912972211837,0.4117647058823529,14,14,single,11.0,14.0,-0.00033327619171449885,8,"{0: 31, 1: 29, 2: 37, 3: 32, 4: 26, 5: 21, 6: 22, 7: 6}",2.25782322883606,0.1747572869062423,0.5517670512199402,0.1875,0.014563106931746,2.069669723510742,0.1323529481887817,0.5470989942550659,0.0,0.0,0.75,127.0,200.0,adaptive,,,
18.0,binarize,densenet,threshold-127_max_value-200_method-adaptive_mean,0.2318840622901916,0.45588235294117646,5,5,single,9.0,12.0,0.014159488877293402,8,"{0: 25, 1: 4, 2: 36, 3: 22, 4: 27, 5: 39, 6: 28, 7: 23}",2.79703950881958,0.1359223276376724,0.5096616744995117,0.1694915294647216,0.0485436879098415,2.1733992099761963,0.1029411777853965,0.5049894452095032,0.0,0.0,0.7058823704719543,127.0,200.0,adaptive,,,
20.0,binarize,densenet,threshold-127_max_value-200_method-fixed,0.2173912972211837,0.3382352941176471,13,13,single,11.0,14.0,-0.00033327619171449885,8,"{0: 13, 1: 16, 2: 38, 3: 29, 4: 40, 5: 39, 6: 23, 7: 6}",2.137451648712158,0.1504854410886764,0.5951601266860962,0.0,0.0,2.062812328338623,0.1911764740943908,0.5255190134048462,0.0,0.0,0.5882353186607361,127.0,200.0,fixed,,,
17.0,binarize,densenet,threshold-127_max_value-220_method-adaptive_gaussian,0.2352941185235977,0.29411764705882354,7,7,single,8.0,11.0,0.017569545110699497,8,"{0: 35, 1: 47, 2: 12, 3: 32, 4: 17, 5: 17, 6: 22, 7: 22}",2.3095760345458984,0.1747572869062423,0.5766667127609253,0.2068965584039688,0.029126213863492,2.1569738388061523,0.0588235296308994,0.4688890278339386,0.0,0.0,0.6470588445663452,127.0,220.0,adaptive,,,
19.0,binarize,densenet,threshold-127_max_value-220_method-adaptive_mean,0.2205882370471954,0.36764705882352944,1,1,single,10.0,13.0,0.0028636636342972144,8,"{0: 41, 1: 37, 2: 19, 3: 33, 4: 12, 5: 25, 6: 14, 7: 23}",3.365107536315918,0.097087375819683,0.4759503304958343,0.0900000035762786,0.0436893217265605,2.234691858291626,0.1764705926179886,0.4925543963909149,0.0,0.0,0.6617646813392639,127.0,220.0,adaptive,,,
20.0,binarize,densenet,threshold-127_max_value-220_method-fixed,0.2173912972211837,0.3088235294117647,12,12,single,11.0,14.0,-0.00033327619171449885,8,"{0: 34, 1: 16, 2: 21, 3: 21, 4: 29, 5: 30, 6: 31, 7: 22}",2.23837685585022,0.1650485396385193,0.5688650608062744,0.3333333432674408,0.029126213863492,2.1056876182556152,0.1176470592617988,0.519000232219696,0.0,0.0,0.6470588445663452,127.0,220.0,fixed,,,
22.0,binarize,densenet,threshold-127_max_value-255_method-adaptive_gaussian,0.2028985470533371,0.3088235294117647,6,6,single,13.0,16.0,-0.014826026359561095,8,"{0: 34, 1: 36, 2: 28, 3: 25, 4: 42, 5: 8, 6: 3, 7: 28}",2.854708194732666,0.1650485396385193,0.4950295090675354,0.1641791015863418,0.0533980578184127,2.140061855316162,0.1029411777853965,0.5052675604820251,0.0,0.0,0.6176470518112183,127.0,255.0,adaptive,,,
18.0,binarize,densenet,threshold-127_max_value-255_method-adaptive_mean,0.2318840622901916,0.35294117647058826,8,8,single,9.0,12.0,0.014159488877293402,8,"{0: 55, 1: 15, 2: 16, 3: 60, 4: 19, 5: 10, 6: 25, 7: 4}",2.338926076889038,0.1601941734552383,0.5717146992683411,0.1034482792019844,0.014563106931746,2.103013277053833,0.1323529481887817,0.5160806775093079,0.0,0.0,0.6470588445663452,127.0,255.0,adaptive,,,
17.0,binarize,densenet,threshold-127_max_value-255_method-fixed,0.2352941185235977,0.38235294117647056,10,10,single,8.0,11.0,0.017569545110699497,8,"{0: 43, 1: 14, 2: 30, 3: 20, 4: 12, 5: 42, 6: 16, 7: 27}",2.297217845916748,0.1601941734552383,0.5472291111946106,0.0454545468091964,0.0048543689772486,2.101825714111328,0.1029411777853965,0.5209929943084717,0.0,0.0,0.5735294222831726,127.0,255.0,fixed,,,
21.0,binarize,densenet,threshold-220_max_value-220_method-adaptive_gaussian,0.2058823555707931,0.29411764705882354,3,3,single,12.0,15.0,-0.011842217842105096,8,"{0: 23, 1: 21, 2: 12, 3: 26, 4: 31, 5: 37, 6: 22, 7: 32}",2.8455042839050293,0.1553398072719574,0.5012034773826599,0.1343283653259277,0.0436893217265605,2.100675344467163,0.2058823555707931,0.5535869002342224,0.0,0.0,0.6470588445663452,220.0,220.0,adaptive,,,
12.0,binarize,densenet,threshold-220_max_value-220_method-adaptive_mean,0.2753623127937317,0.38235294117647056,11,11,single,3.0,6.0,0.0576377393808335,8,"{0: 9, 1: 34, 2: 23, 3: 21, 4: 10, 5: 34, 6: 38, 7: 35}",2.286907434463501,0.1262135952711105,0.5161958336830139,0.0,0.0,2.083759069442749,0.1176470592617988,0.504618763923645,0.0,0.0,0.6323529481887817,220.0,220.0,adaptive,,,
21.0,binarize,densenet,threshold-220_max_value-220_method-fixed,0.2058823555707931,0.4264705882352941,2,2,single,12.0,15.0,-0.011842217842105096,6,"{0: 23, 1: 57, 2: 6, 3: 9, 4: 46, 5: 63}",2.458620309829712,0.1504854410886764,0.5213194489479065,0.1666666716337204,0.0242718439549207,2.096698760986328,0.1176470592617988,0.4905771017074585,0.0,0.0,0.6029411554336548,220.0,220.0,fixed,,,
20.0,binarize,densenet,threshold-220_max_value-255_method-adaptive_gaussian,0.2173912972211837,0.38235294117647056,5,5,single,11.0,14.0,-0.00033327619171449885,8,"{0: 32, 1: 11, 2: 21, 3: 27, 4: 43, 5: 5, 6: 53, 7: 12}",2.6985597610473637,0.1456310749053955,0.5071805119514465,0.239130437374115,0.0533980578184127,2.205491542816162,0.1029411777853965,0.4546619951725006,0.0,0.0,0.6029411554336548,220.0,255.0,adaptive,,,
21.0,binarize,densenet,threshold-220_max_value-255_method-adaptive_mean,0.2058823555707931,0.38235294117647056,7,7,single,12.0,15.0,-0.011842217842105096,8,"{0: 21, 1: 19, 2: 32, 3: 27, 4: 15, 5: 44, 6: 20, 7: 26}",2.546983480453491,0.1407766938209533,0.5205351710319519,0.2325581461191177,0.0485436879098415,2.075854539871216,0.1176470592617988,0.5558112859725952,0.0,0.0,0.75,220.0,255.0,adaptive,,,
27.0,binarize,densenet,threshold-220_max_value-255_method-fixed,0.1617647111415863,0.4411764705882353,7,7,single,18.0,21.0,-0.05595986227131189,6,"{0: 13, 1: 48, 2: 13, 3: 21, 5: 49, 7: 60}",2.184720039367676,0.2038834989070892,0.5493617057800293,0.375,0.014563106931746,2.092388391494751,0.147058829665184,0.5414761900901794,0.0,0.0,0.6470588445663452,220.0,255.0,fixed,,,
17.0,binarize,densenet,threshold-220_max_value-70_method-adaptive_gaussian,0.2352941185235977,0.5147058823529411,1,1,single,8.0,11.0,0.017569545110699497,8,"{0: 21, 1: 18, 2: 43, 3: 22, 4: 35, 5: 5, 6: 27, 7: 33}",3.365537405014038,0.1067961156368255,0.4914661645889282,0.097087375819683,0.0485436879098415,2.2090771198272705,0.2352941185235977,0.5369191765785217,0.0,0.0,0.6323529481887817,220.0,70.0,adaptive,,,
19.0,binarize,densenet,threshold-220_max_value-70_method-adaptive_mean,0.2205882370471954,0.4117647058823529,6,6,single,10.0,13.0,0.0028636636342972144,8,"{0: 41, 1: 28, 2: 35, 3: 13, 4: 16, 5: 19, 6: 32, 7: 20}",2.5533227920532227,0.1116504818201065,0.517874002456665,0.1428571492433548,0.029126213863492,2.1016323566436768,0.147058829665184,0.5296589136123657,0.0,0.0,0.6176470518112183,220.0,70.0,adaptive,,,
25.0,binarize,densenet,threshold-220_max_value-70_method-fixed,0.1764705926179886,0.39705882352941174,12,12,single,16.0,19.0,-0.041253980794909606,6,"{0: 19, 2: 25, 3: 12, 5: 46, 6: 51, 7: 51}",2.1038193702697754,0.1553398072719574,0.5690687298774719,0.0,0.0,2.077913522720337,0.1029411777853965,0.5260751247406006,0.0,0.0,0.6617646813392639,220.0,70.0,fixed,,,
25.0,binarize,densenet,threshold-255_max_value-100_method-adaptive_mean,0.1764705926179886,0.4264705882352941,12,12,single,16.0,19.0,-0.041253980794909606,8,"{0: 36, 1: 12, 2: 12, 3: 31, 4: 15, 5: 26, 6: 34, 7: 38}",2.303748607635498,0.1407766938209533,0.5144991278648376,0.2222222238779068,0.0097087379544973,2.0725717544555664,0.1764705926179886,0.5513778924942017,0.0,0.0,0.6764705777168274,255.0,100.0,adaptive,,,
31.0,binarize,densenet,threshold-255_max_value-100_method-fixed,0.1323529481887817,0.36764705882352944,1,1,single,20.0,25.0,-0.08537162522411648,3,"{0: 68, 5: 68, 6: 68}",2.429866075515747,0.1359223276376724,0.4967143535614013,0.0,0.0,2.0961296558380127,0.1323529481887817,0.5042017102241516,0.0,0.0,0.6323529481887817,255.0,100.0,fixed,,,
19.0,binarize,densenet,threshold-255_max_value-127_method-adaptive_gaussian,0.2205882370471954,0.36764705882352944,14,14,single,10.0,13.0,0.0028636636342972144,8,"{0: 26, 1: 41, 2: 35, 3: 37, 4: 9, 5: 19, 6: 29, 7: 8}",2.250262975692749,0.1699029058218002,0.5365272760391235,0.2222222238779068,0.0097087379544973,2.084857940673828,0.1323529481887817,0.5150303244590759,0.0,0.0,0.6470588445663452,255.0,127.0,adaptive,,,
23.0,binarize,densenet,threshold-255_max_value-127_method-adaptive_mean,0.1911764740943908,0.38235294117647056,3,3,single,14.0,17.0,-0.02654809931850738,8,"{0: 22, 1: 37, 2: 31, 3: 31, 4: 32, 5: 14, 6: 26, 7: 11}",2.778160333633423,0.1601941734552383,0.5385102033615112,0.2249999940395355,0.0873786434531211,2.1451635360717773,0.1176470592617988,0.526492178440094,0.0,0.0,0.6617646813392639,255.0,127.0,adaptive,,,
31.0,binarize,densenet,threshold-255_max_value-127_method-fixed,0.1323529481887817,0.36764705882352944,5,5,single,20.0,25.0,-0.08537162522411648,3,"{2: 68, 4: 68, 6: 68}",2.3348727226257324,0.1407766938209533,0.47940593957901,0.0,0.0,2.08215880393982,0.1176470592617988,0.4957983195781708,0.0,0.0,0.6323529481887817,255.0,127.0,fixed,,,
16.0,binarize,densenet,threshold-255_max_value-200_method-adaptive_gaussian,0.2463768124580383,0.4117647058823529,8,8,single,7.0,10.0,0.02865223904514011,8,"{0: 11, 1: 35, 2: 15, 3: 44, 4: 18, 5: 34, 6: 36, 7: 11}",2.4879398345947266,0.1213592216372489,0.5026358366012573,0.1111111119389534,0.014563106931746,2.14815354347229,0.1911764740943908,0.4849079251289367,0.0,0.0,0.6470588445663452,255.0,200.0,adaptive,,,
23.0,binarize,densenet,threshold-255_max_value-200_method-adaptive_mean,0.1911764740943908,0.4117647058823529,12,12,single,14.0,17.0,-0.02654809931850738,8,"{0: 22, 1: 28, 2: 19, 3: 6, 4: 11, 5: 54, 6: 31, 7: 33}",2.232600450515747,0.1844660192728042,0.5616524815559387,0.2352941185235977,0.0194174759089946,2.0800974369049072,0.1764705926179886,0.518505871295929,0.0,0.0,0.6176470518112183,255.0,200.0,adaptive,,,
31.0,binarize,densenet,threshold-255_max_value-200_method-fixed,0.1323529481887817,0.35294117647058826,1,1,single,20.0,25.0,-0.08537162522411648,3,"{4: 68, 6: 68, 7: 68}",2.5049989223480225,0.1262135952711105,0.4825889468193054,0.1428571492433548,0.014563106931746,2.137933254241944,0.1176470592617988,0.4936974346637726,0.0,0.0,0.6176470518112183,255.0,200.0,fixed,,,
24.0,binarize,densenet,threshold-255_max_value-220_method-adaptive_gaussian,0.1884057968854904,0.3382352941176471,1,1,single,15.0,18.0,-0.029318776527407803,8,"{0: 25, 1: 13, 2: 28, 3: 37, 4: 19, 5: 43, 6: 16, 7: 23}",3.607057809829712,0.1359223276376724,0.4890052676200866,0.1284403651952743,0.0679611638188362,2.1986608505249023,0.1323529481887817,0.4781110882759094,0.0,0.0,0.5441176295280457,255.0,220.0,adaptive,,,
19.0,binarize,densenet,threshold-255_max_value-220_method-adaptive_mean,0.2205882370471954,0.4117647058823529,9,9,single,10.0,13.0,0.0028636636342972144,8,"{0: 37, 1: 28, 2: 25, 3: 33, 4: 13, 5: 16, 6: 32, 7: 20}",2.3413796424865723,0.1941747516393661,0.5404053330421448,0.1538461595773697,0.0194174759089946,2.076263189315796,0.2205882370471954,0.5308483839035034,0.0,0.0,0.6911764740943909,255.0,220.0,adaptive,,,
31.0,binarize,densenet,threshold-255_max_value-220_method-fixed,0.1323529481887817,0.36764705882352944,5,5,single,20.0,25.0,-0.08537162522411648,3,"{3: 68, 4: 68, 6: 68}",2.321767807006836,0.1553398072719574,0.4929692447185516,0.1666666716337204,0.0048543689772486,2.092710494995117,0.1176470592617988,0.4905462265014648,0.0,0.0,0.6029411554336548,255.0,220.0,fixed,,,
25.0,binarize,efficientnet,threshold-100_max_value-100_method-adaptive_gaussian,0.1764705926179886,0.38235294117647056,12,12,single,12.0,19.0,0.01195828692548595,3,"{0: 68, 1: 68, 5: 68}",2.0692789554595947,0.2135922312736511,0.5518798232078552,0.0,0.0,2.0823416709899902,0.1764705926179886,0.4947015643119812,0.0,0.0,0.6176470518112183,100.0,100.0,adaptive,,,
24.0,binarize,efficientnet,threshold-100_max_value-100_method-adaptive_mean,0.1884057968854904,0.36764705882352944,7,7,single,11.0,18.0,0.023893491192987754,3,"{0: 68, 5: 68, 6: 68}",2.106564521789551,0.1359223276376724,0.5079094171524048,0.0,0.0,2.081847906112671,0.1176470592617988,0.503074049949646,0.0,0.0,0.6323529481887817,100.0,100.0,adaptive,,,
26.0,binarize,efficientnet,threshold-100_max_value-100_method-fixed,0.1739130467176437,0.38235294117647056,8,8,single,13.0,20.0,0.009400741025141074,3,"{2: 68, 5: 68, 6: 68}",2.119814872741699,0.1310679614543914,0.4780560135841369,0.0,0.0,2.0800373554229736,0.1176470592617988,0.4993203282356262,0.0,0.0,0.6323529481887817,100.0,100.0,fixed,,,
26.0,binarize,efficientnet,threshold-100_max_value-127_method-adaptive_gaussian,0.1739130467176437,0.36764705882352944,5,5,single,13.0,20.0,0.009400741025141074,3,"{0: 68, 3: 68, 6: 68}",2.1476218700408936,0.0922330096364021,0.4771420657634735,0.0,0.0,2.078711986541748,0.1323529481887817,0.5162506103515625,0.0,0.0,0.6470588445663452,100.0,127.0,adaptive,,,
25.0,binarize,efficientnet,threshold-100_max_value-127_method-adaptive_mean,0.1764705926179886,0.38235294117647056,15,15,single,12.0,19.0,0.01195828692548595,3,"{2: 68, 5: 68, 6: 68}",2.1142616271972656,0.0873786434531211,0.4711044132709503,0.0,0.0,2.079068183898926,0.1764705926179886,0.5041707754135132,0.0,0.0,0.6470588445663452,100.0,127.0,adaptive,,,
29.0,binarize,efficientnet,threshold-100_max_value-127_method-fixed,0.147058829665184,0.38235294117647056,8,8,single,16.0,23.0,-0.017453476027318643,3,"{2: 68, 4: 68, 5: 68}",2.1254286766052246,0.097087375819683,0.4754066169261932,0.0,0.0,2.0820119380950928,0.1176470592617988,0.5033366680145264,0.0,0.0,0.6323529481887817,100.0,127.0,fixed,,,
23.0,binarize,efficientnet,threshold-100_max_value-200_method-adaptive_gaussian,0.1911764740943908,0.4117647058823529,14,14,single,10.0,17.0,0.026664168401888177,8,"{0: 2, 1: 27, 2: 65, 3: 62, 4: 31, 5: 1, 6: 6, 7: 10}",2.119017601013184,0.1067961156368255,0.48914834856987,0.0,0.0,2.0716609954833984,0.1176470592617988,0.5470681190490723,0.0,0.0,0.6617646813392639,100.0,200.0,adaptive,,,
18.0,binarize,efficientnet,threshold-100_max_value-200_method-adaptive_mean,0.2318840622901916,0.45588235294117646,6,6,single,5.0,12.0,0.06737175659768896,7,"{0: 4, 1: 37, 2: 56, 3: 17, 4: 26, 6: 38, 7: 26}",2.120748996734619,0.1310679614543914,0.5076501965522766,0.0,0.0,2.0746870040893555,0.147058829665184,0.513269305229187,0.0,0.0,0.5882353186607361,100.0,200.0,adaptive,,,
28.0,binarize,efficientnet,threshold-100_max_value-200_method-fixed,0.159420296549797,0.38235294117647056,14,14,single,15.0,22.0,-0.0050920091427056335,6,"{0: 68, 1: 1, 2: 56, 3: 67, 5: 3, 6: 9}",2.1081137657165527,0.0922330096364021,0.4969449937343597,0.0,0.0,2.0801470279693604,0.1176470592617988,0.4975901842117309,0.0,0.0,0.6323529481887817,100.0,200.0,fixed,,,
24.0,binarize,efficientnet,threshold-100_max_value-220_method-adaptive_gaussian,0.1884057968854904,0.4264705882352941,4,4,single,11.0,18.0,0.023893491192987754,8,"{0: 4, 1: 18, 2: 29, 3: 22, 4: 32, 5: 31, 6: 53, 7: 15}",2.165799140930176,0.1359223276376724,0.4921848773956299,0.0,0.0,2.069836139678955,0.1176470592617988,0.5528145432472229,0.0,0.0,0.6323529481887817,100.0,220.0,adaptive,,,
22.0,binarize,efficientnet,threshold-100_max_value-220_method-adaptive_mean,0.2028985470533371,0.4264705882352941,15,15,single,9.0,16.0,0.03838624136083446,8,"{0: 11, 1: 53, 2: 33, 3: 45, 4: 14, 5: 43, 6: 3, 7: 2}",2.0806171894073486,0.1553398072719574,0.5382694005966187,0.0,0.0,2.072748899459839,0.1029411777853965,0.541584312915802,0.0,0.0,0.6764705777168274,100.0,220.0,adaptive,,,
27.0,binarize,efficientnet,threshold-100_max_value-220_method-fixed,0.1617647111415863,0.35294117647058826,2,2,single,14.0,21.0,-0.0027475945509163324,5,"{0: 3, 1: 68, 2: 68, 4: 62, 6: 3}",2.087780714035034,0.1650485396385193,0.5455812811851501,0.0,0.0,2.079106330871582,0.1617647111415863,0.5086969137191772,0.0,0.0,0.6470588445663452,100.0,220.0,fixed,,,
19.0,binarize,efficientnet,threshold-100_max_value-255_method-adaptive_gaussian,0.2205882370471954,0.36764705882352944,13,13,single,6.0,13.0,0.05607593135469277,8,"{0: 33, 1: 31, 2: 39, 3: 27, 4: 31, 5: 30, 6: 12, 7: 1}",2.0821235179901123,0.1262135952711105,0.5430682301521301,0.0,0.0,2.074993371963501,0.2205882370471954,0.5312036275863647,0.0,0.0,0.6323529481887817,100.0,255.0,adaptive,,,
14.0,binarize,efficientnet,threshold-100_max_value-255_method-adaptive_mean,0.260869562625885,0.45588235294117646,5,5,single,1.0,8.0,0.09635725693338237,8,"{0: 26, 1: 50, 2: 30, 3: 16, 4: 25, 5: 2, 6: 43, 7: 12}",2.153406143188477,0.1019417494535446,0.4904612302780151,0.0,0.0,2.077461004257202,0.1911764740943908,0.5182123780250549,0.0,0.0,0.6470588445663452,100.0,255.0,adaptive,,,
23.0,binarize,efficientnet,threshold-100_max_value-255_method-fixed,0.1911764740943908,0.38235294117647056,10,10,single,10.0,17.0,0.026664168401888177,5,"{1: 64, 3: 68, 4: 2, 5: 2, 6: 68}",2.0966293811798096,0.0922330096364021,0.5159298181533813,0.0,0.0,2.0791072845458984,0.1911764740943908,0.5073220729827881,0.0,0.0,0.6470588445663452,100.0,255.0,fixed,,,
28.0,binarize,efficientnet,threshold-100_max_value-70_method-adaptive_gaussian,0.159420296549797,0.38235294117647056,2,2,single,15.0,22.0,-0.0050920091427056335,3,"{2: 68, 5: 68, 6: 68}",2.12357759475708,0.1456310749053955,0.5224068760871887,0.0,0.0,2.0803744792938232,0.1176470592617988,0.508650541305542,0.0,0.0,0.6323529481887817,100.0,70.0,adaptive,,,
26.0,binarize,efficientnet,threshold-100_max_value-70_method-adaptive_mean,0.1739130467176437,0.35294117647058826,8,8,single,13.0,20.0,0.009400741025141074,4,"{0: 64, 1: 4, 5: 68, 6: 68}",2.1034958362579346,0.1116504818201065,0.506877601146698,0.0,0.0,2.0825583934783936,0.1029411777853965,0.4850160181522369,0.0,0.0,0.6176470518112183,100.0,70.0,adaptive,,,
21.0,binarize,efficientnet,threshold-70_max_value-200_method-adaptive_gaussian,0.2058823555707931,0.39705882352941174,12,12,single,8.0,15.0,0.04137004987829046,7,"{0: 47, 1: 45, 2: 36, 3: 3, 4: 25, 5: 7, 6: 41}",2.092057228088379,0.1359223276376724,0.5219220519065857,0.0,0.0,2.076356172561645,0.2058823555707931,0.5205295085906982,0.0,0.0,0.6176470518112183,70.0,200.0,adaptive,,,
24.0,binarize,efficientnet,threshold-70_max_value-200_method-adaptive_mean,0.1884057968854904,0.39705882352941174,14,14,single,11.0,18.0,0.023893491192987754,8,"{0: 56, 1: 23, 2: 19, 3: 36, 4: 26, 5: 17, 6: 10, 7: 17}",2.0714986324310303,0.1650485396385193,0.5488870143890381,0.0,0.0,2.0810582637786865,0.1029411777853965,0.4888161122798919,0.0,0.0,0.6323529481887817,70.0,200.0,adaptive,,,
24.0,binarize,efficientnet,threshold-70_max_value-200_method-fixed,0.1884057968854904,0.38235294117647056,11,11,single,11.0,18.0,0.023893491192987754,4,"{2: 68, 5: 66, 6: 2, 7: 68}",2.113135814666748,0.1407766938209533,0.4738413095474243,0.0,0.0,2.078853845596313,0.1323529481887817,0.5108286142349243,0.0,0.0,0.6617646813392639,70.0,200.0,fixed,,,
20.0,binarize,efficientnet,threshold-70_max_value-220_method-adaptive_gaussian,0.2173912972211837,0.4411764705882353,9,9,single,7.0,14.0,0.05287899152868106,8,"{0: 8, 1: 55, 2: 34, 3: 16, 4: 29, 5: 35, 6: 10, 7: 17}",2.118880271911621,0.1067961156368255,0.4985423386096954,0.0,0.0,2.0737600326538086,0.1617647111415863,0.5489526987075806,0.0,0.0,0.6470588445663452,70.0,220.0,adaptive,,,
23.0,binarize,efficientnet,threshold-70_max_value-220_method-adaptive_mean,0.1911764740943908,0.35294117647058826,13,13,single,10.0,17.0,0.026664168401888177,8,"{0: 8, 1: 37, 2: 46, 3: 1, 4: 24, 5: 22, 6: 49, 7: 17}",2.0603842735290527,0.1359223276376724,0.566309928894043,0.0,0.0,2.077160596847534,0.1911764740943908,0.5093456506729126,0.0,0.0,0.6323529481887817,70.0,220.0,adaptive,,,
28.0,binarize,efficientnet,threshold-70_max_value-220_method-fixed,0.159420296549797,0.36764705882352944,1,1,single,15.0,22.0,-0.0050920091427056335,3,"{0: 68, 5: 68, 6: 68}",2.158852815628052,0.1407766938209533,0.5187475085258484,0.0,0.0,2.0895559787750244,0.1176470592617988,0.4994284510612488,0.0,0.0,0.6470588445663452,70.0,220.0,fixed,,,
24.0,binarize,efficientnet,threshold-70_max_value-255_method-adaptive_gaussian,0.1884057968854904,0.4117647058823529,6,6,single,11.0,18.0,0.023893491192987754,7,"{0: 21, 1: 25, 2: 1, 3: 18, 4: 44, 5: 37, 6: 58}",2.1117947101593018,0.1407766938209533,0.53446364402771,0.0,0.0,2.090318441390991,0.1029411777853965,0.4845989942550659,0.0,0.0,0.6029411554336548,70.0,255.0,adaptive,,,
19.0,binarize,efficientnet,threshold-70_max_value-255_method-adaptive_mean,0.2205882370471954,0.4264705882352941,12,12,single,6.0,13.0,0.05607593135469277,8,"{0: 58, 1: 15, 2: 34, 3: 11, 4: 24, 5: 35, 6: 18, 7: 9}",2.0858147144317627,0.1213592216372489,0.5411948561668396,0.0,0.0,2.0832979679107666,0.1029411777853965,0.5179343819618225,0.0,0.0,0.6911764740943909,70.0,255.0,adaptive,,,
23.0,binarize,efficientnet,threshold-70_max_value-255_method-fixed,0.1911764740943908,0.4117647058823529,4,4,single,10.0,17.0,0.026664168401888177,7,"{0: 67, 1: 67, 2: 6, 3: 1, 4: 31, 5: 1, 6: 31}",2.1534206867218018,0.1019417494535446,0.4806936383247375,0.0,0.0,2.0796422958374023,0.1323529481887817,0.5150611400604248,0.0,0.0,0.6323529481887817,70.0,255.0,fixed,,,
28.0,binarize,efficientnet,threshold-70_max_value-70_method-adaptive_gaussian,0.159420296549797,0.38235294117647056,14,14,single,15.0,22.0,-0.0050920091427056335,4,"{1: 68, 2: 29, 3: 68, 4: 39}",2.10158371925354,0.1553398072719574,0.4863340556621551,0.0,0.0,2.0784761905670166,0.1323529481887817,0.5245458483695984,0.0,0.0,0.6470588445663452,70.0,70.0,adaptive,,,
28.0,binarize,efficientnet,threshold-70_max_value-70_method-adaptive_mean,0.159420296549797,0.36764705882352944,15,15,single,15.0,22.0,-0.0050920091427056335,3,"{2: 68, 6: 68, 7: 68}",2.0879616737365723,0.1359223276376724,0.5105268359184265,0.0,0.0,2.081012964248657,0.1176470592617988,0.4963235259056091,0.0,0.0,0.6176470518112183,70.0,70.0,adaptive,,,
27.0,binarize,efficientnet,threshold-70_max_value-70_method-fixed,0.1617647111415863,0.36764705882352944,5,5,single,14.0,21.0,-0.0027475945509163324,3,"{0: 68, 2: 68, 7: 68}",2.124488353729248,0.1019417494535446,0.4810134172439575,0.0,0.0,2.0804643630981445,0.1617647111415863,0.5037537217140198,0.0,0.0,0.6323529481887817,70.0,70.0,fixed,,,
27.0,binarize,efficientnet,threshold-127_max_value-70_method-adaptive_mean,0.1617647111415863,0.3235294117647059,8,8,single,14.0,21.0,-0.0027475945509163324,5,"{1: 27, 2: 68, 5: 66, 6: 2, 7: 41}",2.106360912322998,0.1456310749053955,0.5121190547943115,0.0,0.0,2.0805437564849854,0.1617647111415863,0.5107358694076538,0.0,0.0,0.6323529481887817,127.0,70.0,adaptive,,,
29.0,binarize,efficientnet,threshold-127_max_value-70_method-fixed,0.147058829665184,0.4264705882352941,7,7,single,16.0,23.0,-0.017453476027318643,4,"{0: 46, 3: 42, 4: 68, 6: 48}",2.0857691764831543,0.1941747516393661,0.5313715934753418,0.0,0.0,2.0802435874938965,0.147058829665184,0.5074456334114075,0.0,0.0,0.6323529481887817,127.0,70.0,fixed,,,
26.0,binarize,efficientnet,threshold-200_max_value-100_method-adaptive_gaussian,0.1739130467176437,0.38235294117647056,1,1,single,13.0,20.0,0.009400741025141074,4,"{1: 68, 3: 68, 4: 53, 7: 15}",2.18656849861145,0.1213592216372489,0.4931190907955169,0.0,0.0,2.084023952484131,0.1029411777853965,0.4929714500904083,0.0,0.0,0.6617646813392639,200.0,100.0,adaptive,,,
27.0,binarize,efficientnet,threshold-200_max_value-100_method-adaptive_mean,0.1617647111415863,0.38235294117647056,10,10,single,14.0,21.0,-0.0027475945509163324,3,"{2: 68, 5: 68, 6: 68}",2.135611295700073,0.1116504818201065,0.4629475474357605,0.0,0.0,2.07898497581482,0.1617647111415863,0.5223986506462097,0.0,0.0,0.6617646813392639,200.0,100.0,adaptive,,,
29.0,binarize,efficientnet,threshold-200_max_value-100_method-fixed,0.147058829665184,0.39705882352941174,11,11,single,16.0,23.0,-0.017453476027318643,4,"{1: 63, 2: 68, 3: 5, 5: 68}",2.09694242477417,0.1213592216372489,0.5041693449020386,0.0,0.0,2.080784797668457,0.1176470592617988,0.4963853061199188,0.0,0.0,0.6029411554336548,200.0,100.0,fixed,,,
28.0,binarize,efficientnet,threshold-200_max_value-127_method-adaptive_gaussian,0.159420296549797,0.36764705882352944,12,12,single,15.0,22.0,-0.0050920091427056335,5,"{0: 48, 1: 4, 2: 16, 3: 68, 5: 68}",2.131675243377685,0.1067961156368255,0.4767330288887024,0.0,0.0,2.081777811050415,0.073529414832592,0.4840428829193115,0.0,0.0,0.6323529481887817,200.0,127.0,adaptive,,,
28.0,binarize,efficientnet,threshold-200_max_value-127_method-adaptive_mean,0.159420296549797,0.36764705882352944,1,1,single,15.0,22.0,-0.0050920091427056335,3,"{2: 68, 4: 68, 6: 68}",2.189136743545532,0.0922330096364021,0.4738294780254364,0.0,0.0,2.084123134613037,0.1029411777853965,0.5200661420822144,0.0,0.0,0.6617646813392639,200.0,127.0,adaptive,,,
28.0,binarize,efficientnet,threshold-200_max_value-127_method-fixed,0.159420296549797,0.4264705882352941,10,10,single,15.0,22.0,-0.0050920091427056335,4,"{2: 17, 3: 68, 5: 51, 6: 68}",2.085625410079956,0.1601941734552383,0.5198601484298706,0.0,0.0,2.081247091293335,0.1176470592617988,0.4957983195781708,0.0,0.0,0.6176470518112183,200.0,127.0,fixed,,,
23.0,binarize,efficientnet,threshold-200_max_value-200_method-adaptive_gaussian,0.1911764740943908,0.4264705882352941,9,9,single,10.0,17.0,0.026664168401888177,8,"{0: 14, 1: 5, 2: 41, 3: 47, 4: 12, 5: 6, 6: 39, 7: 40}",2.113227367401123,0.0825242698192596,0.5140547752380371,0.0,0.0,2.064133882522583,0.1911764740943908,0.5787969827651978,0.0,0.0,0.720588207244873,200.0,200.0,adaptive,,,
24.0,binarize,efficientnet,threshold-200_max_value-200_method-adaptive_mean,0.1884057968854904,0.4264705882352941,10,10,single,11.0,18.0,0.023893491192987754,8,"{0: 5, 1: 48, 2: 16, 3: 39, 4: 27, 5: 13, 6: 55, 7: 1}",2.098539352416992,0.1116504818201065,0.5173066854476929,0.0,0.0,2.080714225769043,0.147058829665184,0.5081561803817749,0.0,0.0,0.6470588445663452,200.0,200.0,adaptive,,,
26.0,binarize,efficientnet,threshold-200_max_value-200_method-fixed,0.1739130467176437,0.39705882352941174,11,11,single,13.0,20.0,0.009400741025141074,5,"{0: 68, 1: 42, 2: 26, 6: 66, 7: 2}",2.10455060005188,0.1262135952711105,0.4988554418087005,0.0,0.0,2.07917857170105,0.1323529481887817,0.4974357783794403,0.0,0.0,0.6176470518112183,200.0,200.0,fixed,,,
18.0,binarize,efficientnet,threshold-200_max_value-220_method-adaptive_gaussian,0.2318840622901916,0.39705882352941174,14,14,single,5.0,12.0,0.06737175659768896,8,"{0: 10, 1: 35, 2: 28, 3: 37, 4: 25, 5: 1, 6: 44, 7: 24}",2.117187976837158,0.1456310749053955,0.5097911953926086,0.0,0.0,2.0801379680633545,0.147058829665184,0.5091139674186707,0.0,0.0,0.6617646813392639,200.0,220.0,adaptive,,,
14.0,binarize,efficientnet,threshold-200_max_value-220_method-adaptive_mean,0.260869562625885,0.4117647058823529,14,14,single,1.0,8.0,0.09635725693338237,6,"{0: 16, 1: 32, 3: 51, 4: 23, 6: 52, 7: 30}",2.041000843048096,0.1650485396385193,0.5894085764884949,0.0,0.0,2.074447631835937,0.1764705926179886,0.5176717638969421,0.0,0.0,0.6029411554336548,200.0,220.0,adaptive,,,
25.0,binarize,efficientnet,threshold-200_max_value-220_method-fixed,0.1764705926179886,0.36764705882352944,5,5,single,12.0,19.0,0.01195828692548595,3,"{2: 68, 4: 68, 7: 68}",2.153991937637329,0.1456310749053955,0.4823347330093384,0.0,0.0,2.0816197395324707,0.1764705926179886,0.5062561631202698,0.0,0.0,0.6323529481887817,200.0,220.0,fixed,,,
17.0,binarize,efficientnet,threshold-200_max_value-255_method-adaptive_gaussian,0.2352941185235977,0.4852941176470588,12,12,single,4.0,11.0,0.07078181283109505,7,"{0: 54, 1: 37, 2: 9, 3: 24, 4: 32, 5: 24, 6: 24}",2.0948495864868164,0.1310679614543914,0.542931854724884,0.0,0.0,2.0671920776367188,0.2352941185235977,0.5334434509277344,0.0,0.0,0.6176470518112183,200.0,255.0,adaptive,,,
16.0,binarize,efficientnet,threshold-200_max_value-255_method-adaptive_mean,0.2463768124580383,0.45588235294117646,15,15,single,3.0,10.0,0.08186450676553567,8,"{0: 35, 1: 10, 2: 33, 3: 5, 4: 28, 5: 52, 6: 29, 7: 12}",2.08212685585022,0.1553398072719574,0.5502184629440308,0.0,0.0,2.0695724487304688,0.1764705926179886,0.5454306602478027,0.0,0.0,0.6617646813392639,200.0,255.0,adaptive,,,
26.0,binarize,efficientnet,threshold-100_max_value-70_method-fixed,0.1739130467176437,0.38235294117647056,9,9,single,13.0,20.0,0.009400741025141074,3,"{2: 68, 5: 68, 6: 68}",2.117738485336304,0.116504855453968,0.4901380836963653,0.0,0.0,2.079445600509644,0.1323529481887817,0.5122960805892944,0.0,0.0,0.6323529481887817,100.0,70.0,fixed,,,
25.0,binarize,efficientnet,threshold-127_max_value-70_method-adaptive_gaussian,0.1764705926179886,0.35294117647058826,15,15,single,12.0,19.0,0.01195828692548595,4,"{1: 68, 2: 35, 4: 68, 6: 33}",2.11440110206604,0.1116504818201065,0.4824744462966919,0.0,0.0,2.0804402828216557,0.1176470592617988,0.4962771832942962,0.0,0.0,0.6176470518112183,127.0,70.0,adaptive,,,
27.0,binarize,efficientnet,threshold-200_max_value-255_method-fixed,0.1617647111415863,0.39705882352941174,3,3,single,14.0,21.0,-0.0027475945509163324,5,"{3: 68, 4: 5, 5: 63, 6: 63, 7: 5}",2.17279314994812,0.0922330096364021,0.459311842918396,0.0,0.0,2.084725856781006,0.1323529481887817,0.5036919116973877,0.0,0.0,0.6323529481887817,200.0,255.0,fixed,,,
29.0,binarize,efficientnet,threshold-220_max_value-200_method-fixed,0.147058829665184,0.38235294117647056,14,14,single,16.0,23.0,-0.017453476027318643,4,"{1: 1, 3: 68, 4: 68, 5: 67}",2.110573530197144,0.1019417494535446,0.4491200149059295,0.0,0.0,2.079097986221313,0.1323529481887817,0.5090367197990417,0.0,0.0,0.6323529481887817,220.0,200.0,fixed,,,
28.0,binarize,efficientnet,threshold-255_max_value-100_method-adaptive_gaussian,0.159420296549797,0.38235294117647056,4,4,single,15.0,22.0,-0.0050920091427056335,3,"{3: 68, 5: 68, 7: 68}",2.13317346572876,0.1359223276376724,0.4969534277915954,0.0,0.0,2.085594654083252,0.1176470592617988,0.5026569366455078,0.0,0.0,0.6176470518112183,255.0,100.0,adaptive,,,
22.0,binarize,efficientnet,threshold-255_max_value-255_method-adaptive_gaussian,0.2028985470533371,0.4117647058823529,15,15,single,9.0,16.0,0.03838624136083446,8,"{0: 13, 1: 26, 2: 33, 3: 29, 4: 26, 5: 21, 6: 27, 7: 29}",2.079686403274536,0.1650485396385193,0.5411341786384583,0.0,0.0,2.080008029937744,0.1323529481887817,0.5071830153465271,0.0,0.0,0.6176470518112183,255.0,255.0,adaptive,,,
30.0,binarize,efficientnet,threshold-70_max_value-127_method-fixed,0.1449275314807891,0.38235294117647056,2,2,single,17.0,24.0,-0.019584774211713535,4,"{1: 68, 2: 68, 3: 1, 6: 67}",2.1869027614593506,0.116504855453968,0.4681200683116913,0.0,0.0,2.0844919681549072,0.1323529481887817,0.503738284111023,0.0,0.0,0.5735294222831726,70.0,127.0,fixed,,,
29.0,binarize,efficientnet,threshold-200_max_value-70_method-adaptive_gaussian,0.147058829665184,0.38235294117647056,7,7,single,16.0,23.0,-0.017453476027318643,4,"{0: 67, 2: 68, 5: 68, 6: 1}",2.137389659881592,0.1116504818201065,0.4843512177467346,0.0,0.0,2.081045389175415,0.1323529481887817,0.5015447735786438,0.0,0.0,0.6176470518112183,200.0,70.0,adaptive,,,
25.0,binarize,efficientnet,threshold-200_max_value-70_method-adaptive_mean,0.1764705926179886,0.36764705882352944,8,8,single,12.0,19.0,0.01195828692548595,4,"{0: 68, 1: 68, 3: 67, 5: 1}",2.152900457382202,0.1019417494535446,0.4544911384582519,0.0,0.0,2.084993362426758,0.1764705926179886,0.4860201776027679,0.0,0.0,0.6176470518112183,200.0,70.0,adaptive,,,
21.0,binarize,efficientnet,threshold-200_max_value-70_method-fixed,0.2058823555707931,0.36764705882352944,11,11,single,8.0,15.0,0.04137004987829046,3,"{2: 68, 6: 68, 7: 68}",2.092041492462158,0.1262135952711105,0.5195638537406921,0.0,0.0,2.0824179649353027,0.1176470592617988,0.5055610537528992,0.0,0.0,0.6323529481887817,200.0,70.0,fixed,,,
28.0,binarize,efficientnet,threshold-220_max_value-100_method-adaptive_gaussian,0.159420296549797,0.38235294117647056,4,4,single,15.0,22.0,-0.0050920091427056335,3,"{2: 68, 3: 68, 6: 68}",2.149482727050781,0.1359223276376724,0.467586487531662,0.0,0.0,2.079974889755249,0.1323529481887817,0.4951803982257843,0.0,0.0,0.6176470518112183,220.0,100.0,adaptive,,,
24.0,binarize,efficientnet,threshold-220_max_value-100_method-adaptive_mean,0.1884057968854904,0.39705882352941174,6,6,single,11.0,18.0,0.023893491192987754,5,"{1: 43, 3: 30, 5: 68, 6: 44, 7: 19}",2.13950514793396,0.0776699036359787,0.4779668152332306,0.0,0.0,2.0792999267578125,0.1176470592617988,0.5139489769935608,0.0,0.0,0.6470588445663452,220.0,100.0,adaptive,,,
29.0,binarize,efficientnet,threshold-220_max_value-100_method-fixed,0.147058829665184,0.38235294117647056,3,3,single,16.0,23.0,-0.017453476027318643,3,"{2: 68, 4: 68, 5: 68}",2.1394286155700684,0.1262135952711105,0.4791803956031799,0.0,0.0,2.0821692943573,0.147058829665184,0.4964625537395477,0.0,0.0,0.6323529481887817,220.0,100.0,fixed,,,
26.0,binarize,efficientnet,threshold-220_max_value-127_method-adaptive_gaussian,0.1739130467176437,0.35294117647058826,8,8,single,13.0,20.0,0.009400741025141074,4,"{0: 68, 1: 55, 2: 13, 5: 68}",2.110736131668091,0.1116504818201065,0.4864031076431274,0.0,0.0,2.0790555477142334,0.1323529481887817,0.5059317946434021,0.0,0.0,0.6323529481887817,220.0,127.0,adaptive,,,
25.0,binarize,efficientnet,threshold-220_max_value-127_method-adaptive_mean,0.1764705926179886,0.38235294117647056,10,10,single,12.0,19.0,0.01195828692548595,4,"{0: 68, 2: 17, 6: 68, 7: 51}",2.1037967205047607,0.1019417494535446,0.4949806332588196,0.0,0.0,2.0798134803771973,0.1764705926179886,0.5017764568328857,0.0,0.0,0.6029411554336548,220.0,127.0,adaptive,,,
31.0,binarize,efficientnet,threshold-220_max_value-127_method-fixed,0.1323529481887817,0.35294117647058826,1,1,single,18.0,25.0,-0.032159357503720926,4,"{0: 68, 3: 67, 4: 1, 6: 68}",2.1459405422210693,0.1019417494535446,0.5221796035766602,0.0,0.0,2.084869623184204,0.1176470592617988,0.4939755201339721,0.0,0.0,0.6176470518112183,220.0,127.0,fixed,,,
23.0,binarize,efficientnet,threshold-220_max_value-200_method-adaptive_gaussian,0.1911764740943908,0.4264705882352941,13,13,single,10.0,17.0,0.026664168401888177,8,"{0: 25, 1: 41, 2: 62, 3: 1, 4: 41, 5: 1, 6: 31, 7: 2}",2.0556070804595947,0.1601941734552383,0.5713595747947693,0.0,0.0,2.0719692707061768,0.1911764740943908,0.5424338579177856,0.0,0.0,0.6911764740943909,220.0,200.0,adaptive,,,
24.0,binarize,efficientnet,threshold-220_max_value-200_method-adaptive_mean,0.1884057968854904,0.29411764705882354,14,14,single,11.0,18.0,0.023893491192987754,7,"{0: 21, 1: 38, 2: 9, 4: 17, 5: 40, 6: 55, 7: 24}",2.122901439666748,0.0922330096364021,0.4937317371368408,0.0,0.0,2.076474666595459,0.1323529481887817,0.502348005771637,0.0,0.0,0.6911764740943909,220.0,200.0,adaptive,,,
14.0,binarize,efficientnet,threshold-255_max_value-255_method-adaptive_mean,0.260869562625885,0.5,12,12,single,1.0,8.0,0.09635725693338237,8,"{0: 34, 1: 46, 2: 14, 3: 29, 4: 24, 5: 26, 6: 18, 7: 13}",2.1068308353424072,0.1262135952711105,0.5211343765258789,0.0,0.0,2.064216136932373,0.1617647111415863,0.560383677482605,0.0,0.0,0.720588207244873,255.0,255.0,adaptive,,,
31.0,binarize,efficientnet,threshold-255_max_value-255_method-fixed,0.1323529481887817,0.38235294117647056,2,2,single,18.0,25.0,-0.032159357503720926,3,"{0: 68, 2: 68, 3: 68}",2.1593286991119385,0.1359223276376724,0.4797527194023132,0.0,0.0,2.079508781433105,0.1323529481887817,0.5073529481887817,0.0,0.0,0.6323529481887817,255.0,255.0,fixed,,,
25.0,binarize,efficientnet,threshold-255_max_value-70_method-adaptive_gaussian,0.1764705926179886,0.3235294117647059,2,2,single,12.0,19.0,0.01195828692548595,4,"{0: 20, 1: 48, 6: 68, 7: 68}",2.169236421585083,0.1213592216372489,0.491575539112091,0.0,0.0,2.0825769901275635,0.1176470592617988,0.5022707581520081,0.0,0.0,0.6911764740943909,255.0,70.0,adaptive,,,
24.0,binarize,efficientnet,threshold-255_max_value-70_method-adaptive_mean,0.1884057968854904,0.4117647058823529,4,4,single,11.0,18.0,0.023893491192987754,4,"{1: 45, 4: 23, 5: 68, 6: 68}",2.110586881637573,0.1456310749053955,0.5048139691352844,0.0,0.0,2.0795581340789795,0.1323529481887817,0.5172855854034424,0.0,0.0,0.6323529481887817,255.0,70.0,adaptive,,,
31.0,binarize,efficientnet,threshold-255_max_value-70_method-fixed,0.1323529481887817,0.36764705882352944,2,2,single,18.0,25.0,-0.032159357503720926,3,"{1: 68, 6: 68, 7: 68}",2.1761815547943115,0.1213592216372489,0.4749185144901275,0.0,0.0,2.082773208618164,0.1323529481887817,0.5115545988082886,0.0,0.0,0.6323529481887817,255.0,70.0,fixed,,,
31.0,binarize,efficientnet,threshold-70_max_value-100_method-adaptive_gaussian,0.1323529481887817,0.36764705882352944,1,1,single,18.0,25.0,-0.032159357503720926,3,"{1: 68, 4: 68, 6: 68}",2.189070224761963,0.1359223276376724,0.5031980872154236,0.0,0.0,2.084325790405273,0.1176470592617988,0.5029504299163818,0.0,0.0,0.6176470518112183,70.0,100.0,adaptive,,,
25.0,binarize,efficientnet,threshold-70_max_value-100_method-adaptive_mean,0.1764705926179886,0.39705882352941174,2,2,single,12.0,19.0,0.01195828692548595,5,"{0: 68, 1: 17, 4: 52, 5: 64, 6: 3}",2.135876178741455,0.1019417494535446,0.5178941488265991,0.0,0.0,2.078222751617432,0.1764705926179886,0.5224449634552002,0.0,0.0,0.5735294222831726,70.0,100.0,adaptive,,,
27.0,binarize,efficientnet,threshold-70_max_value-100_method-fixed,0.1617647111415863,0.36764705882352944,4,4,single,14.0,21.0,-0.0027475945509163324,3,"{3: 68, 4: 68, 6: 68}",2.1418046951293945,0.1019417494535446,0.5009123086929321,0.0,0.0,2.0800774097442627,0.1323529481887817,0.5021780729293823,0.0,0.0,0.6176470518112183,70.0,100.0,fixed,,,
26.0,binarize,efficientnet,threshold-70_max_value-127_method-adaptive_gaussian,0.1739130467176437,0.3088235294117647,4,4,single,13.0,20.0,0.009400741025141074,5,"{0: 57, 4: 11, 5: 68, 6: 48, 7: 20}",2.125509023666382,0.1262135952711105,0.5067345499992371,0.0,0.0,2.0868477821350098,0.1029411777853965,0.4905307590961456,0.0,0.0,0.6176470518112183,70.0,127.0,adaptive,,,
25.0,binarize,efficientnet,threshold-70_max_value-127_method-adaptive_mean,0.1764705926179886,0.36764705882352944,11,11,single,12.0,19.0,0.01195828692548595,5,"{0: 17, 1: 68, 2: 60, 3: 47, 5: 12}",2.123823404312134,0.1019417494535446,0.4775813519954681,0.0,0.0,2.082592725753784,0.1764705926179886,0.4932495057582855,0.0,0.0,0.6323529481887817,70.0,127.0,adaptive,,,
27.0,binarize,efficientnet,threshold-127_max_value-100_method-adaptive_gaussian,0.1617647111415863,0.36764705882352944,2,2,single,14.0,21.0,-0.0027475945509163324,3,"{0: 68, 5: 68, 6: 68}",2.1196367740631104,0.1504854410886764,0.5204509496688843,0.0,0.0,2.083036184310913,0.1617647111415863,0.5215644836425781,0.0,0.0,0.6323529481887817,127.0,100.0,adaptive,,,
26.0,binarize,efficientnet,threshold-127_max_value-100_method-adaptive_mean,0.1739130467176437,0.38235294117647056,7,7,single,13.0,20.0,0.009400741025141074,3,"{2: 68, 3: 68, 6: 68}",2.1236891746521,0.1262135952711105,0.4948880970478058,0.0,0.0,2.079331398010254,0.1323529481887817,0.5213019251823425,0.0,0.0,0.6176470518112183,127.0,100.0,adaptive,,,
29.0,binarize,efficientnet,threshold-127_max_value-100_method-fixed,0.147058829665184,0.36764705882352944,10,10,single,16.0,23.0,-0.017453476027318643,3,"{0: 68, 2: 68, 6: 68}",2.102729082107544,0.116504855453968,0.4995371103286743,0.0,0.0,2.079591751098633,0.147058829665184,0.495412141084671,0.0,0.0,0.6323529481887817,127.0,100.0,fixed,,,
29.0,binarize,efficientnet,threshold-127_max_value-127_method-adaptive_gaussian,0.147058829665184,0.36764705882352944,2,2,single,16.0,23.0,-0.017453476027318643,3,"{0: 68, 3: 68, 7: 68}",2.168541431427002,0.097087375819683,0.4809949100017547,0.0,0.0,2.0849475860595703,0.1323529481887817,0.4954739212989807,0.0,0.0,0.6176470518112183,127.0,127.0,adaptive,,,
25.0,binarize,efficientnet,threshold-127_max_value-127_method-adaptive_mean,0.1764705926179886,0.36764705882352944,3,3,single,12.0,19.0,0.01195828692548595,5,"{0: 65, 2: 4, 4: 45, 5: 22, 6: 68}",2.1552743911743164,0.116504855453968,0.5063742995262146,0.0,0.0,2.0811986923217773,0.1764705926179886,0.512836754322052,0.0,0.0,0.6176470518112183,127.0,127.0,adaptive,,,
26.0,binarize,efficientnet,threshold-127_max_value-127_method-fixed,0.1739130467176437,0.39705882352941174,10,10,single,13.0,20.0,0.009400741025141074,4,"{1: 61, 3: 7, 4: 68, 6: 68}",2.108668327331543,0.1019417494535446,0.4906312525272369,0.0,0.0,2.079296588897705,0.1323529481887817,0.5076464414596558,0.0,0.0,0.6323529481887817,127.0,127.0,fixed,,,
21.0,binarize,efficientnet,threshold-127_max_value-200_method-adaptive_gaussian,0.2058823555707931,0.4264705882352941,4,4,single,8.0,15.0,0.04137004987829046,8,"{0: 1, 1: 31, 2: 8, 3: 65, 4: 26, 5: 67, 6: 5, 7: 1}",2.173351287841797,0.116504855453968,0.4838378429412842,0.0,0.0,2.082602500915528,0.1617647111415863,0.4939291775226593,0.0,0.0,0.6617646813392639,127.0,200.0,adaptive,,,
20.0,binarize,efficientnet,threshold-127_max_value-200_method-adaptive_mean,0.2173912972211837,0.38235294117647056,4,4,single,7.0,14.0,0.05287899152868106,7,"{0: 8, 1: 44, 2: 17, 3: 51, 4: 3, 5: 56, 6: 25}",2.112304449081421,0.1359223276376724,0.5335025191307068,0.0,0.0,2.09291672706604,0.1323529481887817,0.4731833934783935,0.0,0.0,0.5735294222831726,127.0,200.0,adaptive,,,
25.0,binarize,efficientnet,threshold-127_max_value-200_method-fixed,0.1764705926179886,0.4411764705882353,10,10,single,12.0,19.0,0.01195828692548595,4,"{0: 42, 1: 68, 3: 68, 6: 26}",2.1176958084106445,0.1067961156368255,0.4752736687660217,0.0,0.0,2.0787386894226074,0.1764705926179886,0.5137636065483093,0.0,0.0,0.6029411554336548,127.0,200.0,fixed,,,
20.0,binarize,efficientnet,threshold-127_max_value-220_method-adaptive_gaussian,0.2173912972211837,0.4117647058823529,1,1,single,7.0,14.0,0.05287899152868106,8,"{0: 33, 1: 16, 2: 32, 3: 27, 4: 33, 5: 13, 6: 38, 7: 12}",2.2509007453918457,0.1213592216372489,0.4905673265457153,0.0,0.0,2.076167106628418,0.147058829665184,0.526832103729248,0.0,0.0,0.6323529481887817,127.0,220.0,adaptive,,,
17.0,binarize,efficientnet,threshold-127_max_value-220_method-adaptive_mean,0.2352941185235977,0.4117647058823529,10,10,single,4.0,11.0,0.07078181283109505,8,"{0: 1, 1: 45, 2: 24, 3: 32, 4: 25, 5: 55, 6: 13, 7: 9}",2.1085474491119385,0.1407766938209533,0.5283569693565369,0.0,0.0,2.06730055809021,0.1764705926179886,0.5561665892601013,0.0,0.0,0.6176470518112183,127.0,220.0,adaptive,,,
26.0,binarize,efficientnet,threshold-127_max_value-220_method-fixed,0.1739130467176437,0.36764705882352944,6,6,single,13.0,20.0,0.009400741025141074,5,"{0: 65, 1: 56, 2: 14, 3: 68, 5: 1}",2.134460210800171,0.1310679614543914,0.4905908405780792,0.0,0.0,2.079230070114136,0.1323529481887817,0.5095001459121704,0.0,0.0,0.6764705777168274,127.0,220.0,fixed,,,
19.0,binarize,efficientnet,threshold-127_max_value-255_method-adaptive_gaussian,0.2205882370471954,0.38235294117647056,3,3,single,6.0,13.0,0.05607593135469277,8,"{0: 29, 1: 15, 2: 40, 3: 37, 4: 20, 5: 15, 6: 29, 7: 19}",2.211608648300171,0.1310679614543914,0.4977209568023681,0.0,0.0,2.0836806297302246,0.2205882370471954,0.5004324913024902,0.0,0.0,0.6176470518112183,127.0,255.0,adaptive,,,
15.0,binarize,efficientnet,threshold-127_max_value-255_method-adaptive_mean,0.25,0.5441176470588235,10,10,single,2.0,9.0,0.08548769430749736,8,"{0: 48, 1: 11, 2: 5, 3: 12, 4: 36, 5: 22, 6: 54, 7: 16}",2.099490165710449,0.1553398072719574,0.5404490828514099,0.0,0.0,2.0573723316192627,0.25,0.5847441554069519,0.0,0.0,0.7352941036224365,127.0,255.0,adaptive,,,
18.0,binarize,efficientnet,threshold-127_max_value-255_method-fixed,0.2318840622901916,0.3382352941176471,13,13,single,5.0,12.0,0.06737175659768896,6,"{0: 3, 1: 62, 2: 8, 3: 61, 5: 5, 6: 65}",2.133375644683838,0.1213592216372489,0.4585729241371155,0.0,0.0,2.0810775756835938,0.1176470592617988,0.483131468296051,0.0,0.0,0.5735294222831726,127.0,255.0,fixed,,,
20.0,binarize,efficientnet,threshold-220_max_value-220_method-adaptive_gaussian,0.2173912972211837,0.4264705882352941,6,6,single,7.0,14.0,0.05287899152868106,7,"{0: 24, 1: 63, 2: 35, 3: 1, 4: 20, 6: 24, 7: 37}",2.1580960750579834,0.1262135952711105,0.5120399594306946,0.0,0.0,2.0746021270751958,0.1176470592617988,0.52032870054245,0.0,0.0,0.6617646813392639,220.0,220.0,adaptive,,,
24.0,binarize,efficientnet,threshold-220_max_value-220_method-adaptive_mean,0.1884057968854904,0.3235294117647059,7,7,single,11.0,18.0,0.023893491192987754,8,"{0: 20, 1: 22, 2: 45, 3: 10, 4: 21, 5: 34, 6: 39, 7: 13}",2.131364345550537,0.1456310749053955,0.5020619034767151,0.0,0.0,2.0825438499450684,0.0882352963089943,0.5039236545562744,0.0,0.0,0.6764705777168274,220.0,220.0,adaptive,,,
27.0,binarize,efficientnet,threshold-220_max_value-220_method-fixed,0.1617647111415863,0.36764705882352944,5,5,single,14.0,21.0,-0.0027475945509163324,4,"{0: 68, 1: 1, 3: 67, 5: 68}",2.139497756958008,0.1310679614543914,0.4635316431522369,0.0,0.0,2.082332134246826,0.1176470592617988,0.5050667524337769,0.0,0.0,0.6323529481887817,220.0,220.0,fixed,,,
25.0,binarize,efficientnet,threshold-220_max_value-255_method-adaptive_gaussian,0.1764705926179886,0.35294117647058826,1,1,single,12.0,19.0,0.01195828692548595,8,"{0: 7, 1: 27, 2: 22, 3: 51, 4: 19, 5: 25, 6: 10, 7: 43}",2.2906274795532227,0.097087375819683,0.4626816213130951,0.0,0.0,2.077502965927124,0.1764705926179886,0.5255808234214783,0.0,0.0,0.6029411554336548,220.0,255.0,adaptive,,,
14.0,binarize,efficientnet,threshold-220_max_value-255_method-adaptive_mean,0.260869562625885,0.4117647058823529,12,12,single,1.0,8.0,0.09635725693338237,8,"{0: 20, 1: 42, 2: 27, 3: 27, 4: 37, 5: 20, 6: 7, 7: 24}",2.083634853363037,0.1699029058218002,0.5587254762649536,0.0,0.0,2.065683364868164,0.1176470592617988,0.5506982207298279,0.0,0.0,0.6764705777168274,220.0,255.0,adaptive,,,
25.0,binarize,efficientnet,threshold-220_max_value-255_method-fixed,0.1764705926179886,0.39705882352941174,2,2,single,12.0,19.0,0.01195828692548595,5,"{1: 61, 2: 7, 3: 68, 5: 1, 6: 67}",2.121838092803955,0.116504855453968,0.5078049898147583,0.0,0.0,2.084956645965576,0.1176470592617988,0.5048350095748901,0.0,0.0,0.6470588445663452,220.0,255.0,fixed,,,
24.0,binarize,efficientnet,threshold-220_max_value-70_method-adaptive_gaussian,0.1884057968854904,0.38235294117647056,4,4,single,11.0,18.0,0.023893491192987754,3,"{1: 68, 2: 68, 6: 68}",2.143951177597046,0.116504855453968,0.4671791493892669,0.0,0.0,2.0822582244873047,0.1176470592617988,0.50418621301651,0.0,0.0,0.6176470518112183,220.0,70.0,adaptive,,,
25.0,binarize,efficientnet,threshold-220_max_value-70_method-adaptive_mean,0.1764705926179886,0.4117647058823529,5,5,single,12.0,19.0,0.01195828692548595,4,"{0: 68, 1: 68, 2: 21, 6: 47}",2.097174406051636,0.1893203854560852,0.5458892583847046,0.0,0.0,2.079216957092285,0.1764705926179886,0.5007723569869995,0.0,0.0,0.6176470518112183,220.0,70.0,adaptive,,,
31.0,binarize,efficientnet,threshold-220_max_value-70_method-fixed,0.1323529481887817,0.38235294117647056,1,1,single,18.0,25.0,-0.032159357503720926,3,"{0: 68, 1: 68, 5: 68}",2.125370502471924,0.1699029058218002,0.5247414708137512,0.0,0.0,2.0812721252441406,0.1323529481887817,0.5007723569869995,0.0,0.0,0.6176470518112183,220.0,70.0,fixed,,,
30.0,binarize,efficientnet,threshold-255_max_value-100_method-adaptive_mean,0.1449275314807891,0.39705882352941174,1,1,single,17.0,24.0,-0.019584774211713535,3,"{1: 68, 2: 68, 3: 68}",2.168125867843628,0.116504855453968,0.5097878575325012,0.6666666865348816,0.0097087379544973,2.0821096897125244,0.1176470592617988,0.4989495873451233,0.0,0.0,0.6176470518112183,255.0,100.0,adaptive,,,
31.0,binarize,efficientnet,threshold-255_max_value-100_method-fixed,0.1323529481887817,0.36764705882352944,3,3,single,18.0,25.0,-0.032159357503720926,3,"{2: 68, 6: 68, 7: 68}",2.1512789726257324,0.0922330096364021,0.4880391359329223,0.0,0.0,2.080704689025879,0.1323529481887817,0.5073529481887817,0.0,0.0,0.6323529481887817,255.0,100.0,fixed,,,
27.0,binarize,efficientnet,threshold-255_max_value-127_method-adaptive_gaussian,0.1617647111415863,0.36764705882352944,14,14,single,14.0,21.0,-0.0027475945509163324,5,"{0: 43, 1: 25, 3: 68, 5: 63, 7: 5}",2.103513240814209,0.1262135952711105,0.4811245203018188,0.0,0.0,2.0813448429107666,0.1176470592617988,0.4876421093940735,0.0,0.0,0.5882353186607361,255.0,127.0,adaptive,,,
26.0,binarize,efficientnet,threshold-255_max_value-127_method-adaptive_mean,0.1739130467176437,0.3382352941176471,10,10,single,13.0,20.0,0.009400741025141074,4,"{0: 68, 1: 8, 2: 60, 6: 68}",2.101705551147461,0.1116504818201065,0.4979111552238464,0.0,0.0,2.08138370513916,0.1176470592617988,0.5043870806694031,0.0,0.0,0.6323529481887817,255.0,127.0,adaptive,,,
31.0,binarize,efficientnet,threshold-255_max_value-127_method-fixed,0.1323529481887817,0.38235294117647056,3,3,single,18.0,25.0,-0.032159357503720926,3,"{0: 68, 1: 68, 5: 68}",2.122365474700928,0.1553398072719574,0.5107775926589966,0.0,0.0,2.082448959350586,0.1176470592617988,0.5,0.0,0.0,0.6323529481887817,255.0,127.0,fixed,,,
20.0,binarize,efficientnet,threshold-255_max_value-200_method-adaptive_gaussian,0.2173912972211837,0.38235294117647056,6,6,single,7.0,14.0,0.05287899152868106,8,"{0: 63, 1: 17, 2: 9, 3: 2, 4: 26, 5: 36, 6: 49, 7: 2}",2.1490941047668457,0.0776699036359787,0.4997306764125824,0.0,0.0,2.076669931411743,0.147058829665184,0.5181815028190613,0.0,0.0,0.6470588445663452,255.0,200.0,adaptive,,,
22.0,binarize,efficientnet,threshold-255_max_value-200_method-adaptive_mean,0.2028985470533371,0.38235294117647056,13,13,single,9.0,16.0,0.03838624136083446,8,"{0: 19, 1: 2, 2: 54, 3: 12, 4: 31, 5: 8, 6: 57, 7: 21}",2.0860962867736816,0.1699029058218002,0.5346572399139404,0.0,0.0,2.0757205486297607,0.1323529481887817,0.5109830498695374,0.0,0.0,0.6323529481887817,255.0,200.0,adaptive,,,
31.0,binarize,efficientnet,threshold-255_max_value-200_method-fixed,0.1323529481887817,0.36764705882352944,6,6,single,18.0,25.0,-0.032159357503720926,3,"{0: 68, 2: 68, 6: 68}",2.121164560317993,0.1213592216372489,0.4996313750743866,0.0,0.0,2.081573486328125,0.1176470592617988,0.5010504126548767,0.0,0.0,0.6323529481887817,255.0,200.0,fixed,,,
17.0,binarize,efficientnet,threshold-255_max_value-220_method-adaptive_gaussian,0.2352941185235977,0.3382352941176471,13,13,single,4.0,11.0,0.07078181283109505,8,"{0: 41, 1: 10, 2: 56, 3: 32, 4: 13, 5: 13, 6: 6, 7: 33}",2.126742124557495,0.1359223276376724,0.495180994272232,0.0,0.0,2.086615085601806,0.073529414832592,0.495242178440094,0.0,0.0,0.6470588445663452,255.0,220.0,adaptive,,,
27.0,binarize,efficientnet,threshold-255_max_value-220_method-adaptive_mean,0.1617647111415863,0.4117647058823529,8,8,single,14.0,21.0,-0.0027475945509163324,8,"{0: 13, 1: 26, 2: 46, 3: 40, 4: 22, 5: 12, 6: 31, 7: 14}",2.1289663314819336,0.1504854410886764,0.5206529498100281,0.0,0.0,2.0796597003936768,0.0882352963089943,0.521209180355072,0.0,0.0,0.6470588445663452,255.0,220.0,adaptive,,,
31.0,binarize,efficientnet,threshold-255_max_value-220_method-fixed,0.1323529481887817,0.39705882352941174,2,2,single,18.0,25.0,-0.032159357503720926,3,"{1: 68, 3: 68, 5: 68}",2.160348653793335,0.0679611638188362,0.484376460313797,0.0,0.0,2.0881712436676025,0.1176470592617988,0.4957983195781708,0.0,0.0,0.6176470518112183,255.0,220.0,fixed,,,
17.0,binarize,inception,threshold-100_max_value-100_method-adaptive_gaussian,0.2352941185235977,0.4411764705882353,13,13,single,16.0,11.0,-0.015441651889093327,8,"{0: 32, 1: 46, 2: 20, 3: 26, 4: 13, 5: 24, 6: 24, 7: 19}",1.940856695175171,0.223300963640213,0.6818620562553406,0.3333333432674408,0.0194174759089946,2.047764301300049,0.2352941185235977,0.5589316487312317,0.0,0.0,0.6323529481887817,100.0,100.0,adaptive,,,
19.0,binarize,inception,threshold-100_max_value-100_method-adaptive_mean,0.2205882370471954,0.45588235294117646,8,8,single,18.0,13.0,-0.03014753336549561,8,"{0: 36, 1: 11, 2: 21, 3: 45, 4: 19, 5: 42, 6: 19, 7: 11}",2.1327803134918213,0.1844660192728042,0.6151078343391418,0.1176470592617988,0.0097087379544973,2.0412418842315674,0.2205882370471954,0.5975809693336487,0.0,0.0,0.75,100.0,100.0,adaptive,,,
9.0,binarize,inception,threshold-100_max_value-100_method-fixed,0.294117659330368,0.5,7,7,single,8.0,3.0,0.04338188891767697,8,"{0: 17, 1: 12, 2: 45, 3: 41, 4: 16, 5: 13, 6: 42, 7: 18}",2.045562267303467,0.223300963640213,0.6408305168151855,0.4117647111415863,0.0339805819094181,2.023134469985962,0.294117659330368,0.5990484356880188,0.0,0.0,0.7058823704719543,100.0,100.0,fixed,,,
22.0,binarize,inception,threshold-100_max_value-127_method-adaptive_gaussian,0.2028985470533371,0.38235294117647056,10,10,single,21.0,16.0,-0.04783722335935392,8,"{0: 34, 1: 37, 2: 30, 3: 18, 4: 19, 5: 18, 6: 27, 7: 21}",1.9756351709365845,0.2330097109079361,0.6578174233436584,0.4285714328289032,0.014563106931746,2.106761932373047,0.1617647111415863,0.523186445236206,0.0,0.0,0.6029411554336548,100.0,127.0,adaptive,,,
9.0,binarize,inception,threshold-100_max_value-127_method-adaptive_mean,0.294117659330368,0.4117647058823529,7,7,single,8.0,3.0,0.04338188891767697,8,"{0: 25, 1: 24, 2: 32, 3: 36, 4: 27, 5: 14, 6: 32, 7: 14}",2.1678504943847656,0.1796116530895233,0.600502610206604,0.1111111119389534,0.0097087379544973,2.081227779388428,0.1617647111415863,0.5334126353263855,0.0,0.0,0.6764705777168274,100.0,127.0,adaptive,,,
7.0,binarize,inception,threshold-100_max_value-127_method-fixed,0.3088235259056091,0.5588235294117647,4,4,single,6.0,1.0,0.05808775549291806,8,"{0: 23, 1: 14, 2: 36, 3: 25, 4: 25, 5: 32, 6: 32, 7: 17}",2.371368646621704,0.1601941734552383,0.5377694964408875,0.1739130467176437,0.0194174759089946,1.9605997800827024,0.3088235259056091,0.645900309085846,0.0,0.0,0.720588207244873,100.0,127.0,fixed,,,
13.0,binarize,inception,threshold-100_max_value-200_method-adaptive_gaussian,0.2647058963775635,0.47058823529411764,15,15,single,12.0,7.0,0.01397012596487246,8,"{0: 16, 1: 28, 2: 17, 3: 31, 4: 21, 5: 29, 6: 25, 7: 37}",1.83138906955719,0.3203883469104767,0.7243310809135437,0.4705882370471954,0.0388349518179893,2.0863287448883057,0.1617647111415863,0.5471763014793396,0.0,0.0,0.6470588445663452,100.0,200.0,adaptive,,,
18.0,binarize,inception,threshold-100_max_value-200_method-adaptive_mean,0.2318840622901916,0.4117647058823529,15,15,single,17.0,12.0,-0.018851708122499422,8,"{0: 17, 1: 24, 2: 37, 3: 12, 4: 13, 5: 33, 6: 28, 7: 40}",1.8720598220825195,0.291262149810791,0.7059521675109863,0.4615384638309479,0.029126213863492,2.0559117794036865,0.1764705926179886,0.5484892129898071,0.0,0.0,0.6470588445663452,100.0,200.0,adaptive,,,
21.0,binarize,inception,threshold-100_max_value-200_method-fixed,0.2058823555707931,0.47058823529411764,7,7,single,20.0,15.0,-0.04485341484189792,8,"{0: 25, 1: 34, 2: 18, 3: 16, 4: 21, 5: 39, 6: 23, 7: 28}",2.0904858112335205,0.1941747516393661,0.6307312846183777,0.2000000029802322,0.0194174759089946,2.07532286643982,0.2058823555707931,0.5541120767593384,0.0,0.0,0.6764705777168274,100.0,200.0,fixed,,,
16.0,binarize,inception,threshold-100_max_value-220_method-adaptive_gaussian,0.2463768124580383,0.45588235294117646,7,7,single,15.0,10.0,-0.004358957954652715,8,"{0: 45, 1: 33, 2: 17, 3: 31, 4: 30, 5: 21, 6: 13, 7: 14}",2.105203628540039,0.1990291327238083,0.6012499332427979,0.3846153914928436,0.0242718439549207,2.0590298175811768,0.1764705926179886,0.5599203109741211,0.0,0.0,0.7058823704719543,100.0,220.0,adaptive,,,
19.0,binarize,inception,threshold-100_max_value-220_method-adaptive_mean,0.2205882370471954,0.38235294117647056,2,2,single,18.0,13.0,-0.03014753336549561,8,"{0: 39, 1: 23, 2: 24, 3: 30, 4: 20, 5: 26, 6: 28, 7: 14}",2.648638963699341,0.1553398072719574,0.518856942653656,0.1269841343164444,0.0388349518179893,2.171652317047119,0.0882352963089943,0.5000618100166321,0.0,0.0,0.6176470518112183,100.0,220.0,adaptive,,,
17.0,binarize,inception,threshold-100_max_value-220_method-fixed,0.2352941185235977,0.4117647058823529,15,15,single,16.0,11.0,-0.015441651889093327,8,"{0: 26, 1: 18, 2: 40, 3: 27, 4: 22, 5: 27, 6: 31, 7: 13}",1.83573055267334,0.276699036359787,0.7265663743019104,0.6086956262588501,0.0679611638188362,2.06684684753418,0.2352941185235977,0.5551470518112183,1.0,0.0147058824077248,0.6323529481887817,100.0,220.0,fixed,,,
16.0,binarize,inception,threshold-100_max_value-255_method-adaptive_gaussian,0.2463768124580383,0.47058823529411764,12,12,single,15.0,10.0,-0.004358957954652715,8,"{0: 23, 1: 32, 2: 28, 3: 19, 4: 25, 5: 16, 6: 32, 7: 29}",1.893215894699097,0.3009708821773529,0.7051694393157959,0.3333333432674408,0.0242718439549207,2.0768275260925293,0.1764705926179886,0.5573251247406006,0.0,0.0,0.6323529481887817,100.0,255.0,adaptive,,,
19.0,binarize,inception,threshold-100_max_value-255_method-adaptive_mean,0.2205882370471954,0.38235294117647056,13,13,single,18.0,13.0,-0.03014753336549561,8,"{0: 33, 1: 13, 2: 37, 3: 35, 4: 13, 5: 31, 6: 22, 7: 20}",1.9718201160430908,0.237864077091217,0.6568260788917542,0.5,0.0242718439549207,2.1065070629119877,0.1029411777853965,0.5024097561836243,0.0,0.0,0.6323529481887817,100.0,255.0,adaptive,,,
19.0,binarize,inception,threshold-100_max_value-255_method-fixed,0.2205882370471954,0.5147058823529411,11,11,single,18.0,13.0,-0.03014753336549561,8,"{0: 29, 1: 22, 2: 25, 3: 32, 4: 18, 5: 19, 6: 30, 7: 29}",1.9422391653060915,0.2669903039932251,0.6746343970298767,0.3478260934352875,0.0388349518179893,2.0387120246887207,0.1764705926179886,0.6019216179847717,0.0,0.0,0.720588207244873,100.0,255.0,fixed,,,
8.0,binarize,inception,threshold-100_max_value-70_method-adaptive_gaussian,0.304347813129425,0.35294117647058826,13,13,single,7.0,2.0,0.053612042716733976,8,"{0: 36, 1: 24, 2: 15, 3: 23, 4: 26, 5: 25, 6: 25, 7: 30}",1.8699913024902344,0.2621359229087829,0.7073306441307068,0.5833333134651184,0.0679611638188362,2.0785961151123047,0.1764705926179886,0.5483347773551941,0.0,0.0,0.6470588445663452,100.0,70.0,adaptive,,,
13.0,binarize,inception,threshold-100_max_value-70_method-adaptive_mean,0.2647058963775635,0.5,9,9,single,12.0,7.0,0.01397012596487246,8,"{0: 23, 1: 25, 2: 26, 3: 33, 4: 12, 5: 23, 6: 32, 7: 30}",1.9552785158157349,0.237864077091217,0.6717897057533264,0.5882353186607361,0.0485436879098415,2.0425009727478027,0.2647058963775635,0.5753985643386841,0.0,0.0,0.720588207244873,100.0,70.0,adaptive,,,
17.0,binarize,inception,threshold-70_max_value-200_method-adaptive_gaussian,0.2352941185235977,0.5,11,11,single,16.0,11.0,-0.015441651889093327,8,"{0: 16, 1: 33, 2: 16, 3: 43, 4: 20, 5: 31, 6: 26, 7: 19}",2.087963819503784,0.2087378650903701,0.6131148338317871,0.2142857164144516,0.014563106931746,2.0483174324035645,0.2352941185235977,0.5879263281822205,0.0,0.0,0.720588207244873,70.0,200.0,adaptive,,,
20.0,binarize,inception,threshold-70_max_value-200_method-adaptive_mean,0.2173912972211837,0.36764705882352944,9,9,single,19.0,14.0,-0.03334447319150732,8,"{0: 22, 1: 25, 2: 49, 3: 29, 4: 19, 5: 31, 6: 21, 7: 8}",2.118821859359741,0.1844660192728042,0.601955235004425,0.4285714328289032,0.029126213863492,2.075740098953247,0.1323529481887817,0.5119253993034363,0.0,0.0,0.5735294222831726,70.0,200.0,adaptive,,,
10.0,binarize,inception,threshold-70_max_value-200_method-fixed,0.2898550629615783,0.4117647058823529,14,14,single,9.0,4.0,0.0391192925488873,8,"{0: 18, 1: 41, 2: 17, 3: 25, 4: 23, 5: 25, 6: 24, 7: 31}",1.749335527420044,0.3252427279949188,0.7492577433586121,0.6818181872367859,0.0728155374526977,2.096232891082764,0.1176470592617988,0.5359460115432739,0.0,0.0,0.6176470518112183,70.0,200.0,fixed,,,
20.0,binarize,inception,threshold-70_max_value-220_method-adaptive_gaussian,0.2173912972211837,0.4411764705882353,10,10,single,19.0,14.0,-0.03334447319150732,8,"{0: 22, 1: 24, 2: 17, 3: 28, 4: 17, 5: 35, 6: 28, 7: 33}",1.9727439880371092,0.2864077687263489,0.6624093055725098,0.4799999892711639,0.058252427726984,2.101768970489502,0.1911764740943908,0.5347874760627747,0.0,0.0,0.6617646813392639,70.0,220.0,adaptive,,,
20.0,binarize,inception,threshold-70_max_value-220_method-adaptive_mean,0.2173912972211837,0.39705882352941174,12,12,single,19.0,14.0,-0.03334447319150732,8,"{0: 16, 1: 32, 2: 37, 3: 27, 4: 20, 5: 28, 6: 13, 7: 31}",1.966675877571106,0.2427184432744979,0.667411744594574,0.5,0.0436893217265605,2.136136054992676,0.147058829665184,0.475346028804779,0.0,0.0,0.4852941036224365,70.0,220.0,adaptive,,,
17.0,binarize,inception,threshold-70_max_value-220_method-fixed,0.2352941185235977,0.5,10,10,single,16.0,11.0,-0.015441651889093327,8,"{0: 20, 1: 32, 2: 22, 3: 28, 4: 35, 5: 28, 6: 27, 7: 12}",1.9916908740997317,0.2621359229087829,0.6631936430931091,0.2916666567325592,0.0339805819094181,2.0117290019989014,0.2352941185235977,0.6232081651687622,0.0,0.0,0.8088235259056091,70.0,220.0,fixed,,,
15.0,binarize,inception,threshold-70_max_value-255_method-adaptive_gaussian,0.25,0.4264705882352941,13,13,single,14.0,9.0,-0.000735770412691017,8,"{0: 35, 1: 11, 2: 39, 3: 50, 4: 6, 5: 19, 6: 18, 7: 26}",1.954128623008728,0.2475728094577789,0.6658817529678345,0.3636363744735718,0.0194174759089946,2.067284107208252,0.25,0.5451526045799255,0.0,0.0,0.6764705777168274,70.0,255.0,adaptive,,,
15.0,binarize,inception,threshold-70_max_value-255_method-adaptive_mean,0.25,0.4117647058823529,11,11,single,14.0,9.0,-0.000735770412691017,8,"{0: 20, 1: 16, 2: 53, 3: 40, 4: 6, 5: 14, 6: 39, 7: 16}",1.9731898307800293,0.2281553447246551,0.6639965176582336,0.3125,0.0242718439549207,2.0492982864379883,0.1617647111415863,0.5606154203414917,0.0,0.0,0.6911764740943909,70.0,255.0,adaptive,,,
12.0,binarize,inception,threshold-70_max_value-255_method-fixed,0.2753623127937317,0.45588235294117646,10,10,single,11.0,6.0,0.024626542381040673,8,"{0: 31, 1: 32, 2: 34, 3: 9, 4: 34, 5: 23, 6: 29, 7: 12}",1.9772833585739136,0.252427190542221,0.6705424785614014,0.4615384638309479,0.029126213863492,2.054137706756592,0.2205882370471954,0.5578966736793518,1.0,0.0147058824077248,0.6764705777168274,70.0,255.0,fixed,,,
19.0,binarize,inception,threshold-70_max_value-70_method-adaptive_gaussian,0.2205882370471954,0.39705882352941174,6,6,single,18.0,13.0,-0.03014753336549561,8,"{0: 26, 1: 39, 2: 24, 3: 34, 4: 24, 5: 21, 6: 20, 7: 16}",2.260132074356079,0.1601941734552383,0.5742664337158203,0.1500000059604644,0.014563106931746,2.1057496070861816,0.1029411777853965,0.5230165719985962,0.0,0.0,0.6911764740943909,70.0,70.0,adaptive,,,
13.0,binarize,inception,threshold-70_max_value-70_method-adaptive_mean,0.2647058963775635,0.45588235294117646,7,7,single,12.0,7.0,0.01397012596487246,8,"{0: 26, 1: 13, 2: 45, 3: 53, 4: 8, 5: 22, 6: 24, 7: 13}",2.057647466659546,0.218446597456932,0.6474001407623291,0.2800000011920929,0.0339805819094181,2.109626054763794,0.1176470592617988,0.5145050883293152,0.0,0.0,0.6176470518112183,70.0,70.0,adaptive,,,
11.0,binarize,inception,threshold-70_max_value-70_method-fixed,0.2794117629528045,0.5,11,11,single,10.0,5.0,0.028675992540113493,8,"{0: 27, 1: 25, 2: 24, 3: 28, 4: 18, 5: 30, 6: 28, 7: 24}",1.8683650493621824,0.3203883469104767,0.7052772045135498,0.550000011920929,0.0533980578184127,2.017057418823242,0.2794117629528045,0.6089965105056763,0.0,0.0,0.6764705777168274,70.0,70.0,fixed,,,
11.0,binarize,inception,threshold-127_max_value-70_method-adaptive_mean,0.2794117629528045,0.45588235294117646,11,11,single,10.0,5.0,0.028675992540113493,8,"{0: 27, 1: 22, 2: 34, 3: 31, 4: 18, 5: 16, 6: 27, 7: 29}",2.0187153816223145,0.2572815418243408,0.6457673907279968,0.3333333432674408,0.0242718439549207,2.0551459789276123,0.1764705926179886,0.5545910000801086,0.0,0.0,0.6470588445663452,127.0,70.0,adaptive,,,
21.0,binarize,inception,threshold-127_max_value-70_method-fixed,0.2058823555707931,0.47058823529411764,5,5,single,20.0,15.0,-0.04485341484189792,8,"{0: 22, 1: 17, 2: 29, 3: 19, 4: 28, 5: 32, 6: 28, 7: 29}",2.22441029548645,0.1504854410886764,0.5938960313796997,0.2000000029802322,0.029126213863492,2.0717906951904297,0.1617647111415863,0.5658520460128784,0.0,0.0,0.7352941036224365,127.0,70.0,fixed,,,
17.0,binarize,inception,threshold-200_max_value-100_method-adaptive_gaussian,0.2352941185235977,0.5,6,6,single,16.0,11.0,-0.015441651889093327,8,"{0: 25, 1: 26, 2: 25, 3: 27, 4: 28, 5: 28, 6: 28, 7: 17}",2.188467025756836,0.1699029058218002,0.6017094254493713,0.4166666567325592,0.0485436879098415,2.0393965244293213,0.2352941185235977,0.5985541343688965,0.0,0.0,0.6617646813392639,200.0,100.0,adaptive,,,
9.0,binarize,inception,threshold-200_max_value-100_method-adaptive_mean,0.294117659330368,0.5147058823529411,8,8,single,8.0,3.0,0.04338188891767697,8,"{0: 27, 1: 28, 2: 42, 3: 32, 4: 21, 5: 22, 6: 22, 7: 10}",2.1629209518432617,0.1796116530895233,0.5923811197280884,0.095238097012043,0.0097087379544973,2.032062530517578,0.294117659330368,0.5905060768127441,0.0,0.0,0.6617646813392639,200.0,100.0,adaptive,,,
15.0,binarize,inception,threshold-200_max_value-100_method-fixed,0.25,0.4852941176470588,13,13,single,14.0,9.0,-0.000735770412691017,8,"{0: 17, 1: 41, 2: 18, 3: 16, 4: 18, 5: 44, 6: 42, 7: 8}",1.8000319004058838,0.2669903039932251,0.733184814453125,0.8333333134651184,0.0485436879098415,2.086000442504883,0.1617647111415863,0.5931475758552551,1.0,0.0147058824077248,0.75,200.0,100.0,fixed,,,
17.0,binarize,inception,threshold-200_max_value-127_method-adaptive_gaussian,0.2352941185235977,0.5,8,8,single,16.0,11.0,-0.015441651889093327,8,"{0: 44, 1: 11, 2: 13, 3: 33, 4: 28, 5: 33, 6: 24, 7: 18}",2.1253602504730225,0.1990291327238083,0.6168718338012695,0.25,0.029126213863492,2.084698438644409,0.1764705926179886,0.5339223742485046,0.0,0.0,0.6323529481887817,200.0,127.0,adaptive,,,
17.0,binarize,inception,threshold-200_max_value-127_method-adaptive_mean,0.2352941185235977,0.4264705882352941,8,8,single,16.0,11.0,-0.015441651889093327,8,"{0: 11, 1: 22, 2: 40, 3: 13, 4: 23, 5: 29, 6: 22, 7: 44}",2.0780391693115234,0.218446597456932,0.6355974674224854,0.3157894611358642,0.029126213863492,2.055891275405884,0.2352941185235977,0.5556567907333374,0.0,0.0,0.6323529481887817,200.0,127.0,adaptive,,,
11.0,binarize,inception,threshold-200_max_value-127_method-fixed,0.2794117629528045,0.4264705882352941,1,1,single,10.0,5.0,0.028675992540113493,8,"{0: 21, 1: 38, 2: 13, 3: 18, 4: 17, 5: 41, 6: 42, 7: 14}",2.3746800422668457,0.116504855453968,0.5076904892921448,0.1363636404275894,0.014563106931746,2.084249258041382,0.1176470592617988,0.4980073273181915,0.0,0.0,0.6323529481887817,200.0,127.0,fixed,,,
21.0,binarize,inception,threshold-200_max_value-200_method-adaptive_gaussian,0.2058823555707931,0.36764705882352944,12,12,single,20.0,15.0,-0.04485341484189792,8,"{0: 33, 1: 28, 2: 24, 3: 45, 4: 19, 5: 17, 6: 18, 7: 20}",1.914797306060791,0.3058252334594726,0.690170407295227,0.4000000059604645,0.029126213863492,2.066338300704956,0.2058823555707931,0.5555486679077148,0.0,0.0,0.6617646813392639,200.0,200.0,adaptive,,,
17.0,binarize,inception,threshold-200_max_value-200_method-adaptive_mean,0.2352941185235977,0.36764705882352944,10,10,single,16.0,11.0,-0.015441651889093327,8,"{0: 48, 1: 27, 2: 38, 3: 10, 4: 17, 5: 23, 6: 24, 7: 17}",1.950889110565185,0.276699036359787,0.6765751242637634,0.409090906381607,0.0436893217265605,2.094523429870605,0.2352941185235977,0.522166907787323,0.0,0.0,0.6029411554336548,200.0,200.0,adaptive,,,
17.0,binarize,inception,threshold-200_max_value-200_method-fixed,0.2352941185235977,0.4117647058823529,3,3,single,16.0,11.0,-0.015441651889093327,8,"{0: 24, 1: 39, 2: 22, 3: 15, 4: 9, 5: 38, 6: 43, 7: 14}",2.1593050956726074,0.1747572869062423,0.56351238489151,0.3125,0.0242718439549207,2.0572800636291504,0.1617647111415863,0.5573869347572327,0.0,0.0,0.6470588445663452,200.0,200.0,fixed,,,
23.0,binarize,inception,threshold-200_max_value-220_method-adaptive_gaussian,0.1911764740943908,0.45588235294117646,13,13,single,22.0,17.0,-0.0595592963183002,8,"{0: 33, 1: 14, 2: 26, 3: 34, 4: 18, 5: 34, 6: 30, 7: 15}",1.9715368747711184,0.2427184432744979,0.6524195075035095,0.5384615659713745,0.0339805819094181,2.0577125549316406,0.1911764740943908,0.5675203800201416,0.0,0.0,0.6764705777168274,200.0,220.0,adaptive,,,
13.0,binarize,inception,threshold-200_max_value-220_method-adaptive_mean,0.2647058963775635,0.38235294117647056,6,6,single,12.0,7.0,0.01397012596487246,8,"{0: 40, 1: 17, 2: 27, 3: 14, 4: 21, 5: 32, 6: 31, 7: 22}",2.2430062294006348,0.1844660192728042,0.5837580561637878,0.1666666716337204,0.0194174759089946,2.015373706817627,0.2647058963775635,0.5949239134788513,0.0,0.0,0.720588207244873,200.0,220.0,adaptive,,,
17.0,binarize,inception,threshold-200_max_value-220_method-fixed,0.2352941185235977,0.5147058823529411,2,2,single,16.0,11.0,-0.015441651889093327,8,"{0: 29, 1: 35, 2: 19, 3: 9, 4: 15, 5: 42, 6: 42, 7: 13}",2.22625994682312,0.1456310749053955,0.5434300899505615,0.0869565233588218,0.0097087379544973,2.069915771484375,0.2352941185235977,0.5264613628387451,0.0,0.0,0.6617646813392639,200.0,220.0,fixed,,,
11.0,binarize,inception,threshold-200_max_value-255_method-adaptive_gaussian,0.2794117629528045,0.47058823529411764,12,12,single,10.0,5.0,0.028675992540113493,8,"{0: 32, 1: 19, 2: 38, 3: 48, 4: 11, 5: 16, 6: 21, 7: 19}",1.966291904449463,0.2475728094577789,0.662865400314331,0.3076923191547394,0.0194174759089946,2.0734212398529053,0.1764705926179886,0.556923508644104,0.0,0.0,0.6470588445663452,200.0,255.0,adaptive,,,
15.0,binarize,inception,threshold-200_max_value-255_method-adaptive_mean,0.25,0.38235294117647056,5,5,single,14.0,9.0,-0.000735770412691017,8,"{0: 25, 1: 37, 2: 22, 3: 24, 4: 15, 5: 31, 6: 18, 7: 32}",2.212336301803589,0.2038834989070892,0.6159729361534119,0.2727272808551788,0.0436893217265605,2.137118339538574,0.1029411777853965,0.5111993551254272,0.0,0.0,0.6617646813392639,200.0,255.0,adaptive,,,
17.0,binarize,inception,threshold-100_max_value-70_method-fixed,0.2352941185235977,0.5,13,13,single,16.0,11.0,-0.015441651889093327,8,"{0: 21, 1: 21, 2: 30, 3: 40, 4: 20, 5: 21, 6: 33, 7: 18}",1.8731001615524288,0.291262149810791,0.710395872592926,0.2857142984867096,0.0194174759089946,2.059048652648926,0.2352941185235977,0.5658366084098816,0.0,0.0,0.6764705777168274,100.0,70.0,fixed,,,
12.0,binarize,inception,threshold-127_max_value-70_method-adaptive_gaussian,0.2753623127937317,0.4852941176470588,10,10,single,11.0,6.0,0.024626542381040673,8,"{0: 31, 1: 33, 2: 24, 3: 22, 4: 21, 5: 19, 6: 25, 7: 29}",2.039371490478516,0.2281553447246551,0.6463968753814697,0.2000000029802322,0.0194174759089946,2.044464588165283,0.2205882370471954,0.5829985737800598,0.0,0.0,0.720588207244873,127.0,70.0,adaptive,,,
18.0,binarize,inception,threshold-200_max_value-255_method-fixed,0.2318840622901916,0.4852941176470588,11,11,single,17.0,12.0,-0.018851708122499422,8,"{0: 19, 1: 39, 2: 13, 3: 18, 4: 18, 5: 42, 6: 42, 7: 13}",1.8855234384536743,0.2135922312736511,0.692252516746521,0.5555555820465088,0.0485436879098415,2.052309036254883,0.147058829665184,0.5815156698226929,0.0,0.0,0.6911764740943909,200.0,255.0,fixed,,,
20.0,binarize,inception,threshold-220_max_value-200_method-fixed,0.2173912972211837,0.4117647058823529,13,13,single,19.0,14.0,-0.03334447319150732,8,"{0: 20, 1: 44, 2: 13, 3: 10, 4: 5, 5: 49, 6: 52, 7: 11}",1.928193211555481,0.2135922312736511,0.637733519077301,0.5833333134651184,0.0339805819094181,2.10987401008606,0.1176470592617988,0.5422331094741821,0.0,0.0,0.7058823704719543,220.0,200.0,fixed,,,
19.0,binarize,inception,threshold-255_max_value-100_method-adaptive_gaussian,0.2205882370471954,0.4411764705882353,7,7,single,18.0,13.0,-0.03014753336549561,8,"{0: 33, 1: 39, 2: 36, 3: 16, 4: 24, 5: 21, 6: 23, 7: 12}",2.1027607917785645,0.2087378650903701,0.6189135313034058,0.4285714328289032,0.029126213863492,2.0422282218933105,0.2205882370471954,0.5785806775093079,0.0,0.0,0.6764705777168274,255.0,100.0,adaptive,,,
11.0,binarize,inception,threshold-255_max_value-255_method-adaptive_gaussian,0.2794117629528045,0.5,9,9,single,10.0,5.0,0.028675992540113493,8,"{0: 28, 1: 42, 2: 24, 3: 29, 4: 29, 5: 17, 6: 23, 7: 12}",2.060516357421875,0.218446597456932,0.6246751546859741,0.3333333432674408,0.0194174759089946,2.035676956176758,0.2794117629528045,0.5931166410446167,0.0,0.0,0.7352941036224365,255.0,255.0,adaptive,,,
16.0,binarize,inception,threshold-70_max_value-127_method-fixed,0.2463768124580383,0.45588235294117646,15,15,single,15.0,10.0,-0.004358957954652715,8,"{0: 41, 1: 35, 2: 25, 3: 21, 4: 24, 5: 12, 6: 15, 7: 31}",1.8902043104171755,0.276699036359787,0.6988102793693542,0.4285714328289032,0.029126213863492,2.0376639366149902,0.1323529481887817,0.5944605469703674,0.0,0.0,0.75,70.0,127.0,fixed,,,
14.0,binarize,inception,threshold-200_max_value-70_method-adaptive_gaussian,0.260869562625885,0.38235294117647056,13,13,single,13.0,8.0,0.010133792213193993,8,"{0: 34, 1: 30, 2: 17, 3: 25, 4: 17, 5: 24, 6: 28, 7: 29}",1.887176752090454,0.3009708821773529,0.7011937499046326,0.5454545617103577,0.058252427726984,2.075770139694214,0.147058829665184,0.5501421093940735,0.0,0.0,0.720588207244873,200.0,70.0,adaptive,,,
11.0,binarize,inception,threshold-200_max_value-70_method-adaptive_mean,0.2794117629528045,0.47058823529411764,15,15,single,10.0,5.0,0.028675992540113493,8,"{0: 32, 1: 24, 2: 19, 3: 27, 4: 16, 5: 32, 6: 31, 7: 23}",1.7932568788528442,0.3300970792770386,0.7378893494606018,0.5714285969734192,0.0776699036359787,2.033080577850342,0.2794117629528045,0.5784879922866821,0.0,0.0,0.6617646813392639,200.0,70.0,adaptive,,,
15.0,binarize,inception,threshold-200_max_value-70_method-fixed,0.25,0.45588235294117646,8,8,single,14.0,9.0,-0.000735770412691017,8,"{0: 23, 1: 42, 2: 20, 3: 10, 4: 16, 5: 44, 6: 43, 7: 6}",2.000070810317993,0.237864077091217,0.6412850022315979,0.5,0.0388349518179893,2.078174829483032,0.1029411777853965,0.5769587159156799,1.0,0.0147058824077248,0.720588207244873,200.0,70.0,fixed,,,
12.0,binarize,inception,threshold-220_max_value-100_method-adaptive_gaussian,0.2753623127937317,0.4117647058823529,6,6,single,11.0,6.0,0.024626542381040673,8,"{0: 25, 1: 12, 2: 27, 3: 43, 4: 12, 5: 22, 6: 25, 7: 38}",2.1755259037017822,0.218446597456932,0.6067675352096558,0.3333333432674408,0.029126213863492,2.1015210151672363,0.1617647111415863,0.5304467082023621,0.0,0.0,0.6029411554336548,220.0,100.0,adaptive,,,
17.0,binarize,inception,threshold-220_max_value-100_method-adaptive_mean,0.2352941185235977,0.38235294117647056,10,10,single,16.0,11.0,-0.015441651889093327,8,"{0: 20, 1: 9, 2: 22, 3: 41, 4: 25, 5: 17, 6: 48, 7: 22}",2.1390905380249023,0.1553398072719574,0.5972387790679932,0.2222222238779068,0.0194174759089946,2.0772736072540283,0.147058829665184,0.5367183685302734,0.0,0.0,0.6470588445663452,220.0,100.0,adaptive,,,
25.0,binarize,inception,threshold-220_max_value-100_method-fixed,0.1764705926179886,0.47058823529411764,13,13,single,24.0,19.0,-0.07426517779470243,8,"{0: 18, 1: 45, 2: 14, 3: 58, 4: 4, 5: 5, 6: 49, 7: 11}",1.9275521039962769,0.237864077091217,0.6426500678062439,0.6363636255264282,0.0339805819094181,2.125436782836914,0.1029411777853965,0.5270946621894836,0.0,0.0,0.6470588445663452,220.0,100.0,fixed,,,
15.0,binarize,inception,threshold-220_max_value-127_method-adaptive_gaussian,0.25,0.4852941176470588,9,9,single,14.0,9.0,-0.000735770412691017,8,"{0: 13, 1: 44, 2: 25, 3: 12, 4: 27, 5: 28, 6: 38, 7: 17}",1.9984883069992063,0.2330097109079361,0.6587886810302734,0.3199999928474426,0.0388349518179893,2.0239791870117188,0.2352941185235977,0.5982606410980225,0.0,0.0,0.7058823704719543,220.0,127.0,adaptive,,,
19.0,binarize,inception,threshold-220_max_value-127_method-adaptive_mean,0.2205882370471954,0.4117647058823529,9,9,single,18.0,13.0,-0.03014753336549561,8,"{0: 11, 1: 28, 2: 38, 3: 28, 4: 26, 5: 25, 6: 27, 7: 21}",2.033054828643799,0.2427184432744979,0.6441531777381897,0.5625,0.0436893217265605,2.099448680877685,0.2205882370471954,0.5459095239639282,0.0,0.0,0.6617646813392639,220.0,127.0,adaptive,,,
20.0,binarize,inception,threshold-220_max_value-127_method-fixed,0.2173912972211837,0.4117647058823529,11,11,single,19.0,14.0,-0.03334447319150732,8,"{0: 20, 1: 3, 2: 14, 3: 11, 4: 49, 5: 50, 6: 49, 7: 8}",1.943471074104309,0.2475728094577789,0.6385700106620789,0.6666666865348816,0.0097087379544973,2.092839479446411,0.147058829665184,0.5784571170806885,0.0,0.0,0.720588207244873,220.0,127.0,fixed,,,
23.0,binarize,inception,threshold-220_max_value-200_method-adaptive_gaussian,0.1911764740943908,0.4411764705882353,5,5,single,22.0,17.0,-0.0595592963183002,8,"{0: 25, 1: 13, 2: 52, 3: 27, 4: 13, 5: 21, 6: 23, 7: 30}",2.2691128253936768,0.1796116530895233,0.5818526744842529,0.1290322542190551,0.0194174759089946,2.103899955749512,0.1029411777853965,0.5435923933982849,0.0,0.0,0.720588207244873,220.0,200.0,adaptive,,,
14.0,binarize,inception,threshold-220_max_value-200_method-adaptive_mean,0.260869562625885,0.4411764705882353,14,14,single,13.0,8.0,0.010133792213193993,8,"{0: 37, 1: 22, 2: 26, 3: 35, 4: 21, 5: 17, 6: 21, 7: 25}",1.9556647539138796,0.2475728094577789,0.6697295308113098,0.5333333611488342,0.0388349518179893,2.063520669937134,0.1911764740943908,0.5362703800201416,0.0,0.0,0.6764705777168274,220.0,200.0,adaptive,,,
21.0,binarize,inception,threshold-255_max_value-255_method-adaptive_mean,0.2058823555707931,0.47058823529411764,11,11,single,20.0,15.0,-0.04485341484189792,8,"{0: 22, 1: 44, 2: 13, 3: 35, 4: 11, 5: 28, 6: 31, 7: 20}",2.008169174194336,0.2427184432744979,0.6572552919387817,0.375,0.029126213863492,2.080503225326538,0.2058823555707931,0.5462648272514343,0.0,0.0,0.6176470518112183,255.0,255.0,adaptive,,,
31.0,binarize,inception,threshold-255_max_value-255_method-fixed,0.1323529481887817,0.39705882352941174,7,7,single,25.0,25.0,-0.1183828222239093,3,"{1: 68, 2: 68, 3: 68}",2.1031534671783447,0.1213592216372489,0.5183183550834656,0.0,0.0,2.0839290618896484,0.1176470592617988,0.494747906923294,0.0,0.0,0.6176470518112183,255.0,255.0,fixed,,,
14.0,binarize,inception,threshold-255_max_value-70_method-adaptive_gaussian,0.260869562625885,0.5882352941176471,2,2,single,13.0,8.0,0.010133792213193993,8,"{0: 23, 1: 24, 2: 24, 3: 32, 4: 19, 5: 29, 6: 25, 7: 28}",2.7323830127716064,0.1359223276376724,0.5295705199241638,0.1333333402872085,0.0485436879098415,2.232597827911377,0.0882352963089943,0.4683483839035034,0.0,0.0,0.5441176295280457,255.0,70.0,adaptive,,,
16.0,binarize,inception,threshold-255_max_value-70_method-adaptive_mean,0.2463768124580383,0.4264705882352941,15,15,single,15.0,10.0,-0.004358957954652715,8,"{0: 13, 1: 27, 2: 17, 3: 34, 4: 14, 5: 29, 6: 33, 7: 37}",1.9309239387512207,0.2087378650903701,0.6831008791923523,0.3333333432674408,0.0388349518179893,2.051527500152588,0.2205882370471954,0.5807124376296997,1.0,0.0147058824077248,0.6911764740943909,255.0,70.0,adaptive,,,
31.0,binarize,inception,threshold-255_max_value-70_method-fixed,0.1323529481887817,0.38235294117647056,1,1,single,25.0,25.0,-0.1183828222239093,3,"{3: 68, 5: 68, 6: 68}",2.153650045394897,0.1019417494535446,0.4858492612838745,0.0,0.0,2.08112907409668,0.1323529481887817,0.5042017102241516,0.0,0.0,0.6176470518112183,255.0,70.0,fixed,,,
12.0,binarize,inception,threshold-70_max_value-100_method-adaptive_gaussian,0.2753623127937317,0.47058823529411764,12,12,single,11.0,6.0,0.024626542381040673,8,"{0: 30, 1: 30, 2: 19, 3: 34, 4: 13, 5: 31, 6: 33, 7: 14}",1.8732680082321167,0.3058252334594726,0.7106145620346069,0.5333333611488342,0.0388349518179893,1.9978657960891724,0.2647058963775635,0.6310244798660278,0.0,0.0,0.779411792755127,70.0,100.0,adaptive,,,
18.0,binarize,inception,threshold-70_max_value-100_method-adaptive_mean,0.2318840622901916,0.4117647058823529,11,11,single,17.0,12.0,-0.018851708122499422,8,"{0: 34, 1: 15, 2: 21, 3: 31, 4: 12, 5: 19, 6: 48, 7: 24}",2.048959493637085,0.1990291327238083,0.629633903503418,0.3076923191547394,0.0194174759089946,2.108842372894287,0.1029411777853965,0.5051593780517578,0.0,0.0,0.6764705777168274,70.0,100.0,adaptive,,,
16.0,binarize,inception,threshold-70_max_value-100_method-fixed,0.2463768124580383,0.4117647058823529,15,15,single,15.0,10.0,-0.004358957954652715,8,"{0: 25, 1: 17, 2: 35, 3: 9, 4: 24, 5: 29, 6: 32, 7: 33}",1.8546465635299685,0.276699036359787,0.708456814289093,0.4210526347160339,0.0388349518179893,2.072547435760498,0.147058829665184,0.5604918599128723,0.0,0.0,0.720588207244873,70.0,100.0,fixed,,,
19.0,binarize,inception,threshold-70_max_value-127_method-adaptive_gaussian,0.2205882370471954,0.4264705882352941,6,6,single,18.0,13.0,-0.03014753336549561,8,"{0: 29, 1: 16, 2: 33, 3: 41, 4: 25, 5: 21, 6: 27, 7: 12}",2.1696455478668213,0.1796116530895233,0.6156986355781555,0.1764705926179886,0.029126213863492,2.0628814697265625,0.2205882370471954,0.5717839002609253,0.0,0.0,0.720588207244873,70.0,127.0,adaptive,,,
21.0,binarize,inception,threshold-70_max_value-127_method-adaptive_mean,0.2058823555707931,0.4264705882352941,4,4,single,20.0,15.0,-0.04485341484189792,8,"{0: 31, 1: 28, 2: 16, 3: 21, 4: 18, 5: 30, 6: 21, 7: 39}",2.3309695720672607,0.1747572869062423,0.593677282333374,0.2142857164144516,0.0436893217265605,2.1104085445404053,0.2058823555707931,0.5222905278205872,0.0,0.0,0.5588235259056091,70.0,127.0,adaptive,,,
13.0,binarize,inception,threshold-127_max_value-100_method-adaptive_gaussian,0.2647058963775635,0.4852941176470588,13,13,single,12.0,7.0,0.01397012596487246,8,"{0: 35, 1: 15, 2: 39, 3: 27, 4: 14, 5: 14, 6: 31, 7: 29}",1.9243159294128416,0.2621359229087829,0.6804397106170654,0.5714285969734192,0.0388349518179893,2.042499542236328,0.2647058963775635,0.5902125835418701,0.0,0.0,0.75,127.0,100.0,adaptive,,,
16.0,binarize,inception,threshold-127_max_value-100_method-adaptive_mean,0.2463768124580383,0.4117647058823529,9,9,single,15.0,10.0,-0.004358957954652715,8,"{0: 27, 1: 19, 2: 25, 3: 20, 4: 34, 5: 28, 6: 34, 7: 17}",1.9875162839889529,0.237864077091217,0.669796884059906,0.3333333432674408,0.0388349518179893,2.068511962890625,0.1176470592617988,0.5370118618011475,0.0,0.0,0.5882353186607361,127.0,100.0,adaptive,,,
17.0,binarize,inception,threshold-127_max_value-100_method-fixed,0.2352941185235977,0.5,7,7,single,16.0,11.0,-0.015441651889093327,8,"{0: 22, 1: 27, 2: 21, 3: 27, 4: 26, 5: 27, 6: 31, 7: 23}",2.1309621334075928,0.2038834989070892,0.6134228706359863,0.2222222238779068,0.0194174759089946,2.06598162651062,0.1617647111415863,0.5794457793235779,0.0,0.0,0.7058823704719543,127.0,100.0,fixed,,,
13.0,binarize,inception,threshold-127_max_value-127_method-adaptive_gaussian,0.2647058963775635,0.4852941176470588,12,12,single,12.0,7.0,0.01397012596487246,8,"{0: 18, 1: 16, 2: 36, 3: 34, 4: 25, 5: 20, 6: 30, 7: 25}",2.0059609413146973,0.2572815418243408,0.6382098197937012,0.5,0.0339805819094181,2.042001724243164,0.1911764740943908,0.5682154893875122,0.0,0.0,0.6617646813392639,127.0,127.0,adaptive,,,
17.0,binarize,inception,threshold-127_max_value-127_method-adaptive_mean,0.2352941185235977,0.4264705882352941,12,12,single,16.0,11.0,-0.015441651889093327,8,"{0: 23, 1: 16, 2: 39, 3: 30, 4: 24, 5: 29, 6: 19, 7: 24}",1.929680705070496,0.2669903039932251,0.6797834038734436,0.6428571343421936,0.0436893217265605,2.048681259155273,0.2352941185235977,0.5581129789352417,0.0,0.0,0.6323529481887817,127.0,127.0,adaptive,,,
17.0,binarize,inception,threshold-127_max_value-127_method-fixed,0.2352941185235977,0.4852941176470588,14,14,single,16.0,11.0,-0.015441651889093327,8,"{0: 32, 1: 30, 2: 28, 3: 15, 4: 21, 5: 38, 6: 24, 7: 16}",1.7900915145874023,0.3349514603614807,0.7493115067481995,0.3888888955116272,0.0339805819094181,2.020406007766724,0.2352941185235977,0.6007476449012756,0.0,0.0,0.7647058963775635,127.0,127.0,fixed,,,
20.0,binarize,inception,threshold-127_max_value-200_method-adaptive_gaussian,0.2173912972211837,0.47058823529411764,12,12,single,19.0,14.0,-0.03334447319150732,8,"{0: 21, 1: 34, 2: 30, 3: 26, 4: 15, 5: 26, 6: 37, 7: 15}",1.977858304977417,0.2864077687263489,0.6638871431350708,0.3333333432674408,0.0339805819094181,2.0486555099487305,0.1911764740943908,0.5696057677268982,0.0,0.0,0.75,127.0,200.0,adaptive,,,
20.0,binarize,inception,threshold-127_max_value-200_method-adaptive_mean,0.2173912972211837,0.47058823529411764,7,7,single,19.0,14.0,-0.03334447319150732,8,"{0: 20, 1: 23, 2: 33, 3: 25, 4: 10, 5: 39, 6: 34, 7: 20}",2.086918592453003,0.2038834989070892,0.6237106323242188,0.2000000029802322,0.0194174759089946,2.063095569610596,0.147058829665184,0.5481648445129395,0.0,0.0,0.6911764740943909,127.0,200.0,adaptive,,,
21.0,binarize,inception,threshold-127_max_value-200_method-fixed,0.2058823555707931,0.4852941176470588,3,3,single,20.0,15.0,-0.04485341484189792,8,"{0: 25, 1: 18, 2: 33, 3: 34, 4: 20, 5: 26, 6: 24, 7: 24}",2.4739208221435547,0.1601941734552383,0.5327686667442322,0.2954545319080353,0.0631067976355552,2.1141843795776367,0.147058829665184,0.5454924702644348,0.0,0.0,0.6617646813392639,127.0,200.0,fixed,,,
16.0,binarize,inception,threshold-127_max_value-220_method-adaptive_gaussian,0.2463768124580383,0.45588235294117646,3,3,single,15.0,10.0,-0.004358957954652715,8,"{0: 23, 1: 7, 2: 28, 3: 46, 4: 25, 5: 25, 6: 25, 7: 25}",2.5684947967529297,0.1504854410886764,0.5307336449623108,0.1555555611848831,0.0339805819094181,2.1472532749176025,0.1323529481887817,0.5105505585670471,0.0,0.0,0.6470588445663452,127.0,220.0,adaptive,,,
22.0,binarize,inception,threshold-127_max_value-220_method-adaptive_mean,0.2028985470533371,0.4411764705882353,6,6,single,21.0,16.0,-0.04783722335935392,8,"{0: 17, 1: 17, 2: 31, 3: 31, 4: 18, 5: 44, 6: 13, 7: 33}",2.32991623878479,0.1941747516393661,0.5771464705467224,0.1481481492519378,0.0194174759089946,2.0832865238189697,0.1323529481887817,0.5414143800735474,0.0,0.0,0.6176470518112183,127.0,220.0,adaptive,,,
16.0,binarize,inception,threshold-127_max_value-220_method-fixed,0.2463768124580383,0.45588235294117646,8,8,single,15.0,10.0,-0.004358957954652715,8,"{0: 18, 1: 22, 2: 26, 3: 28, 4: 26, 5: 28, 6: 28, 7: 28}",2.0701632499694824,0.223300963640213,0.6371442675590515,0.2800000011920929,0.0339805819094181,2.0433568954467773,0.1764705926179886,0.575769305229187,0.0,0.0,0.7352941036224365,127.0,220.0,fixed,,,
12.0,binarize,inception,threshold-127_max_value-255_method-adaptive_gaussian,0.2753623127937317,0.5147058823529411,14,14,single,11.0,6.0,0.024626542381040673,8,"{0: 20, 1: 39, 2: 16, 3: 37, 4: 22, 5: 10, 6: 43, 7: 17}",1.961084008216858,0.252427190542221,0.6717191338539124,0.4000000059604645,0.029126213863492,2.0480456352233887,0.2205882370471954,0.5595186948776245,0.0,0.0,0.7058823704719543,127.0,255.0,adaptive,,,
18.0,binarize,inception,threshold-127_max_value-255_method-adaptive_mean,0.2318840622901916,0.45588235294117646,6,6,single,17.0,12.0,-0.018851708122499422,8,"{0: 21, 1: 17, 2: 31, 3: 20, 4: 17, 5: 49, 6: 22, 7: 27}",2.2176737785339355,0.1844660192728042,0.5862845778465271,0.3333333432674408,0.029126213863492,2.079695701599121,0.1323529481887817,0.5439168214797974,0.0,0.0,0.6617646813392639,127.0,255.0,adaptive,,,
17.0,binarize,inception,threshold-127_max_value-255_method-fixed,0.2352941185235977,0.4411764705882353,12,12,single,16.0,11.0,-0.015441651889093327,8,"{0: 17, 1: 17, 2: 34, 3: 21, 4: 35, 5: 33, 6: 26, 7: 21}",1.881385326385498,0.2864077687263489,0.7046055793762207,0.5,0.0679611638188362,2.0302658081054688,0.2352941185235977,0.6009639501571655,0.0,0.0,0.6617646813392639,127.0,255.0,fixed,,,
20.0,binarize,inception,threshold-220_max_value-220_method-adaptive_gaussian,0.2173912972211837,0.4411764705882353,15,15,single,19.0,14.0,-0.03334447319150732,8,"{0: 30, 1: 38, 2: 24, 3: 23, 4: 22, 5: 17, 6: 38, 7: 12}",1.8239625692367556,0.3203883469104767,0.7294884920120239,0.4666666686534881,0.0339805819094181,2.0438594818115234,0.1764705926179886,0.5715367197990417,0.0,0.0,0.6911764740943909,220.0,220.0,adaptive,,,
23.0,binarize,inception,threshold-220_max_value-220_method-adaptive_mean,0.1911764740943908,0.35294117647058826,6,6,single,22.0,17.0,-0.0595592963183002,8,"{0: 37, 1: 26, 2: 22, 3: 9, 4: 14, 5: 43, 6: 38, 7: 15}",2.077306032180786,0.1893203854560852,0.6334632039070129,0.2916666567325592,0.0339805819094181,2.175994634628296,0.1911764740943908,0.4452391266822815,0.0,0.0,0.5441176295280457,220.0,220.0,adaptive,,,
21.0,binarize,inception,threshold-220_max_value-220_method-fixed,0.2058823555707931,0.4264705882352941,2,2,single,20.0,15.0,-0.04485341484189792,7,"{0: 20, 2: 10, 3: 9, 4: 52, 5: 53, 6: 50, 7: 10}",2.2474167346954346,0.1310679614543914,0.5043426752090454,0.125,0.0048543689772486,2.079580068588257,0.1029411777853965,0.5475005507469177,0.0,0.0,0.720588207244873,220.0,220.0,fixed,,,
17.0,binarize,inception,threshold-220_max_value-255_method-adaptive_gaussian,0.2352941185235977,0.5441176470588235,11,11,single,16.0,11.0,-0.015441651889093327,8,"{0: 26, 1: 26, 2: 22, 3: 40, 4: 20, 5: 18, 6: 35, 7: 17}",2.0020039081573486,0.2281553447246551,0.6457791924476624,0.0,0.0,2.055428028106689,0.2352941185235977,0.565666675567627,0.0,0.0,0.6617646813392639,220.0,255.0,adaptive,,,
13.0,binarize,inception,threshold-220_max_value-255_method-adaptive_mean,0.2647058963775635,0.4117647058823529,11,11,single,12.0,7.0,0.01397012596487246,8,"{0: 16, 1: 25, 2: 44, 3: 39, 4: 13, 5: 18, 6: 40, 7: 9}",1.9638795852661133,0.252427190542221,0.6765195727348328,0.1764705926179886,0.014563106931746,2.081465244293213,0.1764705926179886,0.5333971977233887,0.0,0.0,0.6470588445663452,220.0,255.0,adaptive,,,
19.0,binarize,inception,threshold-220_max_value-255_method-fixed,0.2205882370471954,0.3235294117647059,5,5,single,18.0,13.0,-0.03014753336549561,8,"{0: 17, 1: 44, 2: 9, 3: 16, 4: 50, 5: 7, 6: 51, 7: 10}",2.0665507316589355,0.2087378650903701,0.5835123062133789,0.4000000059604645,0.0097087379544973,2.152428150177002,0.0882352963089943,0.467761367559433,0.0,0.0,0.6323529481887817,220.0,255.0,fixed,,,
15.0,binarize,inception,threshold-220_max_value-70_method-adaptive_gaussian,0.25,0.5147058823529411,3,3,single,14.0,9.0,-0.000735770412691017,8,"{0: 32, 1: 9, 2: 31, 3: 40, 4: 19, 5: 30, 6: 27, 7: 16}",2.5258572101593018,0.1310679614543914,0.5454213619232178,0.1956521719694137,0.0436893217265605,2.02275824546814,0.25,0.5975809693336487,0.0,0.0,0.6764705777168274,220.0,70.0,adaptive,,,
13.0,binarize,inception,threshold-220_max_value-70_method-adaptive_mean,0.2647058963775635,0.4852941176470588,1,1,single,12.0,7.0,0.01397012596487246,8,"{0: 17, 1: 27, 2: 36, 3: 32, 4: 11, 5: 18, 6: 34, 7: 29}",3.092229127883911,0.1310679614543914,0.5184665322303772,0.1318681389093399,0.058252427726984,2.323602199554444,0.1029411777853965,0.4809070825576782,0.0,0.0,0.6029411554336548,220.0,70.0,adaptive,,,
17.0,binarize,inception,threshold-220_max_value-70_method-fixed,0.2352941185235977,0.4117647058823529,6,6,single,16.0,11.0,-0.015441651889093327,8,"{0: 19, 1: 52, 2: 13, 3: 10, 4: 48, 5: 7, 6: 47, 7: 8}",2.034212350845337,0.218446597456932,0.5913610458374023,0.2857142984867096,0.0097087379544973,2.093818187713623,0.1176470592617988,0.5237425565719604,0.0,0.0,0.6617646813392639,220.0,70.0,fixed,,,
17.0,binarize,inception,threshold-255_max_value-100_method-adaptive_mean,0.2352941185235977,0.4411764705882353,11,11,single,16.0,11.0,-0.015441651889093327,8,"{0: 22, 1: 30, 2: 30, 3: 13, 4: 13, 5: 37, 6: 28, 7: 31}",1.9743305444717407,0.2669903039932251,0.6641682386398315,0.4210526347160339,0.0388349518179893,2.0082037448883057,0.1911764740943908,0.6172608733177185,0.0,0.0,0.7058823704719543,255.0,100.0,adaptive,,,
31.0,binarize,inception,threshold-255_max_value-100_method-fixed,0.1323529481887817,0.38235294117647056,1,1,single,25.0,25.0,-0.1183828222239093,3,"{1: 68, 5: 68, 6: 68}",2.165646314620972,0.1310679614543914,0.490001767873764,0.0,0.0,2.0814309120178223,0.1176470592617988,0.5031512975692749,0.0,0.0,0.6323529481887817,255.0,100.0,fixed,,,
18.0,binarize,inception,threshold-255_max_value-127_method-adaptive_gaussian,0.2318840622901916,0.45588235294117646,14,14,single,17.0,12.0,-0.018851708122499422,8,"{0: 36, 1: 26, 2: 25, 3: 23, 4: 14, 5: 25, 6: 24, 7: 31}",1.88018000125885,0.2669903039932251,0.7022154927253723,0.3499999940395355,0.0339805819094181,2.0568528175354004,0.1911764740943908,0.5448127388954163,0.0,0.0,0.6470588445663452,255.0,127.0,adaptive,,,
19.0,binarize,inception,threshold-255_max_value-127_method-adaptive_mean,0.2205882370471954,0.39705882352941174,10,10,single,18.0,13.0,-0.03014753336549561,8,"{0: 18, 1: 22, 2: 28, 3: 37, 4: 22, 5: 23, 6: 31, 7: 23}",1.995971083641052,0.2621359229087829,0.6579201221466064,0.5,0.0436893217265605,2.098053455352783,0.2205882370471954,0.5265848636627197,0.0,0.0,0.6029411554336548,255.0,127.0,adaptive,,,
31.0,binarize,inception,threshold-255_max_value-127_method-fixed,0.1323529481887817,0.38235294117647056,1,1,single,25.0,25.0,-0.1183828222239093,3,"{0: 68, 1: 68, 2: 68}",2.186484813690185,0.116504855453968,0.4680055975914001,0.0,0.0,2.078654766082764,0.1323529481887817,0.5126050710678101,0.0,0.0,0.6470588445663452,255.0,127.0,fixed,,,
19.0,binarize,inception,threshold-255_max_value-200_method-adaptive_gaussian,0.2205882370471954,0.4264705882352941,12,12,single,18.0,13.0,-0.03014753336549561,8,"{0: 17, 1: 25, 2: 33, 3: 28, 4: 35, 5: 15, 6: 30, 7: 21}",1.895923495292664,0.2621359229087829,0.6970109343528748,0.4399999976158142,0.0533980578184127,2.037155866622925,0.1764705926179886,0.5868759155273438,0.0,0.0,0.7058823704719543,255.0,200.0,adaptive,,,
18.0,binarize,inception,threshold-255_max_value-200_method-adaptive_mean,0.2318840622901916,0.3088235294117647,13,13,single,17.0,12.0,-0.018851708122499422,8,"{0: 21, 1: 25, 2: 22, 3: 32, 4: 28, 5: 29, 6: 27, 7: 20}",1.9856892824172971,0.223300963640213,0.6556865572929382,0.4615384638309479,0.029126213863492,2.1478233337402344,0.1323529481887817,0.4255591928958893,0.0,0.0,0.4852941036224365,255.0,200.0,adaptive,,,
31.0,binarize,inception,threshold-255_max_value-200_method-fixed,0.1323529481887817,0.38235294117647056,3,3,single,25.0,25.0,-0.1183828222239093,3,"{1: 68, 3: 68, 6: 68}",2.152900695800781,0.1116504818201065,0.4657854735851288,0.0,0.0,2.082114696502685,0.1176470592617988,0.4936974644660949,0.0,0.0,0.6176470518112183,255.0,200.0,fixed,,,
21.0,binarize,inception,threshold-255_max_value-220_method-adaptive_gaussian,0.2058823555707931,0.38235294117647056,10,10,single,20.0,15.0,-0.04485341484189792,8,"{0: 34, 1: 25, 2: 23, 3: 23, 4: 26, 5: 21, 6: 33, 7: 19}",1.9939210414886477,0.252427190542221,0.6595814824104309,0.3333333432674408,0.029126213863492,2.051619291305542,0.2058823555707931,0.5603528022766113,0.0,0.0,0.6764705777168274,255.0,220.0,adaptive,,,
20.0,binarize,inception,threshold-255_max_value-220_method-adaptive_mean,0.2173912972211837,0.38235294117647056,2,2,single,19.0,14.0,-0.03334447319150732,8,"{0: 22, 1: 30, 2: 43, 3: 17, 4: 24, 5: 35, 6: 26, 7: 7}",2.852043628692627,0.1456310749053955,0.5030516982078552,0.078125,0.0242718439549207,2.2170205116271973,0.0882352963089943,0.4696614146232605,0.0,0.0,0.5882353186607361,255.0,220.0,adaptive,,,
31.0,binarize,inception,threshold-255_max_value-220_method-fixed,0.1323529481887817,0.36764705882352944,1,1,single,25.0,25.0,-0.1183828222239093,3,"{0: 68, 2: 68, 6: 68}",2.15700101852417,0.116504855453968,0.4889632165431976,0.0,0.0,2.0829179286956787,0.1176470592617988,0.4884454011917114,0.0,0.0,0.6176470518112183,255.0,220.0,fixed,,,
21.0,binarize,mobilenetv3,threshold-100_max_value-100_method-adaptive_gaussian,0.2058823555707931,0.36764705882352944,1,1,single,9.0,15.0,0.022660878196263723,5,"{1: 1, 3: 2, 5: 67, 6: 68, 7: 66}",2.305713653564453,0.0922330096364021,0.4949032664299011,0.0,0.0,2.0928683280944824,0.2058823555707931,0.5305393934249878,0.0,0.0,0.6323529481887817,100.0,100.0,adaptive,,,
23.0,binarize,mobilenetv3,threshold-100_max_value-100_method-adaptive_mean,0.1911764740943908,0.35294117647058826,2,2,single,11.0,17.0,0.00795499671986144,4,"{0: 67, 3: 3, 5: 67, 6: 67}",2.1857919692993164,0.1456310749053955,0.5237652063369751,0.0,0.0,2.1038801670074463,0.1911764740943908,0.5084651708602905,0.0,0.0,0.6323529481887817,100.0,100.0,adaptive,,,
29.0,binarize,mobilenetv3,threshold-100_max_value-100_method-fixed,0.147058829665184,0.36764705882352944,1,1,single,17.0,23.0,-0.03616264770934538,3,"{4: 68, 5: 68, 6: 68}",2.6197142601013184,0.1359223276376724,0.4817793071269989,0.2307692319154739,0.014563106931746,2.2277114391326904,0.147058829665184,0.5036919116973877,0.0,0.0,0.6323529481887817,100.0,100.0,fixed,,,
25.0,binarize,mobilenetv3,threshold-100_max_value-127_method-adaptive_gaussian,0.1764705926179886,0.35294117647058826,5,5,single,13.0,19.0,-0.006750884756540787,5,"{1: 62, 4: 2, 5: 68, 6: 4, 7: 68}",2.2513797283172607,0.1019417494535446,0.4625806212425232,0.0,0.0,2.0828652381896973,0.1323529481887817,0.4982544779777527,0.0,0.0,0.6323529481887817,100.0,127.0,adaptive,,,
21.0,binarize,mobilenetv3,threshold-100_max_value-127_method-adaptive_mean,0.2058823555707931,0.45588235294117646,11,11,single,9.0,15.0,0.022660878196263723,7,"{0: 25, 1: 44, 2: 63, 3: 11, 5: 58, 6: 2, 7: 1}",2.159363269805908,0.1456310749053955,0.5042871236801147,0.0,0.0,2.079179525375366,0.2058823555707931,0.5123269557952881,0.0,0.0,0.6470588445663452,100.0,127.0,adaptive,,,
25.0,binarize,mobilenetv3,threshold-100_max_value-127_method-fixed,0.1764705926179886,0.38235294117647056,11,11,single,13.0,19.0,-0.006750884756540787,3,"{0: 68, 2: 68, 3: 68}",2.133967399597168,0.1699029058218002,0.5188165903091431,0.0,0.0,2.081205129623413,0.1176470592617988,0.4978528320789337,0.0,0.0,0.6323529481887817,100.0,127.0,fixed,,,
15.0,binarize,mobilenetv3,threshold-100_max_value-200_method-adaptive_gaussian,0.25,0.4264705882352941,9,9,single,3.0,9.0,0.06677852262547063,8,"{0: 19, 1: 29, 2: 53, 3: 10, 4: 40, 5: 12, 6: 29, 7: 12}",2.223975896835327,0.1213592216372489,0.4964888393878937,0.0,0.0,2.072654485702514,0.0882352963089943,0.5378924012184143,0.0,0.0,0.6764705777168274,100.0,200.0,adaptive,,,
21.0,binarize,mobilenetv3,threshold-100_max_value-200_method-adaptive_mean,0.2058823555707931,0.4411764705882353,7,7,single,9.0,15.0,0.022660878196263723,7,"{0: 45, 1: 39, 2: 26, 4: 29, 5: 31, 6: 12, 7: 22}",2.115913152694702,0.1504854410886764,0.5458791851997375,0.0,0.0,2.060446262359619,0.2058823555707931,0.5676903128623962,0.0,0.0,0.720588207244873,100.0,200.0,adaptive,,,
22.0,binarize,mobilenetv3,threshold-100_max_value-200_method-fixed,0.2028985470533371,0.36764705882352944,14,14,single,10.0,16.0,0.019677069678807724,6,"{0: 32, 1: 17, 2: 68, 3: 22, 5: 15, 6: 50}",2.107466220855713,0.1553398072719574,0.529435932636261,0.0,0.0,2.0854506492614746,0.1323529481887817,0.5048813819885254,0.0,0.0,0.6029411554336548,100.0,200.0,fixed,,,
18.0,binarize,mobilenetv3,threshold-100_max_value-220_method-adaptive_gaussian,0.2318840622901916,0.4117647058823529,6,6,single,6.0,12.0,0.04866258491566222,8,"{0: 14, 1: 39, 2: 38, 3: 11, 4: 31, 5: 28, 6: 24, 7: 19}",2.1248812675476074,0.1650485396385193,0.549033522605896,0.0,0.0,2.0880486965179443,0.073529414832592,0.5127440690994263,0.0,0.0,0.6470588445663452,100.0,220.0,adaptive,,,
24.0,binarize,mobilenetv3,threshold-100_max_value-220_method-adaptive_mean,0.1884057968854904,0.38235294117647056,2,2,single,12.0,18.0,0.005184319510961016,8,"{0: 36, 1: 35, 2: 32, 3: 6, 4: 32, 5: 40, 6: 17, 7: 6}",2.26142954826355,0.1116504818201065,0.5052633881568909,0.0,0.0,2.1172845363616943,0.147058829665184,0.4843363761901855,0.0,0.0,0.6176470518112183,100.0,220.0,adaptive,,,
21.0,binarize,mobilenetv3,threshold-100_max_value-220_method-fixed,0.2058823555707931,0.39705882352941174,5,5,single,9.0,15.0,0.022660878196263723,8,"{0: 22, 1: 22, 2: 17, 3: 42, 4: 28, 5: 24, 6: 39, 7: 10}",2.188738822937012,0.1310679614543914,0.4973304569721222,0.0,0.0,2.089742660522461,0.0882352963089943,0.4865608215332031,0.0,0.0,0.6029411554336548,100.0,220.0,fixed,,,
20.0,binarize,mobilenetv3,threshold-100_max_value-255_method-adaptive_gaussian,0.2173912972211837,0.4411764705882353,13,13,single,8.0,14.0,0.03416981984665432,8,"{0: 27, 1: 24, 2: 26, 3: 23, 4: 16, 5: 40, 6: 23, 7: 25}",2.0519766807556152,0.1990291327238083,0.5966464281082153,0.0,0.0,2.0756285190582275,0.1176470592617988,0.5366565585136414,0.0,0.0,0.6323529481887817,100.0,255.0,adaptive,,,
22.0,binarize,mobilenetv3,threshold-100_max_value-255_method-adaptive_mean,0.2028985470533371,0.39705882352941174,3,3,single,10.0,16.0,0.019677069678807724,8,"{0: 25, 1: 38, 2: 34, 3: 44, 4: 19, 5: 22, 6: 20, 7: 2}",2.2995681762695312,0.0728155374526977,0.4987056255340576,0.0,0.0,2.134327173233032,0.1323529481887817,0.4790225028991699,0.0,0.0,0.6470588445663452,100.0,255.0,adaptive,,,
19.0,binarize,mobilenetv3,threshold-100_max_value-255_method-fixed,0.2205882370471954,0.36764705882352944,6,6,single,7.0,13.0,0.03736675967266603,8,"{0: 20, 1: 40, 2: 36, 3: 24, 4: 11, 5: 22, 6: 38, 7: 13}",2.137667179107666,0.1601941734552383,0.5355358719825745,0.0,0.0,2.083459854125977,0.2205882370471954,0.5070130825042725,0.0,0.0,0.6029411554336548,100.0,255.0,fixed,,,
29.0,binarize,mobilenetv3,threshold-100_max_value-70_method-adaptive_gaussian,0.147058829665184,0.36764705882352944,6,6,single,17.0,23.0,-0.03616264770934538,3,"{3: 68, 4: 68, 6: 68}",2.166214942932129,0.1601941734552383,0.5125230550765991,0.0,0.0,2.0818684101104736,0.1176470592617988,0.502348005771637,0.0,0.0,0.6176470518112183,100.0,70.0,adaptive,,,
30.0,binarize,mobilenetv3,threshold-100_max_value-70_method-adaptive_mean,0.1449275314807891,0.38235294117647056,15,15,single,18.0,24.0,-0.03829394589374027,3,"{1: 68, 2: 68, 6: 68}",2.163374423980713,0.097087375819683,0.4797611236572265,0.0,0.0,2.0850934982299805,0.1323529481887817,0.5001235604286194,0.0,0.0,0.6176470518112183,100.0,70.0,adaptive,,,
19.0,binarize,mobilenetv3,threshold-70_max_value-200_method-adaptive_gaussian,0.2205882370471954,0.4264705882352941,14,14,single,7.0,13.0,0.03736675967266603,8,"{0: 42, 1: 54, 2: 2, 3: 37, 4: 3, 5: 41, 6: 11, 7: 14}",2.068075180053711,0.1699029058218002,0.569560170173645,0.0,0.0,2.05617094039917,0.2205882370471954,0.5586227774620056,0.0,0.0,0.6617646813392639,70.0,200.0,adaptive,,,
15.0,binarize,mobilenetv3,threshold-70_max_value-200_method-adaptive_mean,0.25,0.4411764705882353,9,9,single,3.0,9.0,0.06677852262547063,8,"{0: 15, 1: 35, 2: 34, 3: 16, 4: 24, 5: 39, 6: 30, 7: 11}",2.1360201835632324,0.1310679614543914,0.5387204885482788,0.0,0.0,2.0555126667022705,0.1764705926179886,0.5663463473320007,0.0,0.0,0.720588207244873,70.0,200.0,adaptive,,,
22.0,binarize,mobilenetv3,threshold-70_max_value-200_method-fixed,0.2028985470533371,0.45588235294117646,9,9,single,10.0,16.0,0.019677069678807724,7,"{0: 53, 1: 2, 2: 7, 3: 32, 5: 44, 6: 65, 7: 1}",2.217606544494629,0.1019417494535446,0.4854486882686615,0.0,0.0,2.0783605575561523,0.147058829665184,0.529859721660614,0.0,0.0,0.7058823704719543,70.0,200.0,fixed,,,
19.0,binarize,mobilenetv3,threshold-70_max_value-220_method-adaptive_gaussian,0.2205882370471954,0.38235294117647056,14,14,single,7.0,13.0,0.03736675967266603,8,"{0: 24, 1: 32, 2: 57, 3: 7, 4: 16, 5: 25, 6: 36, 7: 7}",2.033116817474365,0.1553398072719574,0.5992856621742249,0.0,0.0,2.0633554458618164,0.1617647111415863,0.5480412840843201,0.0,0.0,0.6911764740943909,70.0,220.0,adaptive,,,
20.0,binarize,mobilenetv3,threshold-70_max_value-220_method-adaptive_mean,0.2173912972211837,0.4264705882352941,7,7,single,8.0,14.0,0.03416981984665432,8,"{0: 31, 1: 5, 2: 34, 3: 41, 4: 23, 5: 38, 6: 25, 7: 7}",2.1807796955108643,0.1553398072719574,0.5201497077941895,0.0,0.0,2.079467296600342,0.0882352963089943,0.5413525700569153,0.0,0.0,0.7352941036224365,70.0,220.0,adaptive,,,
28.0,binarize,mobilenetv3,threshold-70_max_value-220_method-fixed,0.159420296549797,0.38235294117647056,3,3,single,16.0,22.0,-0.02380118082473237,8,"{0: 67, 1: 32, 2: 5, 3: 42, 4: 11, 5: 5, 6: 16, 7: 26}",2.2153005599975586,0.1310679614543914,0.5097945332527161,1.0,0.0048543689772486,2.095130681991577,0.1323529481887817,0.510998547077179,0.0,0.0,0.6470588445663452,70.0,220.0,fixed,,,
20.0,binarize,mobilenetv3,threshold-70_max_value-255_method-adaptive_gaussian,0.2173912972211837,0.4117647058823529,9,9,single,8.0,14.0,0.03416981984665432,8,"{0: 37, 1: 38, 2: 27, 3: 23, 4: 24, 5: 21, 6: 14, 7: 20}",2.1391494274139404,0.116504855453968,0.5535444617271423,0.0,0.0,2.082578182220459,0.0882352963089943,0.5424030423164368,0.0,0.0,0.6470588445663452,70.0,255.0,adaptive,,,
19.0,binarize,mobilenetv3,threshold-70_max_value-255_method-adaptive_mean,0.2205882370471954,0.5294117647058824,9,9,single,7.0,13.0,0.03736675967266603,8,"{0: 8, 1: 28, 2: 17, 3: 24, 4: 31, 5: 55, 6: 20, 7: 21}",2.070896863937378,0.1650485396385193,0.5812551379203796,0.0,0.0,2.039514780044556,0.2205882370471954,0.6025704145431519,0.0,0.0,0.779411792755127,70.0,255.0,adaptive,,,
18.0,binarize,mobilenetv3,threshold-70_max_value-255_method-fixed,0.2318840622901916,0.35294117647058826,2,2,single,6.0,12.0,0.04866258491566222,8,"{0: 49, 1: 56, 2: 10, 3: 31, 4: 9, 5: 4, 6: 42, 7: 3}",2.2243974208831787,0.1310679614543914,0.4994243681430816,0.0,0.0,2.0830330848693848,0.1176470592617988,0.5204213857650757,0.0,0.0,0.6764705777168274,70.0,255.0,fixed,,,
28.0,binarize,mobilenetv3,threshold-70_max_value-70_method-adaptive_gaussian,0.159420296549797,0.36764705882352944,6,6,single,16.0,22.0,-0.02380118082473237,4,"{3: 3, 4: 65, 5: 68, 6: 68}",2.114057302474976,0.1504854410886764,0.53752201795578,0.0,0.0,2.081581354141236,0.1176470592617988,0.5050667524337769,0.0,0.0,0.6323529481887817,70.0,70.0,adaptive,,,
23.0,binarize,mobilenetv3,threshold-70_max_value-70_method-adaptive_mean,0.1911764740943908,0.38235294117647056,15,15,single,11.0,17.0,0.00795499671986144,3,"{1: 68, 5: 68, 6: 68}",2.2165727615356445,0.1019417494535446,0.4629761874675751,0.0,0.0,2.0845720767974854,0.1911764740943908,0.4982853531837463,0.0,0.0,0.6323529481887817,70.0,70.0,adaptive,,,
27.0,binarize,mobilenetv3,threshold-70_max_value-70_method-fixed,0.1617647111415863,0.36764705882352944,8,8,single,15.0,21.0,-0.02145676623294307,3,"{0: 68, 1: 68, 6: 68}",2.1386842727661133,0.0922330096364021,0.5233006477355957,0.0,0.0,2.08373761177063,0.1176470592617988,0.4969723224639892,0.0,0.0,0.6029411554336548,70.0,70.0,fixed,,,
27.0,binarize,mobilenetv3,threshold-127_max_value-70_method-adaptive_mean,0.1617647111415863,0.36764705882352944,5,5,single,15.0,21.0,-0.02145676623294307,3,"{0: 68, 5: 68, 6: 68}",2.1287972927093506,0.1650485396385193,0.5293871164321899,0.0,0.0,2.082689046859741,0.1617647111415863,0.5078009366989136,0.0,0.0,0.6470588445663452,127.0,70.0,adaptive,,,
30.0,binarize,mobilenetv3,threshold-127_max_value-70_method-fixed,0.1449275314807891,0.38235294117647056,11,11,single,18.0,24.0,-0.03829394589374027,3,"{2: 68, 5: 68, 6: 68}",2.13773775100708,0.1407766938209533,0.5212639570236206,0.0,0.0,2.079048156738281,0.1323529481887817,0.5155091285705566,0.0,0.0,0.6470588445663452,127.0,70.0,fixed,,,
24.0,binarize,mobilenetv3,threshold-200_max_value-100_method-adaptive_gaussian,0.1884057968854904,0.38235294117647056,15,15,single,12.0,18.0,0.005184319510961016,4,"{0: 68, 3: 18, 5: 60, 6: 58}",2.1329708099365234,0.1213592216372489,0.5138864517211914,0.0,0.0,2.0865285396575928,0.1176470592617988,0.5078626871109009,0.0,0.0,0.6029411554336548,200.0,100.0,adaptive,,,
22.0,binarize,mobilenetv3,threshold-200_max_value-100_method-adaptive_mean,0.2028985470533371,0.38235294117647056,3,3,single,10.0,16.0,0.019677069678807724,4,"{0: 68, 4: 6, 5: 68, 7: 62}",2.195484161376953,0.1262135952711105,0.5160460472106934,0.0,0.0,2.10353946685791,0.1176470592617988,0.4831778109073639,0.0,0.0,0.6323529481887817,200.0,100.0,adaptive,,,
28.0,binarize,mobilenetv3,threshold-200_max_value-100_method-fixed,0.159420296549797,0.38235294117647056,5,5,single,16.0,22.0,-0.02380118082473237,3,"{0: 68, 1: 68, 5: 68}",2.2091238498687744,0.1019417494535446,0.4742031991481781,0.0,0.0,2.079397201538086,0.1323529481887817,0.5183669328689575,0.0,0.0,0.6470588445663452,200.0,100.0,fixed,,,
28.0,binarize,mobilenetv3,threshold-200_max_value-127_method-adaptive_gaussian,0.159420296549797,0.4117647058823529,10,10,single,16.0,22.0,-0.02380118082473237,4,"{0: 68, 1: 64, 2: 8, 3: 64}",2.2223308086395264,0.116504855453968,0.5055630207061768,0.0,0.0,2.086830139160156,0.1176470592617988,0.5095310211181641,0.0,0.0,0.6470588445663452,200.0,127.0,adaptive,,,
27.0,binarize,mobilenetv3,threshold-200_max_value-127_method-adaptive_mean,0.1617647111415863,0.47058823529411764,6,6,single,15.0,21.0,-0.02145676623294307,5,"{2: 52, 3: 54, 4: 23, 5: 68, 6: 7}",2.163788318634033,0.1262135952711105,0.5243862867355347,0.0,0.0,2.0806117057800293,0.1617647111415863,0.495674729347229,0.0,0.0,0.6617646813392639,200.0,127.0,adaptive,,,
27.0,binarize,mobilenetv3,threshold-200_max_value-127_method-fixed,0.1617647111415863,0.3235294117647059,5,5,single,15.0,21.0,-0.02145676623294307,4,"{0: 68, 1: 68, 3: 12, 4: 56}",2.229217529296875,0.1407766938209533,0.45989590883255,0.0,0.0,2.0849435329437256,0.1323529481887817,0.5059317946434021,0.0,0.0,0.5882353186607361,200.0,127.0,fixed,,,
19.0,binarize,mobilenetv3,threshold-200_max_value-200_method-adaptive_gaussian,0.2205882370471954,0.39705882352941174,15,15,single,7.0,13.0,0.03736675967266603,8,"{0: 47, 1: 1, 2: 20, 3: 22, 4: 25, 5: 49, 6: 3, 7: 37}",2.0917558670043945,0.1650485396385193,0.5554987192153931,0.0,0.0,2.069142341613769,0.2205882370471954,0.5332890748977661,0.0,0.0,0.6617646813392639,200.0,200.0,adaptive,,,
24.0,binarize,mobilenetv3,threshold-200_max_value-200_method-adaptive_mean,0.1884057968854904,0.45588235294117646,3,3,single,12.0,18.0,0.005184319510961016,8,"{0: 19, 1: 32, 2: 39, 3: 8, 4: 20, 5: 51, 6: 16, 7: 19}",2.213489532470703,0.1262135952711105,0.5019996762275696,0.0,0.0,2.08328628540039,0.0882352963089943,0.543499767780304,0.0,0.0,0.6323529481887817,200.0,200.0,adaptive,,,
25.0,binarize,mobilenetv3,threshold-200_max_value-200_method-fixed,0.1764705926179886,0.36764705882352944,5,5,single,13.0,19.0,-0.006750884756540787,4,"{0: 68, 1: 68, 5: 13, 6: 55}",2.1812801361083984,0.1747572869062423,0.50081467628479,0.0,0.0,2.07893443107605,0.1764705926179886,0.5167912840843201,0.0,0.0,0.6323529481887817,200.0,200.0,fixed,,,
17.0,binarize,mobilenetv3,threshold-200_max_value-220_method-adaptive_gaussian,0.2352941185235977,0.4852941176470588,6,6,single,5.0,11.0,0.052072641149068316,8,"{0: 30, 1: 35, 2: 3, 3: 21, 4: 19, 5: 51, 6: 11, 7: 34}",2.164571523666382,0.116504855453968,0.5170778036117554,0.0,0.0,2.081634044647217,0.1764705926179886,0.5122343301773071,0.0,0.0,0.6323529481887817,200.0,220.0,adaptive,,,
25.0,binarize,mobilenetv3,threshold-200_max_value-220_method-adaptive_mean,0.1764705926179886,0.4852941176470588,2,2,single,13.0,19.0,-0.006750884756540787,8,"{0: 28, 1: 15, 2: 43, 3: 11, 4: 28, 5: 51, 6: 14, 7: 14}",2.209019184112549,0.1407766938209533,0.5328410863876343,0.0,0.0,2.114006996154785,0.1029411777853965,0.4764273464679718,0.0,0.0,0.6323529481887817,200.0,220.0,adaptive,,,
21.0,binarize,mobilenetv3,threshold-200_max_value-220_method-fixed,0.2058823555707931,0.4117647058823529,2,2,single,9.0,15.0,0.022660878196263723,7,"{0: 26, 1: 1, 2: 1, 3: 66, 4: 60, 6: 46, 7: 4}",2.254359483718872,0.1213592216372489,0.4870561063289642,0.0,0.0,2.0930724143981934,0.1176470592617988,0.50755375623703,0.0,0.0,0.6470588445663452,200.0,220.0,fixed,,,
25.0,binarize,mobilenetv3,threshold-200_max_value-255_method-adaptive_gaussian,0.1764705926179886,0.4264705882352941,3,3,single,13.0,19.0,-0.006750884756540787,8,"{0: 34, 1: 29, 2: 8, 3: 25, 4: 22, 5: 39, 6: 31, 7: 16}",2.2952349185943604,0.1359223276376724,0.4855109453201294,0.5,0.0048543689772486,2.061161994934082,0.1617647111415863,0.5629015564918518,0.0,0.0,0.6764705777168274,200.0,255.0,adaptive,,,
15.0,binarize,mobilenetv3,threshold-200_max_value-255_method-adaptive_mean,0.25,0.4411764705882353,12,12,single,3.0,9.0,0.06677852262547063,8,"{0: 18, 1: 9, 2: 31, 3: 22, 4: 26, 5: 49, 6: 24, 7: 25}",2.0562782287597656,0.1844660192728042,0.5795029401779175,0.0,0.0,2.0470058917999268,0.25,0.5942906141281128,0.0,0.0,0.6911764740943909,200.0,255.0,adaptive,,,
25.0,binarize,mobilenetv3,threshold-100_max_value-70_method-fixed,0.1764705926179886,0.38235294117647056,14,14,single,13.0,19.0,-0.006750884756540787,3,"{2: 68, 5: 68, 6: 68}",2.128516674041748,0.1601941734552383,0.5203802585601807,0.0,0.0,2.082486867904663,0.1323529481887817,0.5055147409439087,0.0,0.0,0.6323529481887817,100.0,70.0,fixed,,,
29.0,binarize,mobilenetv3,threshold-127_max_value-70_method-adaptive_gaussian,0.147058829665184,0.38235294117647056,9,9,single,17.0,23.0,-0.03616264770934538,4,"{0: 68, 2: 67, 3: 68, 7: 1}",2.191230297088623,0.0873786434531211,0.4973035156726837,0.0,0.0,2.08062744140625,0.147058829665184,0.5022707581520081,0.0,0.0,0.6323529481887817,127.0,70.0,adaptive,,,
21.0,binarize,mobilenetv3,threshold-200_max_value-255_method-fixed,0.2058823555707931,0.29411764705882354,11,11,single,9.0,15.0,0.022660878196263723,6,"{0: 68, 3: 25, 4: 1, 5: 42, 6: 66, 7: 2}",2.1424381732940674,0.1650485396385193,0.5166267156600952,0.0,0.0,2.081702947616577,0.2058823555707931,0.506673276424408,0.0,0.0,0.6470588445663452,200.0,255.0,fixed,,,
27.0,binarize,mobilenetv3,threshold-220_max_value-200_method-fixed,0.1617647111415863,0.36764705882352944,5,5,single,15.0,21.0,-0.02145676623294307,4,"{0: 67, 3: 59, 6: 68, 7: 10}",2.156942367553711,0.1262135952711105,0.5143021941184998,0.0,0.0,2.087486743927002,0.1176470592617988,0.4893258810043335,0.0,0.0,0.6323529481887817,220.0,200.0,fixed,,,
26.0,binarize,mobilenetv3,threshold-255_max_value-100_method-adaptive_gaussian,0.1739130467176437,0.35294117647058826,15,15,single,14.0,20.0,-0.009308430656885663,4,"{0: 68, 3: 15, 5: 53, 6: 68}",2.1429667472839355,0.1553398072719574,0.5068472623825073,0.0,0.0,2.082804918289185,0.1176470592617988,0.5077545642852783,0.0,0.0,0.6323529481887817,255.0,100.0,adaptive,,,
15.0,binarize,mobilenetv3,threshold-255_max_value-255_method-adaptive_gaussian,0.25,0.39705882352941174,12,12,single,3.0,9.0,0.06677852262547063,8,"{0: 52, 1: 29, 2: 29, 3: 12, 4: 30, 5: 20, 6: 22, 7: 10}",2.1234326362609863,0.1359223276376724,0.5523847937583923,0.0,0.0,2.093308925628662,0.1323529481887817,0.5197725892066956,0.0,0.0,0.6323529481887817,255.0,255.0,adaptive,,,
29.0,binarize,mobilenetv3,threshold-70_max_value-127_method-fixed,0.147058829665184,0.39705882352941174,4,4,single,17.0,23.0,-0.03616264770934538,4,"{0: 47, 1: 68, 3: 21, 6: 68}",2.2050514221191406,0.1019417494535446,0.4912793040275574,0.0,0.0,2.087129592895508,0.0882352963089943,0.4919982552528381,0.0,0.0,0.6176470518112183,70.0,127.0,fixed,,,
29.0,binarize,mobilenetv3,threshold-200_max_value-70_method-adaptive_gaussian,0.147058829665184,0.29411764705882354,4,4,single,17.0,23.0,-0.03616264770934538,5,"{0: 68, 1: 32, 3: 2, 5: 34, 6: 68}",2.26996111869812,0.1310679614543914,0.4615605771541595,0.0,0.0,2.093132972717285,0.1176470592617988,0.4945779740810394,0.0,0.0,0.6176470518112183,200.0,70.0,adaptive,,,
27.0,binarize,mobilenetv3,threshold-200_max_value-70_method-adaptive_mean,0.1617647111415863,0.38235294117647056,4,4,single,15.0,21.0,-0.02145676623294307,3,"{1: 68, 5: 68, 6: 68}",2.1399600505828857,0.1213592216372489,0.5405888557434082,0.0,0.0,2.089350938796997,0.1617647111415863,0.5017455220222473,0.0,0.0,0.5735294222831726,200.0,70.0,adaptive,,,
31.0,binarize,mobilenetv3,threshold-200_max_value-70_method-fixed,0.1323529481887817,0.36764705882352944,1,1,single,19.0,25.0,-0.05086852918574766,3,"{0: 68, 2: 68, 6: 68}",2.4657750129699707,0.1213592216372489,0.4900101721286773,0.0,0.0,2.1928515434265137,0.1323529481887817,0.50755375623703,0.0,0.0,0.6323529481887817,200.0,70.0,fixed,,,
26.0,binarize,mobilenetv3,threshold-220_max_value-100_method-adaptive_gaussian,0.1739130467176437,0.38235294117647056,3,3,single,14.0,20.0,-0.009308430656885663,4,"{0: 9, 2: 68, 4: 68, 7: 59}",2.2141048908233643,0.1262135952711105,0.4912287890911102,0.0,0.0,2.092641830444336,0.147058829665184,0.4932340383529663,0.0,0.0,0.6176470518112183,220.0,100.0,adaptive,,,
25.0,binarize,mobilenetv3,threshold-220_max_value-100_method-adaptive_mean,0.1764705926179886,0.36764705882352944,7,7,single,13.0,19.0,-0.006750884756540787,5,"{1: 1, 2: 68, 4: 5, 6: 68, 7: 62}",2.201451301574707,0.1310679614543914,0.4648294150829315,0.0,0.0,2.083125114440918,0.1764705926179886,0.4841201305389404,0.0,0.0,0.6176470518112183,220.0,100.0,adaptive,,,
29.0,binarize,mobilenetv3,threshold-220_max_value-100_method-fixed,0.147058829665184,0.36764705882352944,5,5,single,17.0,23.0,-0.03616264770934538,3,"{2: 68, 6: 68, 7: 68}",2.192471742630005,0.1407766938209533,0.511560320854187,0.0,0.0,2.0817158222198486,0.147058829665184,0.507399320602417,0.0,0.0,0.6323529481887817,220.0,100.0,fixed,,,
23.0,binarize,mobilenetv3,threshold-220_max_value-127_method-adaptive_gaussian,0.1911764740943908,0.35294117647058826,14,14,single,11.0,17.0,0.00795499671986144,5,"{1: 1, 2: 67, 5: 53, 6: 67, 7: 16}",2.164818525314331,0.1456310749053955,0.4893520772457123,0.0,0.0,2.0804343223571777,0.1029411777853965,0.5111684203147888,0.0,0.0,0.6470588445663452,220.0,127.0,adaptive,,,
21.0,binarize,mobilenetv3,threshold-220_max_value-127_method-adaptive_mean,0.2058823555707931,0.36764705882352944,8,8,single,9.0,15.0,0.022660878196263723,4,"{0: 68, 2: 59, 5: 9, 6: 68}",2.186882734298706,0.1213592216372489,0.4903401136398315,0.0,0.0,2.085365533828736,0.1029411777853965,0.5043407082557678,0.0,0.0,0.6323529481887817,220.0,127.0,adaptive,,,
30.0,binarize,mobilenetv3,threshold-220_max_value-127_method-fixed,0.1449275314807891,0.35294117647058826,10,10,single,18.0,24.0,-0.03829394589374027,4,"{0: 68, 2: 2, 3: 66, 6: 68}",2.1351280212402344,0.1407766938209533,0.5241758823394775,0.0,0.0,2.082418203353882,0.1029411777853965,0.4990886151790619,0.0,0.0,0.6176470518112183,220.0,127.0,fixed,,,
19.0,binarize,mobilenetv3,threshold-220_max_value-200_method-adaptive_gaussian,0.2205882370471954,0.4852941176470588,15,15,single,7.0,13.0,0.03736675967266603,8,"{0: 9, 1: 37, 2: 6, 3: 28, 4: 21, 5: 22, 6: 56, 7: 25}",2.116483449935913,0.1262135952711105,0.5395755171775818,0.0,0.0,2.061494827270508,0.0882352963089943,0.5620211362838745,0.0,0.0,0.6617646813392639,220.0,200.0,adaptive,,,
22.0,binarize,mobilenetv3,threshold-220_max_value-200_method-adaptive_mean,0.2028985470533371,0.38235294117647056,10,10,single,10.0,16.0,0.019677069678807724,8,"{0: 50, 1: 54, 2: 2, 3: 7, 4: 16, 5: 36, 6: 34, 7: 5}",2.169902801513672,0.1456310749053955,0.5214625597000122,0.0,0.0,2.101659059524536,0.0147058824077248,0.4996138513088226,0.0,0.0,0.7058823704719543,220.0,200.0,adaptive,,,
24.0,binarize,mobilenetv3,threshold-255_max_value-255_method-adaptive_mean,0.1884057968854904,0.36764705882352944,10,10,single,12.0,18.0,0.005184319510961016,8,"{0: 29, 1: 38, 2: 12, 3: 50, 4: 19, 5: 25, 6: 12, 7: 19}",2.1340584754943848,0.1310679614543914,0.5521508455276489,0.0,0.0,2.0965330600738525,0.1323529481887817,0.4937128722667694,0.0,0.0,0.6323529481887817,255.0,255.0,adaptive,,,
31.0,binarize,mobilenetv3,threshold-255_max_value-255_method-fixed,0.1323529481887817,0.36764705882352944,1,1,single,19.0,25.0,-0.05086852918574766,3,"{0: 68, 5: 68, 6: 68}",2.2579143047332764,0.1650485396385193,0.5034573078155518,0.0,0.0,2.123461961746216,0.1323529481887817,0.5084033608436584,0.0,0.0,0.6323529481887817,255.0,255.0,fixed,,,
26.0,binarize,mobilenetv3,threshold-255_max_value-70_method-adaptive_gaussian,0.1739130467176437,0.38235294117647056,8,8,single,14.0,20.0,-0.009308430656885663,3,"{1: 68, 5: 68, 7: 68}",2.1467058658599854,0.1310679614543914,0.5166839361190796,0.0,0.0,2.083703994750977,0.1323529481887817,0.5018691420555115,0.0,0.0,0.6176470518112183,255.0,70.0,adaptive,,,
24.0,binarize,mobilenetv3,threshold-255_max_value-70_method-adaptive_mean,0.1884057968854904,0.38235294117647056,15,15,single,12.0,18.0,0.005184319510961016,3,"{0: 68, 3: 68, 5: 68}",2.138596534729004,0.1407766938209533,0.513063371181488,0.0,0.0,2.081967353820801,0.1323529481887817,0.512110710144043,0.0,0.0,0.6470588445663452,255.0,70.0,adaptive,,,
31.0,binarize,mobilenetv3,threshold-255_max_value-70_method-fixed,0.1323529481887817,0.36764705882352944,3,3,single,19.0,25.0,-0.05086852918574766,3,"{0: 68, 3: 68, 6: 68}",2.206451416015625,0.1650485396385193,0.5055074691772461,0.0,0.0,2.084334135055542,0.1323529481887817,0.5073529481887817,0.0,0.0,0.6323529481887817,255.0,70.0,fixed,,,
26.0,binarize,mobilenetv3,threshold-70_max_value-100_method-adaptive_gaussian,0.1739130467176437,0.3088235294117647,2,2,single,14.0,20.0,-0.009308430656885663,4,"{1: 58, 3: 68, 5: 31, 7: 47}",2.2805395126342773,0.116504855453968,0.477906197309494,0.5,0.0048543689772486,2.087899684906006,0.1176470592617988,0.4906389117240906,0.0,0.0,0.6176470518112183,70.0,100.0,adaptive,,,
25.0,binarize,mobilenetv3,threshold-70_max_value-100_method-adaptive_mean,0.1764705926179886,0.36764705882352944,15,15,single,13.0,19.0,-0.006750884756540787,6,"{0: 4, 1: 67, 3: 5, 4: 60, 5: 7, 6: 61}",2.1376328468322754,0.1504854410886764,0.5109795331954956,0.0,0.0,2.079214334487915,0.1764705926179886,0.5231555700302124,0.0,0.0,0.6323529481887817,70.0,100.0,adaptive,,,
27.0,binarize,mobilenetv3,threshold-70_max_value-100_method-fixed,0.1617647111415863,0.39705882352941174,7,7,single,15.0,21.0,-0.02145676623294307,4,"{0: 68, 1: 13, 6: 68, 7: 55}",2.172013282775879,0.1262135952711105,0.4980121254920959,0.0,0.0,2.083874464035034,0.1176470592617988,0.5002316832542419,0.0,0.0,0.6176470518112183,70.0,100.0,fixed,,,
27.0,binarize,mobilenetv3,threshold-70_max_value-127_method-adaptive_gaussian,0.1617647111415863,0.38235294117647056,3,3,single,15.0,21.0,-0.02145676623294307,5,"{0: 62, 2: 67, 3: 18, 4: 16, 5: 41}",2.2368831634521484,0.1116504818201065,0.4961353540420532,0.0,0.0,2.080229520797729,0.1617647111415863,0.5035374164581299,0.0,0.0,0.6323529481887817,70.0,127.0,adaptive,,,
23.0,binarize,mobilenetv3,threshold-70_max_value-127_method-adaptive_mean,0.1911764740943908,0.3382352941176471,1,1,single,11.0,17.0,0.00795499671986144,6,"{0: 68, 1: 68, 2: 5, 4: 4, 5: 13, 6: 46}",2.2417471408843994,0.1359223276376724,0.5156538486480713,0.5,0.0048543689772486,2.1171231269836426,0.1176470592617988,0.5127285718917847,0.0,0.0,0.6323529481887817,70.0,127.0,adaptive,,,
27.0,binarize,mobilenetv3,threshold-127_max_value-100_method-adaptive_gaussian,0.1617647111415863,0.36764705882352944,13,13,single,15.0,21.0,-0.02145676623294307,5,"{2: 41, 3: 11, 4: 21, 5: 68, 6: 63}",2.147536516189575,0.1213592216372489,0.4979448020458221,0.0,0.0,2.078242540359497,0.1617647111415863,0.5215490460395813,0.0,0.0,0.6323529481887817,127.0,100.0,adaptive,,,
27.0,binarize,mobilenetv3,threshold-127_max_value-100_method-adaptive_mean,0.1617647111415863,0.35294117647058826,15,15,single,15.0,21.0,-0.02145676623294307,6,"{0: 35, 1: 68, 2: 26, 3: 68, 5: 1, 6: 6}",2.117650270462036,0.1601941734552383,0.5144132971763611,0.0,0.0,2.07947850227356,0.1617647111415863,0.5298134088516235,0.0,0.0,0.6617646813392639,127.0,100.0,adaptive,,,
27.0,binarize,mobilenetv3,threshold-127_max_value-100_method-fixed,0.1617647111415863,0.36764705882352944,1,1,single,15.0,21.0,-0.02145676623294307,4,"{0: 67, 4: 1, 5: 68, 6: 68}",2.2706875801086426,0.1699029058218002,0.526500403881073,0.2000000029802322,0.0048543689772486,2.1309757232666016,0.1617647111415863,0.5008187294006348,0.0,0.0,0.6176470518112183,127.0,100.0,fixed,,,
22.0,binarize,mobilenetv3,threshold-127_max_value-127_method-adaptive_gaussian,0.2028985470533371,0.36764705882352944,13,13,single,10.0,16.0,0.019677069678807724,5,"{0: 68, 1: 56, 2: 33, 5: 4, 6: 43}",2.137637138366699,0.1067961156368255,0.5102052688598633,0.0,0.0,2.07974624633789,0.0588235296308994,0.5118944644927979,0.0,0.0,0.6470588445663452,127.0,127.0,adaptive,,,
26.0,binarize,mobilenetv3,threshold-127_max_value-127_method-adaptive_mean,0.1739130467176437,0.4117647058823529,2,2,single,14.0,20.0,-0.009308430656885663,5,"{2: 68, 3: 55, 5: 12, 6: 68, 7: 1}",2.237189054489136,0.097087375819683,0.4941845238208771,0.0,0.0,2.0947694778442383,0.1176470592617988,0.4841664433479309,0.0,0.0,0.6470588445663452,127.0,127.0,adaptive,,,
27.0,binarize,mobilenetv3,threshold-127_max_value-127_method-fixed,0.1617647111415863,0.38235294117647056,15,15,single,15.0,21.0,-0.02145676623294307,3,"{2: 68, 5: 68, 6: 68}",2.139608860015869,0.1019417494535446,0.5121695399284363,0.0,0.0,2.0787627696990967,0.0882352963089943,0.5065033435821533,0.0,0.0,0.6176470518112183,127.0,127.0,fixed,,,
21.0,binarize,mobilenetv3,threshold-127_max_value-200_method-adaptive_gaussian,0.2058823555707931,0.35294117647058826,12,12,single,9.0,15.0,0.022660878196263723,8,"{0: 36, 1: 6, 2: 37, 3: 9, 4: 25, 5: 48, 6: 26, 7: 17}",2.104262590408325,0.1893203854560852,0.5501107573509216,0.0,0.0,2.095285415649414,0.0588235296308994,0.4929405450820923,0.0,0.0,0.6323529481887817,127.0,200.0,adaptive,,,
22.0,binarize,mobilenetv3,threshold-127_max_value-200_method-adaptive_mean,0.2028985470533371,0.4411764705882353,4,4,single,10.0,16.0,0.019677069678807724,8,"{0: 16, 1: 7, 2: 47, 3: 47, 4: 30, 5: 33, 6: 20, 7: 4}",2.184600114822388,0.1504854410886764,0.5259718894958496,0.0,0.0,2.071641683578491,0.1911764740943908,0.5546836256980896,0.0,0.0,0.75,127.0,200.0,adaptive,,,
24.0,binarize,mobilenetv3,threshold-127_max_value-200_method-fixed,0.1884057968854904,0.39705882352941174,4,4,single,12.0,18.0,0.005184319510961016,5,"{0: 42, 1: 15, 3: 21, 5: 68, 6: 58}",2.2451772689819336,0.1310679614543914,0.4718534052371979,0.0,0.0,2.0893170833587646,0.1176470592617988,0.5201279520988464,0.0,0.0,0.6470588445663452,127.0,200.0,fixed,,,
16.0,binarize,mobilenetv3,threshold-127_max_value-220_method-adaptive_gaussian,0.2463768124580383,0.4117647058823529,8,8,single,4.0,10.0,0.06315533508350893,8,"{0: 49, 1: 23, 2: 13, 3: 8, 4: 34, 5: 22, 6: 27, 7: 28}",2.190807342529297,0.1456310749053955,0.5041558146476746,0.0,0.0,2.081956386566162,0.147058829665184,0.5324239730834961,0.0,0.0,0.6764705777168274,127.0,220.0,adaptive,,,
21.0,binarize,mobilenetv3,threshold-127_max_value-220_method-adaptive_mean,0.2058823555707931,0.47058823529411764,4,4,single,9.0,15.0,0.022660878196263723,8,"{0: 66, 1: 4, 2: 28, 3: 35, 4: 23, 5: 29, 6: 16, 7: 3}",2.1782474517822266,0.1456310749053955,0.5111697912216187,0.0,0.0,2.052095413208008,0.1617647111415863,0.5648325681686401,0.0,0.0,0.720588207244873,127.0,220.0,adaptive,,,
17.0,binarize,mobilenetv3,threshold-127_max_value-220_method-fixed,0.2352941185235977,0.4117647058823529,14,14,single,5.0,11.0,0.052072641149068316,6,"{0: 16, 2: 54, 3: 15, 5: 68, 6: 47, 7: 4}",2.114943027496338,0.1262135952711105,0.5251320004463196,0.0,0.0,2.064547061920166,0.1617647111415863,0.5630561113357544,0.0,0.0,0.6911764740943909,127.0,220.0,fixed,,,
17.0,binarize,mobilenetv3,threshold-127_max_value-255_method-adaptive_gaussian,0.2352941185235977,0.4852941176470588,4,4,single,5.0,11.0,0.052072641149068316,8,"{0: 17, 1: 19, 2: 37, 3: 20, 4: 21, 5: 46, 6: 23, 7: 21}",2.204138994216919,0.1796116530895233,0.5480926036834717,0.2000000029802322,0.0048543689772486,2.075511932373047,0.2352941185235977,0.5449672341346741,0.0,0.0,0.6617646813392639,127.0,255.0,adaptive,,,
25.0,binarize,mobilenetv3,threshold-127_max_value-255_method-adaptive_mean,0.1764705926179886,0.5,6,6,single,13.0,19.0,-0.006750884756540787,8,"{0: 29, 1: 29, 2: 20, 3: 11, 4: 22, 5: 40, 6: 39, 7: 14}",2.1859984397888184,0.1601941734552383,0.5216476917266846,0.5,0.0048543689772486,2.0766444206237797,0.147058829665184,0.5354207158088684,0.0,0.0,0.6764705777168274,127.0,255.0,adaptive,,,
24.0,binarize,mobilenetv3,threshold-127_max_value-255_method-fixed,0.1884057968854904,0.5,3,3,single,12.0,18.0,0.005184319510961016,8,"{0: 19, 1: 42, 2: 28, 3: 10, 4: 10, 5: 55, 6: 34, 7: 6}",2.208634614944458,0.1359223276376724,0.5004712343215942,0.0,0.0,2.0720903873443604,0.073529414832592,0.551331639289856,0.0,0.0,0.720588207244873,127.0,255.0,fixed,,,
21.0,binarize,mobilenetv3,threshold-220_max_value-220_method-adaptive_gaussian,0.2058823555707931,0.45588235294117646,15,15,single,9.0,15.0,0.022660878196263723,8,"{0: 26, 1: 34, 2: 41, 3: 8, 4: 36, 5: 1, 6: 24, 7: 34}",2.0730199813842773,0.2038834989070892,0.5698631405830383,0.0,0.0,2.067926406860352,0.2058823555707931,0.5441330671310425,0.0,0.0,0.6470588445663452,220.0,220.0,adaptive,,,
20.0,binarize,mobilenetv3,threshold-220_max_value-220_method-adaptive_mean,0.2173912972211837,0.4852941176470588,7,7,single,8.0,14.0,0.03416981984665432,8,"{0: 29, 1: 34, 2: 39, 3: 20, 4: 15, 5: 51, 6: 13, 7: 3}",2.1310746669769287,0.1262135952711105,0.5346319675445557,0.0,0.0,2.055093050003052,0.147058829665184,0.5624073147773743,0.0,0.0,0.6911764740943909,220.0,220.0,adaptive,,,
29.0,binarize,mobilenetv3,threshold-220_max_value-220_method-fixed,0.147058829665184,0.38235294117647056,12,12,single,17.0,23.0,-0.03616264770934538,4,"{1: 8, 3: 60, 4: 68, 6: 68}",2.159012794494629,0.1553398072719574,0.509749174118042,0.0,0.0,2.088951587677002,0.1176470592617988,0.5040780901908875,0.0,0.0,0.6323529481887817,220.0,220.0,fixed,,,
13.0,binarize,mobilenetv3,threshold-220_max_value-255_method-adaptive_gaussian,0.2647058963775635,0.45588235294117646,2,2,single,1.0,7.0,0.0814844190030341,8,"{0: 22, 1: 13, 2: 24, 3: 23, 4: 25, 5: 48, 6: 37, 7: 12}",2.2522308826446533,0.1262135952711105,0.5255729556083679,0.2000000029802322,0.0048543689772486,2.051189661026001,0.2647058963775635,0.5916491746902466,0.0,0.0,0.6911764740943909,220.0,255.0,adaptive,,,
21.0,binarize,mobilenetv3,threshold-220_max_value-255_method-adaptive_mean,0.2058823555707931,0.5441176470588235,5,5,single,9.0,15.0,0.022660878196263723,8,"{0: 34, 1: 11, 2: 25, 3: 38, 4: 28, 5: 29, 6: 17, 7: 22}",2.103503704071045,0.2038834989070892,0.5762509703636169,0.0,0.0,2.0715646743774414,0.147058829665184,0.5446583032608032,0.0,0.0,0.6470588445663452,220.0,255.0,adaptive,,,
30.0,binarize,mobilenetv3,threshold-220_max_value-255_method-fixed,0.1449275314807891,0.36764705882352944,11,11,single,18.0,24.0,-0.03829394589374027,4,"{0: 68, 1: 68, 5: 2, 6: 66}",2.1518304347991943,0.116504855453968,0.5122385621070862,0.0,0.0,2.0849485397338867,0.1176470592617988,0.49277064204216,0.0,0.0,0.6176470518112183,220.0,255.0,fixed,,,
29.0,binarize,mobilenetv3,threshold-220_max_value-70_method-adaptive_gaussian,0.147058829665184,0.36764705882352944,6,6,single,17.0,23.0,-0.03616264770934538,4,"{0: 1, 2: 68, 5: 68, 6: 67}",2.115906000137329,0.1699029058218002,0.5401545763015747,0.0,0.0,2.079307079315185,0.147058829665184,0.5138562917709351,0.0,0.0,0.6470588445663452,220.0,70.0,adaptive,,,
26.0,binarize,mobilenetv3,threshold-220_max_value-70_method-adaptive_mean,0.1739130467176437,0.35294117647058826,14,14,single,14.0,20.0,-0.009308430656885663,4,"{0: 68, 5: 5, 6: 68, 7: 63}",2.1943373680114746,0.1116504818201065,0.4646173119544983,0.0,0.0,2.0856282711029053,0.1176470592617988,0.4920137226581573,0.0,0.0,0.6323529481887817,220.0,70.0,adaptive,,,
31.0,binarize,mobilenetv3,threshold-220_max_value-70_method-fixed,0.1323529481887817,0.3382352941176471,1,1,single,19.0,25.0,-0.05086852918574766,4,"{0: 68, 1: 4, 6: 68, 7: 64}",2.328155279159546,0.1262135952711105,0.4931375682353973,0.3333333432674408,0.0048543689772486,2.131861686706543,0.1176470592617988,0.4987333118915558,0.0,0.0,0.6323529481887817,220.0,70.0,fixed,,,
25.0,binarize,mobilenetv3,threshold-255_max_value-100_method-adaptive_mean,0.1764705926179886,0.36764705882352944,13,13,single,13.0,19.0,-0.006750884756540787,5,"{0: 35, 1: 68, 2: 4, 5: 29, 6: 68}",2.176692008972168,0.1456310749053955,0.4833716154098511,0.0,0.0,2.081673145294189,0.1029411777853965,0.5027650594711304,0.0,0.0,0.6617646813392639,255.0,100.0,adaptive,,,
31.0,binarize,mobilenetv3,threshold-255_max_value-100_method-fixed,0.1323529481887817,0.38235294117647056,1,1,single,19.0,25.0,-0.05086852918574766,3,"{1: 68, 2: 68, 7: 68}",2.465726137161255,0.1359223276376724,0.5050159692764282,0.1176470592617988,0.0097087379544973,2.1976301670074463,0.1176470592617988,0.4957983195781708,0.0,0.0,0.6176470518112183,255.0,100.0,fixed,,,
22.0,binarize,mobilenetv3,threshold-255_max_value-127_method-adaptive_gaussian,0.2028985470533371,0.38235294117647056,12,12,single,10.0,16.0,0.019677069678807724,4,"{3: 67, 4: 16, 6: 68, 7: 53}",2.17701268196106,0.1407766938209533,0.5066351890563965,0.0,0.0,2.0856144428253174,0.1176470592617988,0.5051130652427673,0.0,0.0,0.6323529481887817,255.0,127.0,adaptive,,,
19.0,binarize,mobilenetv3,threshold-255_max_value-127_method-adaptive_mean,0.2205882370471954,0.36764705882352944,8,8,single,7.0,13.0,0.03736675967266603,5,"{0: 66, 3: 21, 4: 15, 5: 34, 6: 68}",2.1731960773468018,0.116504855453968,0.5162344574928284,0.0,0.0,2.0741097927093506,0.2205882370471954,0.535853385925293,0.0,0.0,0.6617646813392639,255.0,127.0,adaptive,,,
31.0,binarize,mobilenetv3,threshold-255_max_value-127_method-fixed,0.1323529481887817,0.38235294117647056,9,9,single,19.0,25.0,-0.05086852918574766,3,"{1: 68, 5: 68, 6: 68}",2.1398744583129883,0.1067961156368255,0.5236322283744812,0.0,0.0,2.086819887161255,0.1176470592617988,0.4968487322330475,0.0,0.0,0.6176470518112183,255.0,127.0,fixed,,,
21.0,binarize,mobilenetv3,threshold-255_max_value-200_method-adaptive_gaussian,0.2058823555707931,0.4264705882352941,6,6,single,9.0,15.0,0.022660878196263723,8,"{0: 5, 1: 12, 2: 28, 3: 14, 4: 20, 5: 59, 6: 50, 7: 16}",2.1528239250183105,0.1504854410886764,0.5336254835128784,0.0,0.0,2.077497720718384,0.2058823555707931,0.5163741707801819,0.0,0.0,0.6911764740943909,255.0,200.0,adaptive,,,
21.0,binarize,mobilenetv3,threshold-255_max_value-200_method-adaptive_mean,0.2058823555707931,0.5147058823529411,2,2,single,9.0,15.0,0.022660878196263723,8,"{0: 53, 1: 12, 2: 4, 3: 40, 4: 24, 5: 33, 6: 24, 7: 14}",2.3780109882354736,0.1213592216372489,0.4699833691120147,0.1666666716337204,0.0048543689772486,2.111820697784424,0.147058829665184,0.5082334280014038,0.0,0.0,0.6470588445663452,255.0,200.0,adaptive,,,
31.0,binarize,mobilenetv3,threshold-255_max_value-200_method-fixed,0.1323529481887817,0.36764705882352944,4,4,single,19.0,25.0,-0.05086852918574766,3,"{0: 68, 3: 68, 6: 68}",2.21064567565918,0.1213592216372489,0.4963238835334778,0.5,0.0048543689772486,2.083705186843872,0.1323529481887817,0.4936974942684173,0.0,0.0,0.6176470518112183,255.0,200.0,fixed,,,
14.0,binarize,mobilenetv3,threshold-255_max_value-220_method-adaptive_gaussian,0.260869562625885,0.39705882352941174,3,3,single,2.0,8.0,0.07764808525135564,8,"{0: 30, 1: 26, 2: 44, 3: 7, 4: 31, 5: 20, 6: 17, 7: 29}",2.217808961868286,0.116504855453968,0.5053728222846985,0.0,0.0,2.065826654434204,0.1911764740943908,0.5518876314163208,0.0,0.0,0.7058823704719543,255.0,220.0,adaptive,,,
15.0,binarize,mobilenetv3,threshold-255_max_value-220_method-adaptive_mean,0.25,0.45588235294117646,13,13,single,3.0,9.0,0.06677852262547063,8,"{0: 24, 1: 21, 2: 49, 3: 33, 4: 21, 5: 24, 6: 12, 7: 20}",2.0544240474700928,0.2135922312736511,0.5860203504562378,0.0,0.0,2.050256729125977,0.25,0.5885751247406006,0.0,0.0,0.75,255.0,220.0,adaptive,,,
31.0,binarize,mobilenetv3,threshold-255_max_value-220_method-fixed,0.1323529481887817,0.38235294117647056,1,1,single,19.0,25.0,-0.05086852918574766,3,"{0: 68, 1: 68, 2: 68}",2.3629536628723145,0.1262135952711105,0.5139403343200684,0.0,0.0,2.1666789054870605,0.1323529481887817,0.5052521228790283,0.0,0.0,0.6323529481887817,255.0,220.0,fixed,,,
8.0,binarize,nasnet,threshold-100_max_value-100_method-adaptive_gaussian,0.304347813129425,0.38235294117647056,5,5,single,3.0,2.0,0.07117955215797303,8,"{0: 36, 1: 27, 2: 38, 3: 21, 4: 15, 5: 20, 6: 28, 7: 19}",2.1567537784576416,0.1844660192728042,0.5719351768493652,0.2222222238779068,0.0097087379544973,2.149327278137207,0.0882352963089943,0.4702792763710022,0.0,0.0,0.6176470518112183,100.0,100.0,adaptive,,,
24.0,binarize,nasnet,threshold-100_max_value-100_method-adaptive_mean,0.1884057968854904,0.36764705882352944,9,9,single,19.0,18.0,-0.04476246408596157,8,"{0: 21, 1: 28, 2: 36, 3: 34, 4: 16, 5: 23, 6: 31, 7: 15}",1.941322684288025,0.2330097109079361,0.6721213459968567,0.3333333432674408,0.0097087379544973,2.164919376373291,0.0882352963089943,0.458184003829956,0.0,0.0,0.5882353186607361,100.0,100.0,adaptive,,,
19.0,binarize,nasnet,threshold-100_max_value-100_method-fixed,0.2205882370471954,0.45588235294117646,7,7,single,14.0,13.0,-0.012580023924256556,8,"{0: 40, 1: 18, 2: 29, 3: 32, 4: 25, 5: 19, 6: 24, 7: 17}",2.110999584197998,0.1747572869062423,0.5788413882255554,0.0,0.0,2.080672264099121,0.2205882370471954,0.5471607446670532,0.0,0.0,0.6176470518112183,100.0,100.0,fixed,,,
17.0,binarize,nasnet,threshold-100_max_value-127_method-adaptive_gaussian,0.2352941185235977,0.3382352941176471,13,13,single,12.0,11.0,0.002125857552145727,8,"{0: 20, 1: 26, 2: 25, 3: 28, 4: 21, 5: 23, 6: 24, 7: 37}",1.9948314428329468,0.2427184432744979,0.6323808431625366,0.25,0.0048543689772486,2.126169919967652,0.1029411777853965,0.5056073665618896,0.0,0.0,0.6470588445663452,100.0,127.0,adaptive,,,
19.0,binarize,nasnet,threshold-100_max_value-127_method-adaptive_mean,0.2205882370471954,0.4117647058823529,5,5,single,14.0,13.0,-0.012580023924256556,8,"{0: 30, 1: 28, 2: 25, 3: 26, 4: 18, 5: 29, 6: 26, 7: 22}",2.184133768081665,0.1553398072719574,0.5667710900306702,0.0,0.0,2.076709508895874,0.1176470592617988,0.5441021919250488,0.0,0.0,0.7058823704719543,100.0,127.0,adaptive,,,
15.0,binarize,nasnet,threshold-100_max_value-127_method-fixed,0.25,0.4411764705882353,3,3,single,10.0,9.0,0.016831739028548037,8,"{0: 22, 1: 39, 2: 32, 3: 19, 4: 15, 5: 23, 6: 31, 7: 23}",2.228454828262329,0.1504854410886764,0.542524516582489,0.25,0.014563106931746,2.034735679626465,0.25,0.5838637351989746,0.0,0.0,0.6911764740943909,100.0,127.0,fixed,,,
21.0,binarize,nasnet,threshold-100_max_value-200_method-adaptive_gaussian,0.2058823555707931,0.45588235294117646,11,11,single,16.0,15.0,-0.027285905400658866,8,"{0: 32, 1: 28, 2: 26, 3: 23, 4: 16, 5: 22, 6: 31, 7: 26}",1.989895820617676,0.2087378650903701,0.6392298936843872,0.3333333432674408,0.0048543689772486,2.0936293601989746,0.1029411777853965,0.5400704741477966,0.0,0.0,0.7058823704719543,100.0,200.0,adaptive,,,
18.0,binarize,nasnet,threshold-100_max_value-200_method-adaptive_mean,0.2318840622901916,0.36764705882352944,2,2,single,13.0,12.0,-0.0012841986812603678,8,"{0: 19, 1: 36, 2: 23, 3: 33, 4: 18, 5: 24, 6: 30, 7: 21}",2.313035011291504,0.1116504818201065,0.516431450843811,0.2857142984867096,0.0194174759089946,2.2007336616516118,0.0882352963089943,0.4511862993240356,0.0,0.0,0.5882353186607361,100.0,200.0,adaptive,,,
19.0,binarize,nasnet,threshold-100_max_value-200_method-fixed,0.2205882370471954,0.4264705882352941,4,4,single,14.0,13.0,-0.012580023924256556,8,"{0: 35, 1: 23, 2: 19, 3: 18, 4: 19, 5: 37, 6: 24, 7: 29}",2.1194801330566406,0.1844660192728042,0.5805515050888062,0.5454545617103577,0.029126213863492,2.116457223892212,0.1029411777853965,0.5341231822967529,0.0,0.0,0.6911764740943909,100.0,200.0,fixed,,,
23.0,binarize,nasnet,threshold-100_max_value-220_method-adaptive_gaussian,0.1911764740943908,0.35294117647058826,2,2,single,18.0,17.0,-0.04199178687706115,8,"{0: 26, 1: 21, 2: 23, 3: 30, 4: 14, 5: 28, 6: 31, 7: 31}",2.343672037124634,0.116504855453968,0.517737627029419,0.0,0.0,2.132990598678589,0.1911764740943908,0.4902527332305908,0.0,0.0,0.6470588445663452,100.0,220.0,adaptive,,,
19.0,binarize,nasnet,threshold-100_max_value-220_method-adaptive_mean,0.2205882370471954,0.4117647058823529,15,15,single,14.0,13.0,-0.012580023924256556,8,"{0: 28, 1: 28, 2: 24, 3: 25, 4: 16, 5: 27, 6: 26, 7: 30}",1.99421226978302,0.1990291327238083,0.6397583484649658,0.25,0.0048543689772486,2.092177391052246,0.147058829665184,0.5404102802276611,0.0,0.0,0.6764705777168274,100.0,220.0,adaptive,,,
22.0,binarize,nasnet,threshold-100_max_value-220_method-fixed,0.2028985470533371,0.45588235294117646,1,1,single,17.0,16.0,-0.030269713918114866,8,"{0: 27, 1: 25, 2: 27, 3: 19, 4: 29, 5: 21, 6: 27, 7: 29}",2.552574396133423,0.1262135952711105,0.471329927444458,0.1481481492519378,0.0194174759089946,2.154873371124268,0.0882352963089943,0.4796867370605469,0.0,0.0,0.5735294222831726,100.0,220.0,fixed,,,
18.0,binarize,nasnet,threshold-100_max_value-255_method-adaptive_gaussian,0.2318840622901916,0.4411764705882353,3,3,single,13.0,12.0,-0.0012841986812603678,8,"{0: 27, 1: 33, 2: 19, 3: 25, 4: 19, 5: 23, 6: 35, 7: 23}",2.2543599605560303,0.1456310749053955,0.5402824878692627,0.2727272808551788,0.014563106931746,2.09635853767395,0.147058829665184,0.53798508644104,0.0,0.0,0.6764705777168274,100.0,255.0,adaptive,,,
21.0,binarize,nasnet,threshold-100_max_value-255_method-adaptive_mean,0.2058823555707931,0.29411764705882354,3,3,single,16.0,15.0,-0.027285905400658866,8,"{0: 25, 1: 15, 2: 29, 3: 34, 4: 23, 5: 26, 6: 29, 7: 23}",2.2207119464874268,0.1650485396385193,0.557197093963623,0.25,0.0097087379544973,2.1292994022369385,0.1617647111415863,0.4805826842784881,0.0,0.0,0.5735294222831726,100.0,255.0,adaptive,,,
17.0,binarize,nasnet,threshold-100_max_value-255_method-fixed,0.2352941185235977,0.45588235294117646,12,12,single,12.0,11.0,0.002125857552145727,8,"{0: 25, 1: 35, 2: 26, 3: 30, 4: 23, 5: 19, 6: 24, 7: 22}",1.922579407691956,0.2621359229087829,0.6816281080245972,0.25,0.0048543689772486,2.066108226776123,0.2352941185235977,0.5680919289588928,0.0,0.0,0.6764705777168274,100.0,255.0,fixed,,,
15.0,binarize,nasnet,threshold-100_max_value-70_method-adaptive_gaussian,0.25,0.5294117647058824,13,13,single,10.0,9.0,0.016831739028548037,8,"{0: 23, 1: 27, 2: 39, 3: 20, 4: 18, 5: 20, 6: 36, 7: 21}",1.9930295944213867,0.237864077091217,0.6389706134796143,1.0,0.0048543689772486,2.068696975708008,0.2205882370471954,0.5653577446937561,0.0,0.0,0.6764705777168274,100.0,70.0,adaptive,,,
19.0,binarize,nasnet,threshold-100_max_value-70_method-adaptive_mean,0.2205882370471954,0.36764705882352944,2,2,single,14.0,13.0,-0.012580023924256556,8,"{0: 27, 1: 39, 2: 35, 3: 32, 4: 23, 5: 9, 6: 16, 7: 23}",2.450345754623413,0.097087375819683,0.4867716431617737,0.0714285746216774,0.0048543689772486,2.175111532211304,0.1029411777853965,0.4422577619552612,0.0,0.0,0.5147058963775635,100.0,70.0,adaptive,,,
19.0,binarize,nasnet,threshold-70_max_value-200_method-adaptive_gaussian,0.2205882370471954,0.38235294117647056,11,11,single,14.0,13.0,-0.012580023924256556,8,"{0: 20, 1: 40, 2: 27, 3: 22, 4: 21, 5: 31, 6: 22, 7: 21}",1.99356746673584,0.2427184432744979,0.6392214298248291,0.5,0.0048543689772486,2.061464786529541,0.147058829665184,0.5626544952392578,0.0,0.0,0.6617646813392639,70.0,200.0,adaptive,,,
21.0,binarize,nasnet,threshold-70_max_value-200_method-adaptive_mean,0.2058823555707931,0.36764705882352944,8,8,single,16.0,15.0,-0.027285905400658866,8,"{0: 17, 1: 37, 2: 23, 3: 39, 4: 8, 5: 34, 6: 21, 7: 25}",2.0149428844451904,0.1844660192728042,0.6327579021453857,0.2857142984867096,0.0097087379544973,2.087822437286377,0.1176470592617988,0.5312963128089905,0.0,0.0,0.6911764740943909,70.0,200.0,adaptive,,,
21.0,binarize,nasnet,threshold-70_max_value-200_method-fixed,0.2058823555707931,0.4411764705882353,15,15,single,16.0,15.0,-0.027285905400658866,8,"{0: 31, 1: 18, 2: 34, 3: 36, 4: 11, 5: 25, 6: 27, 7: 22}",1.9426988363265991,0.237864077091217,0.665168046951294,1.0,0.0048543689772486,2.091269969940185,0.1617647111415863,0.5399777293205261,0.0,0.0,0.6911764740943909,70.0,200.0,fixed,,,
22.0,binarize,nasnet,threshold-70_max_value-220_method-adaptive_gaussian,0.2028985470533371,0.4264705882352941,7,7,single,17.0,16.0,-0.030269713918114866,8,"{0: 34, 1: 20, 2: 27, 3: 46, 4: 14, 5: 17, 6: 30, 7: 16}",2.081950426101685,0.1844660192728042,0.5857291221618652,0.6666666865348816,0.0097087379544973,2.1095855236053467,0.1176470592617988,0.5144895911216736,0.0,0.0,0.6764705777168274,70.0,220.0,adaptive,,,
22.0,binarize,nasnet,threshold-70_max_value-220_method-adaptive_mean,0.2028985470533371,0.4264705882352941,8,8,single,17.0,16.0,-0.030269713918114866,8,"{0: 33, 1: 26, 2: 28, 3: 24, 4: 16, 5: 28, 6: 22, 7: 27}",2.045719861984253,0.2427184432744979,0.6193140745162964,0.4285714328289032,0.014563106931746,2.11030912399292,0.1617647111415863,0.5272336602210999,0.0,0.0,0.6911764740943909,70.0,220.0,adaptive,,,
20.0,binarize,nasnet,threshold-70_max_value-220_method-fixed,0.2173912972211837,0.4117647058823529,1,1,single,15.0,14.0,-0.01577696375026827,8,"{0: 20, 1: 16, 2: 37, 3: 33, 4: 20, 5: 21, 6: 21, 7: 36}",2.4394547939300537,0.116504855453968,0.4912624955177307,0.1538461595773697,0.0097087379544973,2.146362066268921,0.1029411777853965,0.4847225546836853,0.0,0.0,0.6323529481887817,70.0,220.0,fixed,,,
19.0,binarize,nasnet,threshold-70_max_value-255_method-adaptive_gaussian,0.2205882370471954,0.38235294117647056,13,13,single,14.0,13.0,-0.012580023924256556,8,"{0: 18, 1: 30, 2: 24, 3: 30, 4: 15, 5: 38, 6: 29, 7: 20}",2.021798849105835,0.1893203854560852,0.6289756894111633,0.1666666716337204,0.0048543689772486,2.1042306423187256,0.1911764740943908,0.5236498713493347,0.0,0.0,0.6323529481887817,70.0,255.0,adaptive,,,
17.0,binarize,nasnet,threshold-70_max_value-255_method-adaptive_mean,0.2352941185235977,0.45588235294117646,14,14,single,12.0,11.0,0.002125857552145727,8,"{0: 22, 1: 19, 2: 29, 3: 33, 4: 16, 5: 32, 6: 22, 7: 31}",1.8346277475357056,0.3009708821773529,0.7207592725753784,0.5,0.014563106931746,2.1183505058288574,0.073529414832592,0.5271100997924805,0.0,0.0,0.6323529481887817,70.0,255.0,adaptive,,,
25.0,binarize,nasnet,threshold-70_max_value-255_method-fixed,0.1764705926179886,0.5,9,9,single,20.0,19.0,-0.056697668353463376,8,"{0: 32, 1: 14, 2: 27, 3: 37, 4: 28, 5: 17, 6: 31, 7: 18}",2.047217845916748,0.237864077091217,0.6047409176826477,0.0,0.0,2.068925142288208,0.147058829665184,0.557217001914978,0.0,0.0,0.7058823704719543,70.0,255.0,fixed,,,
15.0,binarize,nasnet,threshold-70_max_value-70_method-adaptive_gaussian,0.25,0.45588235294117646,6,6,single,10.0,9.0,0.016831739028548037,8,"{0: 19, 1: 24, 2: 34, 3: 33, 4: 21, 5: 29, 6: 23, 7: 21}",2.114287137985229,0.1456310749053955,0.5779862999916077,0.3333333432674408,0.0048543689772486,2.0961570739746094,0.1323529481887817,0.516049861907959,0.0,0.0,0.6323529481887817,70.0,70.0,adaptive,,,
17.0,binarize,nasnet,threshold-70_max_value-70_method-adaptive_mean,0.2352941185235977,0.29411764705882354,14,14,single,12.0,11.0,0.002125857552145727,8,"{0: 19, 1: 37, 2: 26, 3: 34, 4: 17, 5: 23, 6: 25, 7: 23}",1.9082690477371216,0.2815533876419067,0.6863225698471069,0.5,0.0097087379544973,2.118018627166748,0.0882352963089943,0.5144278407096863,0.0,0.0,0.7058823704719543,70.0,70.0,adaptive,,,
25.0,binarize,nasnet,threshold-70_max_value-70_method-fixed,0.1764705926179886,0.4411764705882353,14,14,single,20.0,19.0,-0.056697668353463376,8,"{0: 26, 1: 35, 2: 20, 3: 28, 4: 25, 5: 18, 6: 35, 7: 17}",1.883836030960083,0.2961165010929107,0.6977565288543701,0.5,0.0048543689772486,2.1117918491363525,0.073529414832592,0.5213945508003235,0.0,0.0,0.7058823704719543,70.0,70.0,fixed,,,
15.0,binarize,nasnet,threshold-127_max_value-70_method-adaptive_mean,0.25,0.4264705882352941,1,1,single,10.0,9.0,0.016831739028548037,8,"{0: 31, 1: 30, 2: 29, 3: 37, 4: 20, 5: 9, 6: 29, 7: 19}",2.409597396850586,0.1213592216372489,0.5065914392471313,0.1363636404275894,0.014563106931746,2.0499706268310547,0.25,0.5770050883293152,0.0,0.0,0.6911764740943909,127.0,70.0,adaptive,,,
19.0,binarize,nasnet,threshold-127_max_value-70_method-fixed,0.2205882370471954,0.5147058823529411,14,14,single,14.0,13.0,-0.012580023924256556,8,"{0: 25, 1: 27, 2: 16, 3: 29, 4: 23, 5: 38, 6: 26, 7: 20}",1.8708806037902832,0.276699036359787,0.7088338136672974,0.1666666716337204,0.0048543689772486,2.0620362758636475,0.1323529481887817,0.5889149904251099,0.0,0.0,0.75,127.0,70.0,fixed,,,
20.0,binarize,nasnet,threshold-200_max_value-100_method-adaptive_gaussian,0.2173912972211837,0.45588235294117646,7,7,single,15.0,14.0,-0.01577696375026827,8,"{0: 31, 1: 23, 2: 20, 3: 25, 4: 19, 5: 38, 6: 19, 7: 29}",2.1101150512695312,0.1844660192728042,0.5828238725662231,0.3333333432674408,0.0097087379544973,2.0807595252990723,0.147058829665184,0.5459095239639282,0.0,0.0,0.6470588445663452,200.0,100.0,adaptive,,,
23.0,binarize,nasnet,threshold-200_max_value-100_method-adaptive_mean,0.1911764740943908,0.39705882352941174,1,1,single,18.0,17.0,-0.04199178687706115,8,"{0: 22, 1: 44, 2: 24, 3: 21, 4: 13, 5: 27, 6: 28, 7: 25}",2.488308906555176,0.1116504818201065,0.4930769503116607,0.1599999964237213,0.0194174759089946,2.140390396118164,0.073529414832592,0.4898820221424103,0.0,0.0,0.6764705777168274,200.0,100.0,adaptive,,,
19.0,binarize,nasnet,threshold-200_max_value-100_method-fixed,0.2205882370471954,0.47058823529411764,7,7,single,14.0,13.0,-0.012580023924256556,8,"{0: 28, 1: 40, 2: 18, 3: 17, 4: 14, 5: 36, 6: 42, 7: 9}",2.056016206741333,0.1990291327238083,0.5918828845024109,0.5,0.0048543689772486,2.045327663421631,0.2205882370471954,0.5839409232139587,0.0,0.0,0.720588207244873,200.0,100.0,fixed,,,
18.0,binarize,nasnet,threshold-200_max_value-127_method-adaptive_gaussian,0.2318840622901916,0.38235294117647056,15,15,single,13.0,12.0,-0.0012841986812603678,8,"{0: 22, 1: 22, 2: 45, 3: 25, 4: 18, 5: 21, 6: 25, 7: 26}",1.9112260341644287,0.2669903039932251,0.6804414987564087,0.800000011920929,0.0194174759089946,2.10962986946106,0.1323529481887817,0.5267702341079712,0.0,0.0,0.6470588445663452,200.0,127.0,adaptive,,,
19.0,binarize,nasnet,threshold-200_max_value-127_method-adaptive_mean,0.2205882370471954,0.4117647058823529,9,9,single,14.0,13.0,-0.012580023924256556,8,"{0: 14, 1: 32, 2: 44, 3: 25, 4: 12, 5: 33, 6: 22, 7: 22}",2.080418586730957,0.1941747516393661,0.5974963903427124,0.5,0.0048543689772486,2.065804004669189,0.2205882370471954,0.5696212649345398,0.0,0.0,0.6911764740943909,200.0,127.0,adaptive,,,
17.0,binarize,nasnet,threshold-200_max_value-127_method-fixed,0.2352941185235977,0.4411764705882353,8,8,single,12.0,11.0,0.002125857552145727,8,"{0: 25, 1: 36, 2: 21, 3: 19, 4: 6, 5: 42, 6: 40, 7: 15}",2.038393974304199,0.1941747516393661,0.6021571755409241,1.0,0.0097087379544973,2.065518856048584,0.2352941185235977,0.5533860325813293,0.0,0.0,0.6911764740943909,200.0,127.0,fixed,,,
19.0,binarize,nasnet,threshold-200_max_value-200_method-adaptive_gaussian,0.2205882370471954,0.35294117647058826,9,9,single,14.0,13.0,-0.012580023924256556,8,"{0: 35, 1: 29, 2: 22, 3: 30, 4: 17, 5: 17, 6: 30, 7: 24}",2.062345266342163,0.1844660192728042,0.6101220846176147,0.0,0.0,2.061419486999512,0.2205882370471954,0.5695748925209045,0.0,0.0,0.720588207244873,200.0,200.0,adaptive,,,
25.0,binarize,nasnet,threshold-200_max_value-200_method-adaptive_mean,0.1764705926179886,0.38235294117647056,12,12,single,20.0,19.0,-0.056697668353463376,8,"{0: 33, 1: 39, 2: 30, 3: 26, 4: 21, 5: 23, 6: 18, 7: 14}",2.009765863418579,0.237864077091217,0.6281038522720337,0.75,0.014563106931746,2.0958614349365234,0.1764705926179886,0.5238816142082214,0.0,0.0,0.6323529481887817,200.0,200.0,adaptive,,,
13.0,binarize,nasnet,threshold-200_max_value-200_method-fixed,0.2647058963775635,0.4264705882352941,7,7,single,8.0,7.0,0.031537635406111514,8,"{0: 25, 1: 35, 2: 26, 3: 18, 4: 7, 5: 42, 6: 39, 7: 12}",2.094353675842285,0.1504854410886764,0.5601325631141663,0.3333333432674408,0.0048543689772486,2.0731143951416016,0.1764705926179886,0.5616812705993652,0.0,0.0,0.7058823704719543,200.0,200.0,fixed,,,
21.0,binarize,nasnet,threshold-200_max_value-220_method-adaptive_gaussian,0.2058823555707931,0.3382352941176471,15,15,single,16.0,15.0,-0.027285905400658866,8,"{0: 28, 1: 27, 2: 22, 3: 17, 4: 24, 5: 38, 6: 33, 7: 15}",1.8609527349472048,0.3495145738124847,0.7032977342605591,1.0,0.029126213863492,2.148951768875122,0.0882352963089943,0.4954275488853454,0.0,0.0,0.6911764740943909,200.0,220.0,adaptive,,,
21.0,binarize,nasnet,threshold-200_max_value-220_method-adaptive_mean,0.2058823555707931,0.4264705882352941,14,14,single,16.0,15.0,-0.027285905400658866,8,"{0: 30, 1: 27, 2: 19, 3: 29, 4: 10, 5: 27, 6: 32, 7: 30}",1.925672173500061,0.2815533876419067,0.674632728099823,0.3333333432674408,0.0048543689772486,2.1100401878356934,0.147058829665184,0.5167603492736816,0.0,0.0,0.6176470518112183,200.0,220.0,adaptive,,,
14.0,binarize,nasnet,threshold-200_max_value-220_method-fixed,0.260869562625885,0.4411764705882353,10,10,single,9.0,8.0,0.027701301654433047,8,"{0: 23, 1: 44, 2: 12, 3: 16, 4: 16, 5: 42, 6: 40, 7: 11}",1.9410291910171509,0.252427190542221,0.6638131141662598,0.5714285969734192,0.0194174759089946,2.069767475128174,0.1617647111415863,0.5690959692001343,0.0,0.0,0.7058823704719543,200.0,220.0,fixed,,,
20.0,binarize,nasnet,threshold-200_max_value-255_method-adaptive_gaussian,0.2173912972211837,0.38235294117647056,11,11,single,15.0,14.0,-0.01577696375026827,8,"{0: 22, 1: 28, 2: 24, 3: 28, 4: 25, 5: 25, 6: 25, 7: 27}",1.9611045122146609,0.2281553447246551,0.6564911007881165,0.6000000238418579,0.014563106931746,2.0877721309661865,0.1617647111415863,0.5333971977233887,0.0,0.0,0.6323529481887817,200.0,255.0,adaptive,,,
23.0,binarize,nasnet,threshold-200_max_value-255_method-adaptive_mean,0.1911764740943908,0.3235294117647059,3,3,single,18.0,17.0,-0.04199178687706115,8,"{0: 32, 1: 27, 2: 43, 3: 28, 4: 9, 5: 22, 6: 15, 7: 28}",2.3385026454925537,0.116504855453968,0.5116090178489685,0.3076923191547394,0.0194174759089946,2.109914302825928,0.1911764740943908,0.5157253742218018,0.0,0.0,0.6764705777168274,200.0,255.0,adaptive,,,
20.0,binarize,nasnet,threshold-100_max_value-70_method-fixed,0.2173912972211837,0.39705882352941174,11,11,single,15.0,14.0,-0.01577696375026827,8,"{0: 20, 1: 18, 2: 26, 3: 31, 4: 24, 5: 32, 6: 25, 7: 28}",2.0331950187683105,0.2572815418243408,0.6158130168914795,1.0,0.0097087379544973,2.0923471450805664,0.1764705926179886,0.5285930037498474,0.0,0.0,0.6323529481887817,100.0,70.0,fixed,,,
15.0,binarize,nasnet,threshold-127_max_value-70_method-adaptive_gaussian,0.25,0.4117647058823529,9,9,single,10.0,9.0,0.016831739028548037,8,"{0: 31, 1: 39, 2: 19, 3: 32, 4: 14, 5: 23, 6: 28, 7: 18}",1.9764153957366943,0.2087378650903701,0.6478680372238159,0.2000000029802322,0.0048543689772486,2.067265033721924,0.1617647111415863,0.5614187121391296,0.0,0.0,0.6764705777168274,127.0,70.0,adaptive,,,
15.0,binarize,nasnet,threshold-200_max_value-255_method-fixed,0.25,0.4411764705882353,11,11,single,10.0,9.0,0.016831739028548037,8,"{0: 25, 1: 37, 2: 18, 3: 23, 4: 12, 5: 38, 6: 41, 7: 10}",1.989564299583435,0.2281553447246551,0.6348265409469604,0.5,0.0048543689772486,2.048083066940308,0.25,0.5891775488853455,0.0,0.0,0.720588207244873,200.0,255.0,fixed,,,
28.0,binarize,nasnet,threshold-220_max_value-200_method-fixed,0.159420296549797,0.4117647058823529,4,4,single,23.0,22.0,-0.07374796442165496,8,"{0: 24, 1: 48, 2: 25, 3: 7, 4: 45, 5: 7, 6: 45, 7: 3}",2.1123046875,0.1407766938209533,0.5337668061256409,0.0,0.0,2.096559762954712,0.1029411777853965,0.4845063090324402,0.0,0.0,0.5882353186607361,220.0,200.0,fixed,,,
19.0,binarize,nasnet,threshold-255_max_value-100_method-adaptive_gaussian,0.2205882370471954,0.3235294117647059,15,15,single,14.0,13.0,-0.012580023924256556,8,"{0: 28, 1: 26, 2: 28, 3: 21, 4: 22, 5: 28, 6: 32, 7: 19}",1.96609365940094,0.223300963640213,0.6552186012268066,0.6666666865348816,0.0097087379544973,2.083190441131592,0.1029411777853965,0.5316516757011414,0.0,0.0,0.7058823704719543,255.0,100.0,adaptive,,,
20.0,binarize,nasnet,threshold-255_max_value-255_method-adaptive_gaussian,0.2173912972211837,0.38235294117647056,12,12,single,15.0,14.0,-0.01577696375026827,8,"{0: 26, 1: 28, 2: 26, 3: 20, 4: 23, 5: 30, 6: 29, 7: 22}",1.9472483396530151,0.2621359229087829,0.6734797358512878,1.0,0.0048543689772486,2.112673044204712,0.147058829665184,0.5064105987548828,0.0,0.0,0.6029411554336548,255.0,255.0,adaptive,,,
25.0,binarize,nasnet,threshold-70_max_value-127_method-fixed,0.1764705926179886,0.45588235294117646,7,7,single,20.0,19.0,-0.056697668353463376,8,"{0: 29, 1: 17, 2: 36, 3: 37, 4: 20, 5: 23, 6: 28, 7: 14}",2.1229476928710938,0.1699029058218002,0.5708898305892944,0.3333333432674408,0.0048543689772486,2.1480250358581543,0.1323529481887817,0.4801501631736755,0.0,0.0,0.5735294222831726,70.0,127.0,fixed,,,
21.0,binarize,nasnet,threshold-200_max_value-70_method-adaptive_gaussian,0.2058823555707931,0.4264705882352941,15,15,single,16.0,15.0,-0.027285905400658866,8,"{0: 31, 1: 19, 2: 29, 3: 35, 4: 14, 5: 27, 6: 29, 7: 20}",1.9460463523864744,0.2669903039932251,0.6620877981185913,0.5,0.0097087379544973,2.055928945541382,0.1911764740943908,0.5747343301773071,0.0,0.0,0.7058823704719543,200.0,70.0,adaptive,,,
26.0,binarize,nasnet,threshold-200_max_value-70_method-adaptive_mean,0.1739130467176437,0.38235294117647056,1,1,single,21.0,20.0,-0.05925521425380825,8,"{0: 24, 1: 30, 2: 38, 3: 21, 4: 17, 5: 17, 6: 29, 7: 28}",2.5718164443969727,0.0922330096364021,0.4769147932529449,0.1379310339689254,0.0194174759089946,2.164011240005493,0.1176470592617988,0.4923844635486603,0.0,0.0,0.6029411554336548,200.0,70.0,adaptive,,,
17.0,binarize,nasnet,threshold-200_max_value-70_method-fixed,0.2352941185235977,0.45588235294117646,11,11,single,12.0,11.0,0.002125857552145727,8,"{0: 27, 1: 42, 2: 15, 3: 11, 4: 15, 5: 42, 6: 42, 7: 10}",1.9879376888275144,0.237864077091217,0.6208778619766235,0.5,0.0097087379544973,2.064556837081909,0.1764705926179886,0.558838963508606,0.0,0.0,0.6911764740943909,200.0,70.0,fixed,,,
19.0,binarize,nasnet,threshold-220_max_value-100_method-adaptive_gaussian,0.2205882370471954,0.38235294117647056,11,11,single,14.0,13.0,-0.012580023924256556,8,"{0: 29, 1: 39, 2: 23, 3: 19, 4: 20, 5: 25, 6: 24, 7: 25}",1.9669245481491089,0.2621359229087829,0.650827169418335,0.2000000029802322,0.0048543689772486,2.0973124504089355,0.1176470592617988,0.5232791900634766,0.0,0.0,0.7058823704719543,220.0,100.0,adaptive,,,
20.0,binarize,nasnet,threshold-220_max_value-100_method-adaptive_mean,0.2173912972211837,0.3235294117647059,12,12,single,15.0,14.0,-0.01577696375026827,8,"{0: 24, 1: 29, 2: 44, 3: 29, 4: 10, 5: 30, 6: 12, 7: 26}",1.973809599876404,0.2572815418243408,0.6553010940551758,0.5,0.0097087379544973,2.111018180847168,0.0882352963089943,0.5099635124206543,0.0,0.0,0.6470588445663452,220.0,100.0,adaptive,,,
21.0,binarize,nasnet,threshold-220_max_value-100_method-fixed,0.2058823555707931,0.38235294117647056,7,7,single,16.0,15.0,-0.027285905400658866,8,"{0: 19, 1: 48, 2: 17, 3: 8, 4: 43, 5: 4, 6: 49, 7: 16}",2.0876479148864746,0.1601941734552383,0.5567341446876526,0.0,0.0,2.094136476516724,0.1323529481887817,0.5078318119049072,0.0,0.0,0.6323529481887817,220.0,100.0,fixed,,,
17.0,binarize,nasnet,threshold-220_max_value-127_method-adaptive_gaussian,0.2352941185235977,0.4852941176470588,13,13,single,12.0,11.0,0.002125857552145727,8,"{0: 28, 1: 27, 2: 18, 3: 34, 4: 27, 5: 20, 6: 26, 7: 24}",1.909006118774414,0.2572815418243408,0.6816298365592957,0.6666666865348816,0.0194174759089946,2.128782033920288,0.1323529481887817,0.5092066526412964,0.0,0.0,0.6470588445663452,220.0,127.0,adaptive,,,
13.0,binarize,nasnet,threshold-220_max_value-127_method-adaptive_mean,0.2647058963775635,0.39705882352941174,7,7,single,8.0,7.0,0.031537635406111514,8,"{0: 21, 1: 46, 2: 27, 3: 40, 4: 16, 5: 15, 6: 23, 7: 16}",2.1053309440612797,0.1504854410886764,0.5825746655464172,1.0,0.0048543689772486,2.094320058822632,0.073529414832592,0.5278979539871216,0.0,0.0,0.6911764740943909,220.0,127.0,adaptive,,,
26.0,binarize,nasnet,threshold-220_max_value-127_method-fixed,0.1739130467176437,0.35294117647058826,1,1,single,21.0,20.0,-0.05925521425380825,8,"{0: 23, 1: 50, 2: 12, 3: 9, 4: 1, 5: 48, 6: 53, 7: 8}",2.2991621494293213,0.116504855453968,0.5050227046012878,0.1666666716337204,0.0048543689772486,2.133641481399536,0.1029411777853965,0.4818802177906036,0.0,0.0,0.6176470518112183,220.0,127.0,fixed,,,
20.0,binarize,nasnet,threshold-220_max_value-200_method-adaptive_gaussian,0.2173912972211837,0.4117647058823529,11,11,single,15.0,14.0,-0.01577696375026827,8,"{0: 30, 1: 17, 2: 25, 3: 29, 4: 13, 5: 26, 6: 31, 7: 33}",2.0125269889831543,0.2281553447246551,0.6357758641242981,0.1666666716337204,0.0097087379544973,2.124635696411133,0.1176470592617988,0.517162024974823,0.0,0.0,0.6029411554336548,220.0,200.0,adaptive,,,
16.0,binarize,nasnet,threshold-220_max_value-200_method-adaptive_mean,0.2463768124580383,0.45588235294117646,7,7,single,11.0,10.0,0.01320855148658634,8,"{0: 17, 1: 34, 2: 43, 3: 22, 4: 11, 5: 21, 6: 25, 7: 31}",2.114006757736206,0.1407766938209533,0.5719284415245056,0.0,0.0,2.097874402999878,0.1617647111415863,0.5317443013191223,0.0,0.0,0.6911764740943909,220.0,200.0,adaptive,,,
18.0,binarize,nasnet,threshold-255_max_value-255_method-adaptive_mean,0.2318840622901916,0.38235294117647056,6,6,single,13.0,12.0,-0.0012841986812603678,8,"{0: 37, 1: 24, 2: 17, 3: 32, 4: 17, 5: 22, 6: 29, 7: 26}",2.022357940673828,0.1796116530895233,0.6305832266807556,0.5,0.0097087379544973,2.101735591888428,0.1176470592617988,0.5191083550453186,0.0,0.0,0.6323529481887817,255.0,255.0,adaptive,,,
31.0,binarize,nasnet,threshold-255_max_value-255_method-fixed,0.1323529481887817,0.38235294117647056,1,1,single,24.0,25.0,-0.10081531278267025,3,"{0: 68, 3: 68, 5: 68}",2.18887710571289,0.1456310749053955,0.5051085352897644,0.0,0.0,2.0861337184906006,0.1323529481887817,0.4978991448879242,0.0,0.0,0.6176470518112183,255.0,255.0,fixed,,,
10.0,binarize,nasnet,threshold-255_max_value-70_method-adaptive_gaussian,0.2898550629615783,0.4117647058823529,12,12,single,5.0,4.0,0.05668680199012635,8,"{0: 22, 1: 36, 2: 25, 3: 35, 4: 24, 5: 25, 6: 21, 7: 16}",1.9365204572677608,0.2475728094577789,0.6721011996269226,0.25,0.0048543689772486,2.093355417251587,0.1323529481887817,0.5328256487846375,0.0,0.0,0.6617646813392639,255.0,70.0,adaptive,,,
21.0,binarize,nasnet,threshold-255_max_value-70_method-adaptive_mean,0.2058823555707931,0.36764705882352944,11,11,single,16.0,15.0,-0.027285905400658866,8,"{0: 25, 1: 30, 2: 21, 3: 19, 4: 12, 5: 44, 6: 29, 7: 24}",1.987683892250061,0.218446597456932,0.6424043774604797,0.5,0.0048543689772486,2.1216068267822266,0.147058829665184,0.4974202811717987,0.0,0.0,0.6323529481887817,255.0,70.0,adaptive,,,
31.0,binarize,nasnet,threshold-255_max_value-70_method-fixed,0.1323529481887817,0.36764705882352944,3,3,single,24.0,25.0,-0.10081531278267025,3,"{0: 68, 3: 68, 6: 68}",2.178662061691284,0.1310679614543914,0.4610859453678131,0.0,0.0,2.0802769660949707,0.1323529481887817,0.5,0.0,0.0,0.6323529481887817,255.0,70.0,fixed,,,
14.0,binarize,nasnet,threshold-70_max_value-100_method-adaptive_gaussian,0.260869562625885,0.39705882352941174,9,9,single,9.0,8.0,0.027701301654433047,8,"{0: 28, 1: 20, 2: 29, 3: 28, 4: 18, 5: 22, 6: 30, 7: 29}",2.01426362991333,0.2281553447246551,0.6372302174568176,0.0,0.0,2.128541946411133,0.1911764740943908,0.4971267580986023,0.0,0.0,0.529411792755127,70.0,100.0,adaptive,,,
17.0,binarize,nasnet,threshold-70_max_value-100_method-adaptive_mean,0.2352941185235977,0.4411764705882353,2,2,single,12.0,11.0,0.002125857552145727,8,"{0: 32, 1: 40, 2: 19, 3: 19, 4: 12, 5: 36, 6: 28, 7: 18}",2.309990167617798,0.1601941734552383,0.5261317491531372,0.0714285746216774,0.0048543689772486,2.055607318878174,0.2352941185235977,0.5771440863609314,0.0,0.0,0.6911764740943909,70.0,100.0,adaptive,,,
16.0,binarize,nasnet,threshold-70_max_value-100_method-fixed,0.2463768124580383,0.38235294117647056,14,14,single,11.0,10.0,0.01320855148658634,8,"{0: 36, 1: 37, 2: 21, 3: 25, 4: 17, 5: 23, 6: 26, 7: 19}",1.941032886505127,0.2475728094577789,0.6671810746192932,0.5,0.0048543689772486,2.118333339691162,0.1176470592617988,0.5230474472045898,0.0,0.0,0.6764705777168274,70.0,100.0,fixed,,,
22.0,binarize,nasnet,threshold-70_max_value-127_method-adaptive_gaussian,0.2028985470533371,0.4852941176470588,1,1,single,17.0,16.0,-0.030269713918114866,8,"{0: 16, 1: 36, 2: 23, 3: 29, 4: 19, 5: 21, 6: 32, 7: 28}",2.4516494274139404,0.1067961156368255,0.4913112819194793,0.1176470592617988,0.0097087379544973,2.12707781791687,0.147058829665184,0.4964779913425445,0.0,0.0,0.5735294222831726,70.0,127.0,adaptive,,,
17.0,binarize,nasnet,threshold-70_max_value-127_method-adaptive_mean,0.2352941185235977,0.29411764705882354,11,11,single,12.0,11.0,0.002125857552145727,8,"{0: 16, 1: 38, 2: 35, 3: 28, 4: 26, 5: 23, 6: 31, 7: 7}",1.9528650045394895,0.2330097109079361,0.6673107147216797,0.3333333432674408,0.014563106931746,2.183464288711548,0.0441176481544971,0.4314137101173401,0.0,0.0,0.6029411554336548,70.0,127.0,adaptive,,,
17.0,binarize,nasnet,threshold-127_max_value-100_method-adaptive_gaussian,0.2352941185235977,0.4117647058823529,7,7,single,12.0,11.0,0.002125857552145727,8,"{0: 23, 1: 30, 2: 32, 3: 34, 4: 13, 5: 27, 6: 26, 7: 19}",2.051924228668213,0.2087378650903701,0.6137747168540955,0.0,0.0,2.064006805419922,0.2352941185235977,0.549663245677948,0.0,0.0,0.6470588445663452,127.0,100.0,adaptive,,,
13.0,binarize,nasnet,threshold-127_max_value-100_method-adaptive_mean,0.2647058963775635,0.45588235294117646,6,6,single,8.0,7.0,0.031537635406111514,8,"{0: 32, 1: 32, 2: 32, 3: 32, 4: 14, 5: 25, 6: 19, 7: 18}",2.038114309310913,0.2135922312736511,0.6119821667671204,0.6000000238418579,0.014563106931746,2.09363317489624,0.1176470592617988,0.5376142859458923,0.0,0.0,0.75,127.0,100.0,adaptive,,,
17.0,binarize,nasnet,threshold-127_max_value-100_method-fixed,0.2352941185235977,0.47058823529411764,2,2,single,12.0,11.0,0.002125857552145727,8,"{0: 26, 1: 27, 2: 27, 3: 32, 4: 18, 5: 28, 6: 33, 7: 13}",2.2488179206848145,0.1116504818201065,0.5269683003425598,0.0,0.0,2.0763823986053467,0.0882352963089943,0.5588235259056091,0.0,0.0,0.6617646813392639,127.0,100.0,fixed,,,
19.0,binarize,nasnet,threshold-127_max_value-127_method-adaptive_gaussian,0.2205882370471954,0.4264705882352941,12,12,single,14.0,13.0,-0.012580023924256556,8,"{0: 16, 1: 35, 2: 28, 3: 14, 4: 21, 5: 35, 6: 32, 7: 23}",2.0086989402771,0.2281553447246551,0.6392314434051514,0.3333333432674408,0.0048543689772486,2.103790760040283,0.1029411777853965,0.51951003074646,0.0,0.0,0.6323529481887817,127.0,127.0,adaptive,,,
24.0,binarize,nasnet,threshold-127_max_value-127_method-adaptive_mean,0.1884057968854904,0.39705882352941174,4,4,single,19.0,18.0,-0.04476246408596157,8,"{0: 26, 1: 30, 2: 30, 3: 26, 4: 22, 5: 28, 6: 19, 7: 23}",2.272217273712158,0.1262135952711105,0.5122369527816772,0.125,0.0048543689772486,2.1601545810699463,0.0882352963089943,0.4596360325813293,0.0,0.0,0.6176470518112183,127.0,127.0,adaptive,,,
18.0,binarize,nasnet,threshold-127_max_value-127_method-fixed,0.2318840622901916,0.5441176470588235,6,6,single,13.0,12.0,-0.0012841986812603678,8,"{0: 31, 1: 32, 2: 43, 3: 17, 4: 18, 5: 19, 6: 34, 7: 10}",2.1803529262542725,0.1747572869062423,0.5449719429016113,0.1428571492433548,0.0048543689772486,2.045422315597534,0.1617647111415863,0.5835083723068237,0.0,0.0,0.7352941036224365,127.0,127.0,fixed,,,
15.0,binarize,nasnet,threshold-127_max_value-200_method-adaptive_gaussian,0.25,0.4264705882352941,15,15,single,10.0,9.0,0.016831739028548037,8,"{0: 28, 1: 16, 2: 50, 3: 32, 4: 19, 5: 22, 6: 25, 7: 12}",1.8497916460037231,0.3058252334594726,0.7105186581611633,0.5,0.0097087379544973,2.1225838661193848,0.1029411777853965,0.5171619653701782,0.0,0.0,0.7058823704719543,127.0,200.0,adaptive,,,
12.0,binarize,nasnet,threshold-127_max_value-200_method-adaptive_mean,0.2753623127937317,0.38235294117647056,14,14,single,7.0,6.0,0.04219405182227973,8,"{0: 24, 1: 28, 2: 40, 3: 27, 4: 19, 5: 26, 6: 20, 7: 20}",1.968892216682434,0.2427184432744979,0.6532240509986877,0.3333333432674408,0.0097087379544973,2.130800724029541,0.0882352963089943,0.5110602974891663,0.0,0.0,0.6176470518112183,127.0,200.0,adaptive,,,
25.0,binarize,nasnet,threshold-127_max_value-200_method-fixed,0.1764705926179886,0.5,8,8,single,20.0,19.0,-0.056697668353463376,8,"{0: 21, 1: 20, 2: 26, 3: 32, 4: 22, 5: 29, 6: 33, 7: 21}",2.07187819480896,0.218446597456932,0.6116874814033508,0.0,0.0,2.115124464035034,0.147058829665184,0.5240979194641113,0.0,0.0,0.6470588445663452,127.0,200.0,fixed,,,
21.0,binarize,nasnet,threshold-127_max_value-220_method-adaptive_gaussian,0.2058823555707931,0.36764705882352944,10,10,single,16.0,15.0,-0.027285905400658866,8,"{0: 26, 1: 29, 2: 27, 3: 24, 4: 18, 5: 28, 6: 30, 7: 22}",2.010304450988769,0.218446597456932,0.6277099847793579,0.3333333432674408,0.0048543689772486,2.125251054763794,0.1323529481887817,0.5085578560829163,0.0,0.0,0.6029411554336548,127.0,220.0,adaptive,,,
26.0,binarize,nasnet,threshold-127_max_value-220_method-adaptive_mean,0.1739130467176437,0.39705882352941174,7,7,single,21.0,20.0,-0.05925521425380825,8,"{0: 30, 1: 24, 2: 27, 3: 32, 4: 11, 5: 25, 6: 28, 7: 27}",2.1254024505615234,0.1504854410886764,0.574821949005127,0.5,0.014563106931746,2.1354105472564697,0.1176470592617988,0.4746045768260956,0.0,0.0,0.6323529481887817,127.0,220.0,adaptive,,,
23.0,binarize,nasnet,threshold-127_max_value-220_method-fixed,0.1911764740943908,0.4852941176470588,11,11,single,18.0,17.0,-0.04199178687706115,8,"{0: 15, 1: 27, 2: 29, 3: 30, 4: 18, 5: 25, 6: 32, 7: 28}",1.9606032371521,0.218446597456932,0.6526349782943726,1.0,0.0097087379544973,2.0637385845184326,0.1911764740943908,0.5648942589759827,0.0,0.0,0.720588207244873,127.0,220.0,fixed,,,
23.0,binarize,nasnet,threshold-127_max_value-255_method-adaptive_gaussian,0.1911764740943908,0.47058823529411764,9,9,single,18.0,17.0,-0.04199178687706115,8,"{0: 26, 1: 30, 2: 26, 3: 29, 4: 24, 5: 23, 6: 25, 7: 21}",1.9935083389282229,0.2281553447246551,0.6398088932037354,0.5,0.0048543689772486,2.0987706184387207,0.1617647111415863,0.5274808406829834,0.0,0.0,0.6470588445663452,127.0,255.0,adaptive,,,
24.0,binarize,nasnet,threshold-127_max_value-255_method-adaptive_mean,0.1884057968854904,0.3382352941176471,8,8,single,19.0,18.0,-0.04476246408596157,8,"{0: 23, 1: 32, 2: 20, 3: 36, 4: 25, 5: 22, 6: 23, 7: 23}",2.08215069770813,0.1553398072719574,0.6010614037513733,0.4000000059604645,0.0097087379544973,2.153573513031006,0.0882352963089943,0.4614433944225311,0.0,0.0,0.5735294222831726,127.0,255.0,adaptive,,,
21.0,binarize,nasnet,threshold-127_max_value-255_method-fixed,0.2058823555707931,0.47058823529411764,14,14,single,16.0,15.0,-0.027285905400658866,8,"{0: 25, 1: 27, 2: 34, 3: 24, 4: 22, 5: 38, 6: 27, 7: 7}",1.9513312578201292,0.2475728094577789,0.6595781445503235,0.5,0.0048543689772486,2.067879676818848,0.2058823555707931,0.5699765086174011,0.0,0.0,0.7058823704719543,127.0,255.0,fixed,,,
15.0,binarize,nasnet,threshold-220_max_value-220_method-adaptive_gaussian,0.25,0.38235294117647056,7,7,single,10.0,9.0,0.016831739028548037,8,"{0: 33, 1: 16, 2: 14, 3: 31, 4: 20, 5: 36, 6: 30, 7: 24}",2.077221393585205,0.2038834989070892,0.6124196648597717,0.1666666716337204,0.0048543689772486,2.094036102294922,0.1029411777853965,0.5307865142822266,0.0,0.0,0.6470588445663452,220.0,220.0,adaptive,,,
15.0,binarize,nasnet,threshold-220_max_value-220_method-adaptive_mean,0.25,0.45588235294117646,9,9,single,10.0,9.0,0.016831739028548037,8,"{0: 20, 1: 29, 2: 29, 3: 31, 4: 15, 5: 29, 6: 26, 7: 25}",1.9855132102966309,0.1990291327238083,0.6443854570388794,1.0,0.0048543689772486,2.048369169235229,0.25,0.5783489942550659,0.0,0.0,0.720588207244873,220.0,220.0,adaptive,,,
24.0,binarize,nasnet,threshold-220_max_value-220_method-fixed,0.1884057968854904,0.38235294117647056,3,3,single,19.0,18.0,-0.04476246408596157,8,"{0: 19, 1: 49, 2: 8, 3: 21, 4: 11, 5: 42, 6: 50, 7: 4}",2.1405344009399414,0.0922330096364021,0.5199460387229919,0.0,0.0,2.097949743270874,0.1029411777853965,0.4930795729160309,0.0,0.0,0.6470588445663452,220.0,220.0,fixed,,,
18.0,binarize,nasnet,threshold-220_max_value-255_method-adaptive_gaussian,0.2318840622901916,0.36764705882352944,5,5,single,13.0,12.0,-0.0012841986812603678,8,"{0: 24, 1: 22, 2: 25, 3: 28, 4: 13, 5: 39, 6: 31, 7: 22}",2.219932079315185,0.1262135952711105,0.5274800062179565,0.0,0.0,2.0544328689575195,0.1911764740943908,0.5696521401405334,0.0,0.0,0.720588207244873,220.0,255.0,adaptive,,,
23.0,binarize,nasnet,threshold-220_max_value-255_method-adaptive_mean,0.1911764740943908,0.39705882352941174,1,1,single,18.0,17.0,-0.04199178687706115,8,"{0: 33, 1: 31, 2: 23, 3: 26, 4: 14, 5: 31, 6: 29, 7: 17}",2.41494369506836,0.1456310749053955,0.5152885317802429,0.1111111119389534,0.0097087379544973,2.1776647567749023,0.1029411777853965,0.4758403301239013,0.0,0.0,0.6323529481887817,220.0,255.0,adaptive,,,
23.0,binarize,nasnet,threshold-220_max_value-255_method-fixed,0.1911764740943908,0.4117647058823529,14,14,single,18.0,17.0,-0.04199178687706115,8,"{0: 25, 1: 45, 2: 19, 3: 15, 4: 43, 5: 3, 6: 47, 7: 7}",2.0454492568969727,0.2135922312736511,0.5853419899940491,0.0,0.0,2.095725774765014,0.1911764740943908,0.5282686948776245,0.0,0.0,0.6764705777168274,220.0,255.0,fixed,,,
17.0,binarize,nasnet,threshold-220_max_value-70_method-adaptive_gaussian,0.2352941185235977,0.36764705882352944,2,2,single,12.0,11.0,0.002125857552145727,8,"{0: 30, 1: 21, 2: 38, 3: 29, 4: 13, 5: 19, 6: 31, 7: 23}",2.3179690837860107,0.1553398072719574,0.5190421342849731,0.1818181872367859,0.0097087379544973,2.0952699184417725,0.2352941185235977,0.5216108560562134,0.0,0.0,0.5882353186607361,220.0,70.0,adaptive,,,
21.0,binarize,nasnet,threshold-220_max_value-70_method-adaptive_mean,0.2058823555707931,0.4411764705882353,15,15,single,16.0,15.0,-0.027285905400658866,8,"{0: 23, 1: 23, 2: 38, 3: 29, 4: 15, 5: 31, 6: 30, 7: 15}",1.8646749258041384,0.3009708821773529,0.710882306098938,0.3333333432674408,0.0048543689772486,2.127392530441284,0.1323529481887817,0.5167603492736816,0.0,0.0,0.6323529481887817,220.0,70.0,adaptive,,,
18.0,binarize,nasnet,threshold-220_max_value-70_method-fixed,0.2318840622901916,0.39705882352941174,6,6,single,13.0,12.0,-0.0012841986812603678,8,"{0: 21, 1: 46, 2: 11, 3: 14, 4: 8, 5: 7, 6: 48, 7: 49}",2.11316180229187,0.1359223276376724,0.5352312326431274,1.0,0.0048543689772486,2.095808506011963,0.1617647111415863,0.5261832475662231,0.0,0.0,0.6470588445663452,220.0,70.0,fixed,,,
18.0,binarize,nasnet,threshold-255_max_value-100_method-adaptive_mean,0.2318840622901916,0.35294117647058826,6,6,single,13.0,12.0,-0.0012841986812603678,8,"{0: 28, 1: 39, 2: 14, 3: 26, 4: 16, 5: 32, 6: 32, 7: 17}",2.162487268447876,0.1553398072719574,0.5511341094970703,0.5,0.0048543689772486,2.157104730606079,0.1176470592617988,0.4836566746234894,0.0,0.0,0.6029411554336548,255.0,100.0,adaptive,,,
31.0,binarize,nasnet,threshold-255_max_value-100_method-fixed,0.1323529481887817,0.38235294117647056,1,1,single,24.0,25.0,-0.10081531278267025,3,"{0: 68, 2: 68, 5: 68}",2.19504976272583,0.116504855453968,0.4863912463188171,0.0,0.0,2.0847792625427246,0.1176470592617988,0.4936974644660949,0.0,0.0,0.6176470518112183,255.0,100.0,fixed,,,
17.0,binarize,nasnet,threshold-255_max_value-127_method-adaptive_gaussian,0.2352941185235977,0.4264705882352941,11,11,single,12.0,11.0,0.002125857552145727,8,"{0: 23, 1: 35, 2: 16, 3: 29, 4: 22, 5: 30, 6: 23, 7: 26}",1.9681791067123413,0.2475728094577789,0.6536616683006287,0.5,0.0048543689772486,2.070561170578003,0.2352941185235977,0.5529998540878296,0.0,0.0,0.6911764740943909,255.0,127.0,adaptive,,,
22.0,binarize,nasnet,threshold-255_max_value-127_method-adaptive_mean,0.2028985470533371,0.4264705882352941,4,4,single,17.0,16.0,-0.030269713918114866,8,"{0: 20, 1: 43, 2: 25, 3: 29, 4: 15, 5: 23, 6: 24, 7: 25}",2.141265153884888,0.1553398072719574,0.5763216614723206,0.6000000238418579,0.014563106931746,2.08017897605896,0.147058829665184,0.5461721420288086,0.0,0.0,0.7058823704719543,255.0,127.0,adaptive,,,
31.0,binarize,nasnet,threshold-255_max_value-127_method-fixed,0.1323529481887817,0.36764705882352944,1,1,single,24.0,25.0,-0.10081531278267025,3,"{0: 68, 3: 68, 6: 68}",2.29418683052063,0.1262135952711105,0.4619746804237366,0.0,0.0,2.099325895309448,0.1176470592617988,0.4936974644660949,0.0,0.0,0.6176470518112183,255.0,127.0,fixed,,,
23.0,binarize,nasnet,threshold-255_max_value-200_method-adaptive_gaussian,0.1911764740943908,0.36764705882352944,14,14,single,18.0,17.0,-0.04199178687706115,8,"{0: 32, 1: 23, 2: 27, 3: 30, 4: 11, 5: 31, 6: 30, 7: 20}",1.9197882413864136,0.2864077687263489,0.6728485226631165,1.0,0.0097087379544973,2.1586270332336426,0.0882352963089943,0.4697386622428894,0.0,0.0,0.5735294222831726,255.0,200.0,adaptive,,,
28.0,binarize,nasnet,threshold-255_max_value-200_method-adaptive_mean,0.159420296549797,0.3382352941176471,1,1,single,23.0,22.0,-0.07374796442165496,8,"{0: 22, 1: 32, 2: 35, 3: 49, 4: 12, 5: 31, 6: 11, 7: 12}",2.484677314758301,0.1213592216372489,0.4716446995735168,0.0,0.0,2.1811153888702397,0.1323529481887817,0.447540819644928,0.0,0.0,0.5441176295280457,255.0,200.0,adaptive,,,
31.0,binarize,nasnet,threshold-255_max_value-200_method-fixed,0.1323529481887817,0.36764705882352944,1,1,single,24.0,25.0,-0.10081531278267025,3,"{0: 68, 2: 68, 6: 68}",2.2248904705047607,0.1067961156368255,0.4608890116214752,0.0,0.0,2.0862090587615967,0.1176470592617988,0.5010504126548767,0.0,0.0,0.6323529481887817,255.0,200.0,fixed,,,
20.0,binarize,nasnet,threshold-255_max_value-220_method-adaptive_gaussian,0.2173912972211837,0.38235294117647056,5,5,single,15.0,14.0,-0.01577696375026827,8,"{0: 21, 1: 25, 2: 36, 3: 33, 4: 17, 5: 24, 6: 27, 7: 21}",2.2235870361328125,0.1456310749053955,0.5427467823028564,0.3333333432674408,0.0097087379544973,2.1789371967315674,0.1176470592617988,0.4669117629528045,0.0,0.0,0.5735294222831726,255.0,220.0,adaptive,,,
17.0,binarize,nasnet,threshold-255_max_value-220_method-adaptive_mean,0.2352941185235977,0.38235294117647056,6,6,single,12.0,11.0,0.002125857552145727,8,"{0: 42, 1: 29, 2: 16, 3: 19, 4: 21, 5: 24, 6: 27, 7: 26}",2.170085191726685,0.1650485396385193,0.5507991909980774,0.0,0.0,2.1336920261383057,0.1323529481887817,0.4802428185939789,0.0,0.0,0.5588235259056091,255.0,220.0,adaptive,,,
31.0,binarize,nasnet,threshold-255_max_value-220_method-fixed,0.1323529481887817,0.36764705882352944,14,14,single,24.0,25.0,-0.10081531278267025,3,"{0: 68, 5: 68, 6: 68}",2.0964064598083496,0.1553398072719574,0.5111916065216064,0.0,0.0,2.0828781127929688,0.1176470592617988,0.4957983195781708,0.0,0.0,0.6176470518112183,255.0,220.0,fixed,,,
24.0,binarize,resnet,threshold-100_max_value-100_method-adaptive_gaussian,0.1884057968854904,0.39705882352941174,2,2,single,11.0,18.0,0.014002216146105806,4,"{1: 68, 2: 67, 5: 68, 7: 1}",2.636911392211914,0.1407766938209533,0.5169128775596619,0.0576923079788684,0.014563106931746,2.0964317321777344,0.1176470592617988,0.5005097985267639,0.0,0.0,0.6176470518112183,100.0,100.0,adaptive,,,
25.0,binarize,resnet,threshold-100_max_value-100_method-adaptive_mean,0.1764705926179886,0.39705882352941174,4,4,single,12.0,19.0,0.0020670118786040026,5,"{0: 5, 1: 3, 2: 63, 3: 65, 6: 68}",2.603654623031616,0.1359223276376724,0.4890776574611664,0.1463414579629898,0.029126213863492,2.0922117233276367,0.1764705926179886,0.5192473530769348,0.0,0.0,0.6470588445663452,100.0,100.0,adaptive,,,
26.0,binarize,resnet,threshold-100_max_value-100_method-fixed,0.1739130467176437,0.4117647058823529,10,10,single,13.0,20.0,-0.0004905340217408738,4,"{0: 68, 1: 45, 3: 68, 7: 23}",2.388861894607544,0.1116504818201065,0.4923616051673889,0.0,0.0,2.092039108276367,0.1176470592617988,0.5124814510345459,0.0,0.0,0.6029411554336548,100.0,100.0,fixed,,,
24.0,binarize,resnet,threshold-100_max_value-127_method-adaptive_gaussian,0.1884057968854904,0.39705882352941174,6,6,single,11.0,18.0,0.014002216146105806,5,"{0: 48, 4: 41, 5: 47, 6: 66, 7: 2}",2.420720100402832,0.1359223276376724,0.5177106857299805,0.0666666701436042,0.0097087379544973,2.108873128890991,0.1323529481887817,0.4893413186073303,0.0,0.0,0.6176470518112183,100.0,127.0,adaptive,,,
21.0,binarize,resnet,threshold-100_max_value-127_method-adaptive_mean,0.2058823555707931,0.39705882352941174,13,13,single,8.0,15.0,0.03147877483140851,4,"{1: 68, 5: 64, 6: 6, 7: 66}",2.3758249282836914,0.1262135952711105,0.4742873311042785,0.0,0.0,2.0755889415740967,0.1176470592617988,0.5425883531570435,0.0,0.0,0.6911764740943909,100.0,127.0,adaptive,,,
27.0,binarize,resnet,threshold-100_max_value-127_method-fixed,0.1617647111415863,0.38235294117647056,10,10,single,14.0,21.0,-0.01263886959779828,4,"{0: 68, 1: 64, 4: 4, 7: 68}",2.497281551361084,0.097087375819683,0.4610001146793365,0.1764705926179886,0.014563106931746,2.1086483001708984,0.1617647111415863,0.4949023723602295,0.0,0.0,0.6176470518112183,100.0,127.0,fixed,,,
22.0,binarize,resnet,threshold-100_max_value-200_method-adaptive_gaussian,0.2028985470533371,0.38235294117647056,12,12,single,9.0,16.0,0.028494966313952513,7,"{0: 52, 1: 45, 2: 18, 3: 65, 4: 12, 5: 3, 6: 9}",2.323310375213623,0.1844660192728042,0.5141524076461792,0.1818181872367859,0.0097087379544973,2.081958293914795,0.073529414832592,0.52201247215271,0.0,0.0,0.6764705777168274,100.0,200.0,adaptive,,,
24.0,binarize,resnet,threshold-100_max_value-200_method-adaptive_mean,0.1884057968854904,0.45588235294117646,2,2,single,11.0,18.0,0.014002216146105806,7,"{0: 58, 2: 12, 3: 14, 4: 13, 5: 63, 6: 43, 7: 1}",2.713195323944092,0.1359223276376724,0.4974027872085571,0.1666666716337204,0.0436893217265605,2.1193056106567383,0.1176470592617988,0.4883218109607696,0.0,0.0,0.6323529481887817,100.0,200.0,adaptive,,,
21.0,binarize,resnet,threshold-100_max_value-200_method-fixed,0.2058823555707931,0.38235294117647056,6,6,single,8.0,15.0,0.03147877483140851,4,"{0: 37, 1: 68, 2: 34, 5: 65}",2.642730951309204,0.1067961156368255,0.469702273607254,0.0588235296308994,0.0097087379544973,2.1096057891845703,0.1323529481887817,0.5360850691795349,0.0,0.0,0.6470588445663452,100.0,200.0,fixed,,,
15.0,binarize,resnet,threshold-100_max_value-220_method-adaptive_gaussian,0.25,0.38235294117647056,14,14,single,2.0,9.0,0.07559641926061542,8,"{0: 2, 1: 14, 2: 5, 3: 54, 4: 30, 5: 34, 6: 31, 7: 34}",2.3259401321411133,0.1359223276376724,0.5067294239997864,0.3333333432674408,0.0097087379544973,2.0724904537200928,0.147058829665184,0.548705518245697,0.0,0.0,0.7352941036224365,100.0,220.0,adaptive,,,
20.0,binarize,resnet,threshold-100_max_value-220_method-adaptive_mean,0.2173912972211837,0.3382352941176471,12,12,single,7.0,14.0,0.04298771648179911,8,"{0: 2, 1: 62, 2: 1, 3: 20, 4: 24, 5: 20, 6: 12, 7: 63}",2.197662591934204,0.1601941734552383,0.5596747398376465,0.1666666716337204,0.0097087379544973,2.0775392055511475,0.1029411777853965,0.5330264568328857,0.0,0.0,0.7058823704719543,100.0,220.0,adaptive,,,
22.0,binarize,resnet,threshold-100_max_value-220_method-fixed,0.2028985470533371,0.38235294117647056,11,11,single,9.0,16.0,0.028494966313952513,5,"{0: 5, 2: 67, 4: 55, 5: 68, 6: 9}",2.2870609760284424,0.1262135952711105,0.5284175872802734,0.0,0.0,2.0785837173461914,0.1029411777853965,0.5413216948509216,0.0,0.0,0.6764705777168274,100.0,220.0,fixed,,,
14.0,binarize,resnet,threshold-100_max_value-255_method-adaptive_gaussian,0.260869562625885,0.47058823529411764,13,13,single,1.0,8.0,0.08646598188650043,8,"{0: 7, 1: 51, 2: 35, 3: 4, 4: 16, 5: 22, 6: 22, 7: 47}",2.223071575164795,0.1553398072719574,0.5430934429168701,0.0,0.0,2.060597419738769,0.1617647111415863,0.5669333338737488,0.0,0.0,0.7058823704719543,100.0,255.0,adaptive,,,
21.0,binarize,resnet,threshold-100_max_value-255_method-adaptive_mean,0.2058823555707931,0.35294117647058826,12,12,single,8.0,15.0,0.03147877483140851,8,"{0: 4, 1: 49, 2: 7, 3: 15, 4: 22, 5: 31, 6: 53, 7: 23}",2.2312567234039307,0.1699029058218002,0.5583130121231079,0.1000000014901161,0.0048543689772486,2.058145523071289,0.1176470592617988,0.5640447735786438,0.0,0.0,0.720588207244873,100.0,255.0,adaptive,,,
20.0,binarize,resnet,threshold-100_max_value-255_method-fixed,0.2173912972211837,0.4411764705882353,7,7,single,7.0,14.0,0.04298771648179911,7,"{0: 37, 1: 17, 2: 52, 3: 13, 5: 28, 6: 37, 7: 20}",2.3767430782318115,0.1601941734552383,0.5192340016365051,0.1428571492433548,0.014563106931746,2.083777904510498,0.1323529481887817,0.5303231477737427,0.0,0.0,0.6029411554336548,100.0,255.0,fixed,,,
25.0,binarize,resnet,threshold-100_max_value-70_method-adaptive_gaussian,0.1764705926179886,0.4264705882352941,1,1,single,12.0,19.0,0.0020670118786040026,4,"{0: 11, 1: 68, 5: 68, 7: 57}",2.748854160308838,0.1650485396385193,0.5300385355949402,0.1739130467176437,0.058252427726984,2.117276430130005,0.1323529481887817,0.4850006103515625,0.0,0.0,0.6176470518112183,100.0,70.0,adaptive,,,
24.0,binarize,resnet,threshold-100_max_value-70_method-adaptive_mean,0.1884057968854904,0.36764705882352944,11,11,single,11.0,18.0,0.014002216146105806,3,"{0: 68, 3: 68, 6: 68}",2.3243329524993896,0.1553398072719574,0.500663161277771,0.0833333358168602,0.0048543689772486,2.104349374771118,0.1176470592617988,0.5005406737327576,0.0,0.0,0.6323529481887817,100.0,70.0,adaptive,,,
20.0,binarize,resnet,threshold-70_max_value-200_method-adaptive_gaussian,0.2173912972211837,0.45588235294117646,8,8,single,7.0,14.0,0.04298771648179911,8,"{0: 30, 1: 1, 2: 7, 3: 66, 4: 37, 5: 6, 6: 40, 7: 17}",2.4542722702026367,0.1310679614543914,0.4811026751995086,0.125,0.0048543689772486,2.097257137298584,0.1323529481887817,0.5307556390762329,0.0,0.0,0.6617646813392639,70.0,200.0,adaptive,,,
24.0,binarize,resnet,threshold-70_max_value-200_method-adaptive_mean,0.1884057968854904,0.38235294117647056,14,14,single,11.0,18.0,0.014002216146105806,6,"{0: 13, 1: 40, 4: 28, 5: 51, 6: 31, 7: 41}",2.264711856842041,0.1359223276376724,0.5432584285736084,0.1333333402872085,0.0097087379544973,2.0893197059631348,0.147058829665184,0.5207149386405945,0.0,0.0,0.7058823704719543,70.0,200.0,adaptive,,,
23.0,binarize,resnet,threshold-70_max_value-200_method-fixed,0.1911764740943908,0.39705882352941174,1,1,single,10.0,17.0,0.01677289335500623,6,"{0: 34, 1: 52, 2: 47, 3: 28, 5: 25, 6: 18}",3.069535255432129,0.1067961156368255,0.497983455657959,0.1025641039013862,0.0388349518179893,2.1840858459472656,0.1911764740943908,0.5013130307197571,0.0,0.0,0.6617646813392639,70.0,200.0,fixed,,,
20.0,binarize,resnet,threshold-70_max_value-220_method-adaptive_gaussian,0.2173912972211837,0.39705882352941174,10,10,single,7.0,14.0,0.04298771648179911,6,"{0: 64, 1: 11, 2: 60, 4: 29, 6: 39, 7: 1}",2.306593418121338,0.1407766938209533,0.536476731300354,0.1176470592617988,0.0097087379544973,2.094688892364502,0.1323529481887817,0.509175717830658,0.0,0.0,0.5735294222831726,70.0,220.0,adaptive,,,
17.0,binarize,resnet,threshold-70_max_value-220_method-adaptive_mean,0.2352941185235977,0.47058823529411764,15,15,single,4.0,11.0,0.060890537784213106,8,"{0: 5, 1: 32, 2: 54, 3: 21, 4: 29, 5: 31, 6: 23, 7: 9}",2.15848159790039,0.1699029058218002,0.5758571028709412,0.0,0.0,2.057567358016968,0.2352941185235977,0.5717066526412964,0.0,0.0,0.6764705777168274,70.0,220.0,adaptive,,,
23.0,binarize,resnet,threshold-70_max_value-220_method-fixed,0.1911764740943908,0.47058823529411764,7,7,single,10.0,17.0,0.01677289335500623,8,"{0: 49, 1: 11, 2: 13, 3: 55, 4: 5, 5: 14, 6: 35, 7: 22}",2.5092251300811768,0.1213592216372489,0.5145967602729797,0.0666666701436042,0.0097087379544973,2.096795082092285,0.1176470592617988,0.5093456506729126,0.0,0.0,0.6617646813392639,70.0,220.0,fixed,,,
23.0,binarize,resnet,threshold-70_max_value-255_method-adaptive_gaussian,0.1911764740943908,0.39705882352941174,5,5,single,10.0,17.0,0.01677289335500623,8,"{0: 15, 1: 25, 2: 12, 3: 6, 4: 25, 5: 58, 6: 26, 7: 37}",2.532667636871338,0.1359223276376724,0.4953981339931488,0.0769230797886848,0.0097087379544973,2.0783817768096924,0.1911764740943908,0.5431289672851562,0.0,0.0,0.6911764740943909,70.0,255.0,adaptive,,,
22.0,binarize,resnet,threshold-70_max_value-255_method-adaptive_mean,0.2028985470533371,0.4411764705882353,6,6,single,9.0,16.0,0.028494966313952513,8,"{0: 20, 1: 23, 2: 15, 3: 39, 4: 11, 5: 46, 6: 45, 7: 5}",2.369048357009888,0.1407766938209533,0.5315551161766052,0.2399999946355819,0.029126213863492,2.0633881092071533,0.073529414832592,0.5468363165855408,0.0,0.0,0.720588207244873,70.0,255.0,adaptive,,,
20.0,binarize,resnet,threshold-70_max_value-255_method-fixed,0.2173912972211837,0.4117647058823529,6,6,single,7.0,14.0,0.04298771648179911,6,"{0: 59, 1: 66, 2: 1, 4: 13, 5: 62, 6: 3}",2.4821131229400635,0.1456310749053955,0.5013633966445923,0.0399999991059303,0.0048543689772486,2.1275835037231445,0.1617647111415863,0.5040162801742554,0.0,0.0,0.6764705777168274,70.0,255.0,fixed,,,
26.0,binarize,resnet,threshold-70_max_value-70_method-adaptive_gaussian,0.1739130467176437,0.38235294117647056,5,5,single,13.0,20.0,-0.0004905340217408738,4,"{1: 66, 2: 2, 4: 68, 5: 68}",2.4733452796936035,0.1601941734552383,0.5319119095802307,0.15625,0.0242718439549207,2.105963706970215,0.1323529481887817,0.5115237236022949,0.0,0.0,0.6470588445663452,70.0,70.0,adaptive,,,
25.0,binarize,resnet,threshold-70_max_value-70_method-adaptive_mean,0.1764705926179886,0.38235294117647056,14,14,single,12.0,19.0,0.0020670118786040026,4,"{2: 68, 3: 68, 4: 66, 6: 2}",2.2362632751464844,0.1796116530895233,0.5264027714729309,0.3333333432674408,0.0097087379544973,2.079167366027832,0.1323529481887817,0.525009274482727,0.0,0.0,0.6617646813392639,70.0,70.0,adaptive,,,
29.0,binarize,resnet,threshold-70_max_value-70_method-fixed,0.147058829665184,0.38235294117647056,6,6,single,16.0,23.0,-0.02734475107420059,3,"{2: 68, 5: 68, 6: 68}",2.431000232696533,0.1262135952711105,0.5448524355888367,0.0571428574621677,0.0097087379544973,2.101663589477539,0.147058829665184,0.5026105642318726,0.0,0.0,0.5735294222831726,70.0,70.0,fixed,,,
30.0,binarize,resnet,threshold-127_max_value-70_method-adaptive_mean,0.1449275314807891,0.36764705882352944,9,9,single,17.0,24.0,-0.029476049258595483,3,"{0: 68, 5: 68, 6: 68}",2.4010612964630127,0.0922330096364021,0.5047534108161926,0.0625,0.0048543689772486,2.102345943450928,0.1176470592617988,0.4912413656711578,0.0,0.0,0.6176470518112183,127.0,70.0,adaptive,,,
23.0,binarize,resnet,threshold-127_max_value-70_method-fixed,0.1911764740943908,0.39705882352941174,10,10,single,10.0,17.0,0.01677289335500623,3,"{2: 68, 3: 68, 5: 68}",2.3869028091430664,0.0728155374526977,0.4771639406681061,0.2000000029802322,0.0097087379544973,2.0861196517944336,0.1911764740943908,0.5113692283630371,0.0,0.0,0.6470588445663452,127.0,70.0,fixed,,,
28.0,binarize,resnet,threshold-200_max_value-100_method-adaptive_gaussian,0.159420296549797,0.35294117647058826,12,12,single,15.0,22.0,-0.014983284189587581,4,"{0: 68, 2: 68, 6: 66, 7: 2}",2.3578059673309326,0.1213592216372489,0.4944370090961456,0.0769230797886848,0.0048543689772486,2.0788590908050537,0.147058829665184,0.5193555355072021,0.0,0.0,0.6617646813392639,200.0,100.0,adaptive,,,
27.0,binarize,resnet,threshold-200_max_value-100_method-adaptive_mean,0.1617647111415863,0.35294117647058826,11,11,single,14.0,21.0,-0.01263886959779828,4,"{0: 7, 2: 68, 6: 61, 7: 68}",2.363699436187744,0.116504855453968,0.5061773657798767,0.0666666701436042,0.0048543689772486,2.101659059524536,0.1029411777853965,0.5305393934249878,0.0,0.0,0.6323529481887817,200.0,100.0,adaptive,,,
28.0,binarize,resnet,threshold-200_max_value-100_method-fixed,0.159420296549797,0.36764705882352944,3,3,single,15.0,22.0,-0.014983284189587581,3,"{0: 68, 1: 68, 7: 68}",2.599530935287476,0.097087375819683,0.5182324647903442,0.0980392172932624,0.0242718439549207,2.10590934753418,0.1176470592617988,0.4945934116840362,0.0,0.0,0.6176470518112183,200.0,100.0,fixed,,,
24.0,binarize,resnet,threshold-200_max_value-127_method-adaptive_gaussian,0.1884057968854904,0.36764705882352944,12,12,single,11.0,18.0,0.014002216146105806,3,"{0: 68, 4: 68, 5: 68}",2.366188764572144,0.1262135952711105,0.4860495924949646,0.1176470592617988,0.0097087379544973,2.10965895652771,0.1176470592617988,0.4959218800067901,0.0,0.0,0.6323529481887817,200.0,127.0,adaptive,,,
24.0,binarize,resnet,threshold-200_max_value-127_method-adaptive_mean,0.1884057968854904,0.4264705882352941,15,15,single,11.0,18.0,0.014002216146105806,5,"{0: 20, 1: 66, 2: 2, 5: 49, 7: 67}",2.1922121047973637,0.1553398072719574,0.5445696115493774,0.3333333432674408,0.0048543689772486,2.0806572437286377,0.1176470592617988,0.5146904587745667,0.0,0.0,0.6470588445663452,200.0,127.0,adaptive,,,
27.0,binarize,resnet,threshold-200_max_value-127_method-fixed,0.1617647111415863,0.38235294117647056,10,10,single,14.0,21.0,-0.01263886959779828,4,"{0: 2, 1: 68, 2: 68, 3: 66}",2.352163076400757,0.1601941734552383,0.5258035659790039,0.2758620679378509,0.0388349518179893,2.0901308059692383,0.1617647111415863,0.512836754322052,0.0,0.0,0.6323529481887817,200.0,127.0,fixed,,,
23.0,binarize,resnet,threshold-200_max_value-200_method-adaptive_gaussian,0.1911764740943908,0.4411764705882353,3,3,single,10.0,17.0,0.01677289335500623,7,"{0: 11, 2: 29, 3: 59, 4: 23, 5: 17, 6: 49, 7: 16}",2.711064577102661,0.0922330096364021,0.4775982201099396,0.095238097012043,0.0194174759089946,2.110062837600708,0.1176470592617988,0.5010040402412415,0.0,0.0,0.6029411554336548,200.0,200.0,adaptive,,,
20.0,binarize,resnet,threshold-200_max_value-200_method-adaptive_mean,0.2173912972211837,0.38235294117647056,11,11,single,7.0,14.0,0.04298771648179911,8,"{0: 15, 1: 8, 2: 2, 3: 67, 4: 3, 5: 21, 6: 65, 7: 23}",2.37977933883667,0.1116504818201065,0.5045109391212463,0.0,0.0,2.0896127223968506,0.1323529481887817,0.5220897197723389,0.0,0.0,0.6617646813392639,200.0,200.0,adaptive,,,
28.0,binarize,resnet,threshold-200_max_value-200_method-fixed,0.159420296549797,0.38235294117647056,10,10,single,15.0,22.0,-0.014983284189587581,5,"{0: 68, 3: 3, 5: 33, 6: 34, 7: 66}",2.361313343048096,0.1456310749053955,0.503587007522583,0.1818181872367859,0.0097087379544973,2.0989115238189697,0.1176470592617988,0.4894030690193176,0.0,0.0,0.6176470518112183,200.0,200.0,fixed,,,
24.0,binarize,resnet,threshold-200_max_value-220_method-adaptive_gaussian,0.1884057968854904,0.4117647058823529,15,15,single,11.0,18.0,0.014002216146105806,8,"{0: 11, 1: 15, 2: 38, 3: 13, 4: 14, 5: 67, 6: 45, 7: 1}",2.1794028282165527,0.1601941734552383,0.5556265711784363,0.2000000029802322,0.0097087379544973,2.066185235977173,0.1323529481887817,0.567412257194519,0.0,0.0,0.6470588445663452,200.0,220.0,adaptive,,,
18.0,binarize,resnet,threshold-200_max_value-220_method-adaptive_mean,0.2318840622901916,0.39705882352941174,11,11,single,5.0,12.0,0.05748048155080701,8,"{0: 5, 1: 62, 2: 6, 3: 59, 4: 10, 5: 42, 6: 3, 7: 17}",2.245765686035156,0.1504854410886764,0.5373789668083191,0.125,0.0048543689772486,2.0794577598571777,0.1323529481887817,0.5249320864677429,0.0,0.0,0.6323529481887817,200.0,220.0,adaptive,,,
26.0,binarize,resnet,threshold-200_max_value-220_method-fixed,0.1739130467176437,0.4117647058823529,13,13,single,13.0,20.0,-0.0004905340217408738,6,"{0: 5, 1: 66, 2: 4, 3: 4, 5: 67, 6: 58}",2.3862974643707275,0.0776699036359787,0.477345734834671,0.0,0.0,2.089694738388061,0.147058829665184,0.51092129945755,0.0,0.0,0.6470588445663452,200.0,220.0,fixed,,,
22.0,binarize,resnet,threshold-200_max_value-255_method-adaptive_gaussian,0.2028985470533371,0.39705882352941174,15,15,single,9.0,16.0,0.028494966313952513,8,"{0: 16, 1: 28, 2: 20, 3: 31, 4: 19, 5: 22, 6: 24, 7: 44}",2.171600103378296,0.1262135952711105,0.5725192427635193,0.0,0.0,2.08564829826355,0.1323529481887817,0.5320069193840027,0.0,0.0,0.6764705777168274,200.0,255.0,adaptive,,,
16.0,binarize,resnet,threshold-200_max_value-255_method-adaptive_mean,0.2463768124580383,0.4264705882352941,14,14,single,3.0,10.0,0.07197323171865372,8,"{0: 17, 1: 67, 2: 3, 3: 8, 4: 21, 5: 1, 6: 45, 7: 42}",2.224939107894897,0.1650485396385193,0.5437230467796326,0.25,0.0097087379544973,2.0656304359436035,0.1176470592617988,0.5622064471244812,0.0,0.0,0.7941176295280457,200.0,255.0,adaptive,,,
21.0,binarize,resnet,threshold-100_max_value-70_method-fixed,0.2058823555707931,0.3382352941176471,14,14,single,8.0,15.0,0.03147877483140851,4,"{0: 68, 1: 55, 5: 68, 7: 13}",2.239267587661743,0.1650485396385193,0.5359516143798828,0.0,0.0,2.0838911533355717,0.2058823555707931,0.5056073665618896,0.0,0.0,0.6176470518112183,100.0,70.0,fixed,,,
28.0,binarize,resnet,threshold-127_max_value-70_method-adaptive_gaussian,0.159420296549797,0.39705882352941174,6,6,single,15.0,22.0,-0.014983284189587581,4,"{0: 68, 1: 68, 2: 66, 3: 2}",2.486452579498291,0.116504855453968,0.5099241733551025,0.15625,0.0242718439549207,2.124839782714844,0.1323529481887817,0.4983934760093689,0.0,0.0,0.6323529481887817,127.0,70.0,adaptive,,,
19.0,binarize,resnet,threshold-200_max_value-255_method-fixed,0.2205882370471954,0.3382352941176471,3,3,single,6.0,13.0,0.04618465630781082,5,"{0: 38, 1: 68, 2: 13, 3: 29, 6: 56}",2.7277615070343018,0.1116504818201065,0.4949975609779358,0.1555555611848831,0.0339805819094181,2.129188299179077,0.1176470592617988,0.4829615950584411,0.0,0.0,0.5735294222831726,200.0,255.0,fixed,,,
30.0,binarize,resnet,threshold-220_max_value-200_method-fixed,0.1449275314807891,0.36764705882352944,9,9,single,17.0,24.0,-0.029476049258595483,5,"{0: 68, 2: 2, 4: 3, 5: 65, 7: 66}",2.4329912662506104,0.1456310749053955,0.5038983225822449,0.1538461595773697,0.0097087379544973,2.0952370166778564,0.1323529481887817,0.4979918599128723,0.0,0.0,0.6470588445663452,220.0,200.0,fixed,,,
27.0,binarize,resnet,threshold-255_max_value-100_method-adaptive_gaussian,0.1617647111415863,0.35294117647058826,1,1,single,14.0,21.0,-0.01263886959779828,6,"{0: 48, 1: 6, 4: 29, 5: 18, 6: 65, 7: 38}",2.930273056030273,0.1456310749053955,0.4824020564556122,0.125,0.0388349518179893,2.1404826641082764,0.1617647111415863,0.4933885335922241,0.0,0.0,0.6176470518112183,255.0,100.0,adaptive,,,
22.0,binarize,resnet,threshold-255_max_value-255_method-adaptive_gaussian,0.2028985470533371,0.36764705882352944,8,8,single,9.0,16.0,0.028494966313952513,8,"{0: 68, 1: 10, 2: 4, 3: 61, 4: 26, 5: 5, 6: 15, 7: 15}",2.421236753463745,0.1504854410886764,0.5139285326004028,0.1304347813129425,0.014563106931746,2.1181252002716064,0.073529414832592,0.5014984011650085,0.0,0.0,0.5882353186607361,255.0,255.0,adaptive,,,
30.0,binarize,resnet,threshold-70_max_value-127_method-fixed,0.1449275314807891,0.35294117647058826,2,2,single,17.0,24.0,-0.029476049258595483,5,"{1: 68, 2: 17, 3: 68, 4: 7, 6: 44}",2.593627691268921,0.1262135952711105,0.5160493850708008,0.125,0.029126213863492,2.095921754837036,0.1323529481887817,0.5064724087715149,0.0,0.0,0.6176470518112183,70.0,127.0,fixed,,,
28.0,binarize,resnet,threshold-200_max_value-70_method-adaptive_gaussian,0.159420296549797,0.38235294117647056,2,2,single,15.0,22.0,-0.014983284189587581,4,"{2: 68, 3: 68, 6: 1, 7: 67}",2.6137282848358154,0.1019417494535446,0.5306224822998047,0.1228070184588432,0.0339805819094181,2.0916309356689453,0.1323529481887817,0.5036919116973877,0.0,0.0,0.6323529481887817,200.0,70.0,adaptive,,,
26.0,binarize,resnet,threshold-200_max_value-70_method-adaptive_mean,0.1739130467176437,0.3235294117647059,9,9,single,13.0,20.0,-0.0004905340217408738,5,"{0: 68, 1: 29, 2: 68, 3: 37, 6: 2}",2.3182501792907715,0.1407766938209533,0.505871057510376,0.2857142984867096,0.0097087379544973,2.095521211624145,0.1323529481887817,0.5015138983726501,0.0,0.0,0.5735294222831726,200.0,70.0,adaptive,,,
31.0,binarize,resnet,threshold-200_max_value-70_method-fixed,0.1323529481887817,0.38235294117647056,1,1,single,18.0,25.0,-0.04205063255060287,3,"{2: 68, 3: 68, 6: 68}",3.026806354522705,0.1407766938209533,0.4847300052642822,0.1095890402793884,0.0388349518179893,2.123391628265381,0.1176470592617988,0.486499011516571,0.0,0.0,0.6176470518112183,200.0,70.0,fixed,,,
23.0,binarize,resnet,threshold-220_max_value-100_method-adaptive_gaussian,0.1911764740943908,0.4117647058823529,13,13,single,10.0,17.0,0.01677289335500623,5,"{0: 4, 1: 68, 3: 68, 5: 15, 6: 49}",2.3057703971862797,0.1213592216372489,0.4879953861236572,0.0,0.0,2.081381320953369,0.1911764740943908,0.4997373819351196,0.0,0.0,0.6029411554336548,220.0,100.0,adaptive,,,
22.0,binarize,resnet,threshold-220_max_value-100_method-adaptive_mean,0.2028985470533371,0.38235294117647056,8,8,single,9.0,16.0,0.028494966313952513,3,"{3: 68, 4: 68, 5: 68}",2.3957998752593994,0.1456310749053955,0.5361334085464478,0.0714285746216774,0.0097087379544973,2.098731517791748,0.1176470592617988,0.4950259327888489,0.0,0.0,0.6323529481887817,220.0,100.0,adaptive,,,
31.0,binarize,resnet,threshold-220_max_value-100_method-fixed,0.1323529481887817,0.36764705882352944,1,1,single,18.0,25.0,-0.04205063255060287,3,"{0: 68, 2: 68, 6: 68}",3.0425617694854736,0.1407766938209533,0.4989850223064422,0.1830985844135284,0.0631067976355552,2.1806774139404297,0.1323529481887817,0.4965243637561798,0.0,0.0,0.6176470518112183,220.0,100.0,fixed,,,
24.0,binarize,resnet,threshold-220_max_value-127_method-adaptive_gaussian,0.1884057968854904,0.39705882352941174,13,13,single,11.0,18.0,0.014002216146105806,4,"{1: 68, 3: 68, 4: 1, 5: 67}",2.330566644668579,0.1310679614543914,0.5119709968566895,0.0,0.0,2.081355094909668,0.1176470592617988,0.5227539539337158,0.0,0.0,0.6176470518112183,220.0,127.0,adaptive,,,
25.0,binarize,resnet,threshold-220_max_value-127_method-adaptive_mean,0.1764705926179886,0.45588235294117646,1,1,single,12.0,19.0,0.0020670118786040026,6,"{0: 18, 2: 68, 4: 5, 5: 3, 6: 42, 7: 68}",2.863206386566162,0.1601941734552383,0.538070797920227,0.1538461595773697,0.0679611638188362,2.1350457668304443,0.147058829665184,0.5220279097557068,0.0,0.0,0.6470588445663452,220.0,127.0,adaptive,,,
27.0,binarize,resnet,threshold-220_max_value-127_method-fixed,0.1617647111415863,0.38235294117647056,11,11,single,14.0,21.0,-0.01263886959779828,3,"{0: 68, 1: 68, 3: 68}",2.409010887145996,0.0873786434531211,0.4676622152328491,0.0,0.0,2.085744857788086,0.1617647111415863,0.5011276006698608,0.0,0.0,0.5882353186607361,220.0,127.0,fixed,,,
19.0,binarize,resnet,threshold-220_max_value-200_method-adaptive_gaussian,0.2205882370471954,0.36764705882352944,15,15,single,6.0,13.0,0.04618465630781082,6,"{0: 48, 1: 14, 2: 41, 3: 66, 5: 24, 6: 11}",2.2809629440307617,0.1359223276376724,0.5072546601295471,0.0,0.0,2.0760862827301025,0.2205882370471954,0.5200660824775696,0.0,0.0,0.5735294222831726,220.0,200.0,adaptive,,,
21.0,binarize,resnet,threshold-220_max_value-200_method-adaptive_mean,0.2058823555707931,0.4117647058823529,4,4,single,8.0,15.0,0.03147877483140851,7,"{1: 26, 2: 5, 3: 65, 4: 59, 5: 14, 6: 33, 7: 2}",2.5513339042663574,0.1601941734552383,0.5066132545471191,0.1538461595773697,0.029126213863492,2.07270622253418,0.2058823555707931,0.5542974472045898,0.0,0.0,0.7058823704719543,220.0,200.0,adaptive,,,
18.0,binarize,resnet,threshold-255_max_value-255_method-adaptive_mean,0.2318840622901916,0.35294117647058826,14,14,single,5.0,12.0,0.05748048155080701,8,"{0: 50, 1: 30, 2: 7, 3: 20, 4: 29, 5: 1, 6: 15, 7: 52}",2.2273874282836914,0.1359223276376724,0.5419606566429138,0.1428571492433548,0.0048543689772486,2.095507860183716,0.1323529481887817,0.4965088963508606,0.0,0.0,0.5882353186607361,255.0,255.0,adaptive,,,
31.0,binarize,resnet,threshold-255_max_value-255_method-fixed,0.1323529481887817,0.38235294117647056,2,2,single,18.0,25.0,-0.04205063255060287,3,"{0: 68, 2: 68, 5: 68}",2.7054319381713867,0.1504854410886764,0.5247566103935242,0.1846153885126114,0.058252427726984,2.094078063964844,0.1176470592617988,0.5084033608436584,0.0,0.0,0.6470588445663452,255.0,255.0,fixed,,,
19.0,binarize,resnet,threshold-255_max_value-70_method-adaptive_gaussian,0.2205882370471954,0.38235294117647056,15,15,single,6.0,13.0,0.04618465630781082,3,"{3: 68, 4: 68, 5: 68}",2.3271946907043457,0.1116504818201065,0.4813703000545501,0.0,0.0,2.0883638858795166,0.2205882370471954,0.512975811958313,0.0,0.0,0.6323529481887817,255.0,70.0,adaptive,,,
26.0,binarize,resnet,threshold-255_max_value-70_method-adaptive_mean,0.1739130467176437,0.35294117647058826,3,3,single,13.0,20.0,-0.0004905340217408738,4,"{0: 68, 5: 68, 6: 54, 7: 14}",2.626389503479004,0.097087375819683,0.4875829517841339,0.0512820519506931,0.0097087379544973,2.121100425720215,0.1323529481887817,0.5034756660461426,0.0,0.0,0.6176470518112183,255.0,70.0,adaptive,,,
31.0,binarize,resnet,threshold-255_max_value-70_method-fixed,0.1323529481887817,0.38235294117647056,2,2,single,18.0,25.0,-0.04205063255060287,3,"{1: 68, 2: 68, 4: 68}",2.762742757797241,0.1504854410886764,0.4881013929843902,0.0217391308397054,0.0048543689772486,2.096630811691284,0.1176470592617988,0.5031512379646301,0.0,0.0,0.6323529481887817,255.0,70.0,fixed,,,
25.0,binarize,resnet,threshold-70_max_value-100_method-adaptive_gaussian,0.1764705926179886,0.38235294117647056,3,3,single,12.0,19.0,0.0020670118786040026,4,"{1: 55, 2: 13, 3: 68, 7: 68}",2.620410203933716,0.0873786434531211,0.5052583813667297,0.0217391308397054,0.0048543689772486,2.088541984558105,0.1764705926179886,0.5064724683761597,0.0,0.0,0.6323529481887817,70.0,100.0,adaptive,,,
27.0,binarize,resnet,threshold-70_max_value-100_method-adaptive_mean,0.1617647111415863,0.36764705882352944,2,2,single,14.0,21.0,-0.01263886959779828,3,"{0: 68, 2: 68, 4: 68}",2.761233329772949,0.1262135952711105,0.4859839081764221,0.0980392172932624,0.0242718439549207,2.104146242141724,0.1617647111415863,0.5016683340072632,0.0,0.0,0.6176470518112183,70.0,100.0,adaptive,,,
25.0,binarize,resnet,threshold-70_max_value-100_method-fixed,0.1764705926179886,0.36764705882352944,3,3,single,12.0,19.0,0.0020670118786040026,4,"{0: 59, 1: 31, 2: 68, 6: 46}",2.6415908336639404,0.116504855453968,0.5017640590667725,0.1632653027772903,0.0388349518179893,2.100481986999512,0.1176470592617988,0.5008032917976379,0.0,0.0,0.6323529481887817,70.0,100.0,fixed,,,
23.0,binarize,resnet,threshold-70_max_value-127_method-adaptive_gaussian,0.1911764740943908,0.38235294117647056,1,1,single,10.0,17.0,0.01677289335500623,4,"{0: 68, 1: 68, 2: 53, 3: 15}",2.9506607055664062,0.0922330096364021,0.4778338372707367,0.0512820519506931,0.0194174759089946,2.103131055831909,0.1911764740943908,0.5112765431404114,0.0,0.0,0.6176470518112183,70.0,127.0,adaptive,,,
25.0,binarize,resnet,threshold-70_max_value-127_method-adaptive_mean,0.1764705926179886,0.39705882352941174,9,9,single,12.0,19.0,0.0020670118786040026,5,"{0: 68, 2: 19, 3: 1, 5: 48, 7: 68}",2.359365940093994,0.1553398072719574,0.5045210719108582,0.1000000014901161,0.0048543689772486,2.092020273208618,0.1176470592617988,0.4900828003883362,0.0,0.0,0.5588235259056091,70.0,127.0,adaptive,,,
22.0,binarize,resnet,threshold-127_max_value-100_method-adaptive_gaussian,0.2028985470533371,0.38235294117647056,4,4,single,9.0,16.0,0.028494966313952513,5,"{0: 4, 1: 66, 2: 68, 5: 63, 6: 3}",2.4142017364501958,0.1067961156368255,0.5113397240638733,0.0,0.0,2.098356246948242,0.1176470592617988,0.5001699328422546,0.0,0.0,0.6323529481887817,127.0,100.0,adaptive,,,
25.0,binarize,resnet,threshold-127_max_value-100_method-adaptive_mean,0.1764705926179886,0.36764705882352944,3,3,single,12.0,19.0,0.0020670118786040026,5,"{0: 54, 1: 67, 2: 6, 4: 11, 7: 66}",2.530071973800659,0.1359223276376724,0.5267175436019897,0.0750000029802322,0.014563106931746,2.1027965545654297,0.1764705926179886,0.506441593170166,0.0,0.0,0.6176470518112183,127.0,100.0,adaptive,,,
23.0,binarize,resnet,threshold-127_max_value-100_method-fixed,0.1911764740943908,0.35294117647058826,9,9,single,10.0,17.0,0.01677289335500623,4,"{4: 3, 5: 65, 6: 68, 7: 68}",2.330708265304565,0.1310679614543914,0.5282778739929199,0.1428571492433548,0.0048543689772486,2.0936083793640137,0.1911764740943908,0.5046496391296387,0.0,0.0,0.6176470518112183,127.0,100.0,fixed,,,
26.0,binarize,resnet,threshold-127_max_value-127_method-adaptive_gaussian,0.1739130467176437,0.35294117647058826,4,4,single,13.0,20.0,-0.0004905340217408738,4,"{0: 48, 2: 68, 4: 20, 5: 68}",2.63954496383667,0.097087375819683,0.4680493474006653,0.0769230797886848,0.014563106931746,2.1054117679595947,0.1323529481887817,0.5021162629127502,0.0,0.0,0.6617646813392639,127.0,127.0,adaptive,,,
20.0,binarize,resnet,threshold-127_max_value-127_method-adaptive_mean,0.2173912972211837,0.38235294117647056,13,13,single,7.0,14.0,0.04298771648179911,8,"{0: 55, 1: 46, 2: 1, 3: 31, 4: 3, 5: 5, 6: 29, 7: 34}",2.416619777679444,0.1262135952711105,0.4644186794757843,0.2000000029802322,0.014563106931746,2.0839710235595703,0.1029411777853965,0.4976983368396759,0.0,0.0,0.5882353186607361,127.0,127.0,adaptive,,,
27.0,binarize,resnet,threshold-127_max_value-127_method-fixed,0.1617647111415863,0.36764705882352944,10,10,single,14.0,21.0,-0.01263886959779828,3,"{3: 68, 4: 68, 6: 68}",2.426114082336426,0.1213592216372489,0.4822674095630646,0.2000000029802322,0.014563106931746,2.095832109451294,0.1323529481887817,0.498084545135498,0.0,0.0,0.6176470518112183,127.0,127.0,fixed,,,
17.0,binarize,resnet,threshold-127_max_value-200_method-adaptive_gaussian,0.2352941185235977,0.47058823529411764,12,12,single,4.0,11.0,0.060890537784213106,7,"{0: 22, 2: 56, 3: 6, 4: 13, 5: 63, 6: 24, 7: 20}",2.2711374759674072,0.1262135952711105,0.5297608375549316,0.0,0.0,2.0782628059387207,0.2352941185235977,0.5305857062339783,0.0,0.0,0.6323529481887817,127.0,200.0,adaptive,,,
23.0,binarize,resnet,threshold-127_max_value-200_method-adaptive_mean,0.1911764740943908,0.45588235294117646,3,3,single,10.0,17.0,0.01677289335500623,7,"{0: 45, 1: 58, 2: 1, 3: 5, 4: 36, 6: 34, 7: 25}",2.5222327709198,0.116504855453968,0.5405080318450928,0.1599999964237213,0.0388349518179893,2.091982841491699,0.1911764740943908,0.5102879405021667,0.0,0.0,0.6323529481887817,127.0,200.0,adaptive,,,
20.0,binarize,resnet,threshold-127_max_value-200_method-fixed,0.2173912972211837,0.35294117647058826,9,9,single,7.0,14.0,0.04298771648179911,5,"{0: 16, 1: 68, 2: 59, 4: 55, 7: 6}",2.3728315830230717,0.1553398072719574,0.5105301141738892,0.2307692319154739,0.014563106931746,2.0927791595458984,0.0882352963089943,0.5008341073989868,0.0,0.0,0.6323529481887817,127.0,200.0,fixed,,,
23.0,binarize,resnet,threshold-127_max_value-220_method-adaptive_gaussian,0.1911764740943908,0.4117647058823529,8,8,single,10.0,17.0,0.01677289335500623,4,"{2: 63, 4: 22, 5: 67, 6: 52}",2.296196937561035,0.1310679614543914,0.5401647090911865,0.1428571492433548,0.0097087379544973,2.139821767807007,0.1323529481887817,0.5119871497154236,0.0,0.0,0.6323529481887817,127.0,220.0,adaptive,,,
23.0,binarize,resnet,threshold-127_max_value-220_method-adaptive_mean,0.1911764740943908,0.4117647058823529,8,8,single,10.0,17.0,0.01677289335500623,7,"{1: 32, 2: 1, 3: 15, 4: 40, 5: 61, 6: 38, 7: 17}",2.440474271774292,0.0922330096364021,0.4893688857555389,0.2352941185235977,0.0194174759089946,2.0850086212158203,0.1911764740943908,0.5238198637962341,0.0,0.0,0.6176470518112183,127.0,220.0,adaptive,,,
23.0,binarize,resnet,threshold-127_max_value-220_method-fixed,0.1911764740943908,0.4411764705882353,8,8,single,10.0,17.0,0.01677289335500623,6,"{1: 27, 3: 46, 4: 63, 5: 29, 6: 25, 7: 14}",2.48545503616333,0.1067961156368255,0.4928682446479797,0.1000000014901161,0.0097087379544973,2.079720258712769,0.1323529481887817,0.518119752407074,0.0,0.0,0.5882353186607361,127.0,220.0,fixed,,,
21.0,binarize,resnet,threshold-127_max_value-255_method-adaptive_gaussian,0.2058823555707931,0.38235294117647056,11,11,single,8.0,15.0,0.03147877483140851,7,"{0: 23, 1: 24, 2: 37, 3: 49, 5: 37, 6: 23, 7: 11}",2.2967898845672607,0.1601941734552383,0.5317991375923157,0.1666666716337204,0.0097087379544973,2.0839009284973145,0.1029411777853965,0.5304930806159973,0.0,0.0,0.6617646813392639,127.0,255.0,adaptive,,,
17.0,binarize,resnet,threshold-127_max_value-255_method-adaptive_mean,0.2352941185235977,0.39705882352941174,12,12,single,4.0,11.0,0.060890537784213106,8,"{0: 3, 1: 56, 2: 1, 3: 4, 4: 29, 5: 23, 6: 60, 7: 28}",2.171751022338867,0.1262135952711105,0.5821169018745422,0.0769230797886848,0.0048543689772486,2.0665714740753174,0.1176470592617988,0.5575414299964905,0.0,0.0,0.7352941036224365,127.0,255.0,adaptive,,,
21.0,binarize,resnet,threshold-127_max_value-255_method-fixed,0.2058823555707931,0.5,15,15,single,8.0,15.0,0.03147877483140851,8,"{0: 1, 1: 25, 2: 25, 3: 68, 4: 5, 5: 66, 6: 6, 7: 8}",2.1523871421813965,0.1699029058218002,0.5680890679359436,0.5,0.0097087379544973,2.062854766845703,0.1323529481887817,0.5774221420288086,0.0,0.0,0.6911764740943909,127.0,255.0,fixed,,,
20.0,binarize,resnet,threshold-220_max_value-220_method-adaptive_gaussian,0.2173912972211837,0.4117647058823529,12,12,single,7.0,14.0,0.04298771648179911,7,"{0: 25, 1: 46, 2: 37, 3: 10, 4: 2, 5: 18, 6: 66}",2.259497165679932,0.1407766938209533,0.5455576777458191,0.0769230797886848,0.0048543689772486,2.0980710983276367,0.1029411777853965,0.5195872187614441,0.0,0.0,0.6617646813392639,220.0,220.0,adaptive,,,
17.0,binarize,resnet,threshold-220_max_value-220_method-adaptive_mean,0.2352941185235977,0.4117647058823529,9,9,single,4.0,11.0,0.060890537784213106,7,"{0: 36, 1: 66, 3: 18, 4: 7, 5: 35, 6: 8, 7: 34}",2.225860118865967,0.1796116530895233,0.5594239234924316,0.2222222238779068,0.0097087379544973,2.081151008605957,0.2352941185235977,0.5312191247940063,0.0,0.0,0.6764705777168274,220.0,220.0,adaptive,,,
29.0,binarize,resnet,threshold-220_max_value-220_method-fixed,0.147058829665184,0.36764705882352944,5,5,single,16.0,23.0,-0.02734475107420059,4,"{2: 68, 4: 68, 5: 1, 7: 67}",2.591196298599243,0.0922330096364021,0.4765125215053558,0.095238097012043,0.0097087379544973,2.0856621265411377,0.1323529481887817,0.5036455392837524,0.0,0.0,0.6323529481887817,220.0,220.0,fixed,,,
18.0,binarize,resnet,threshold-220_max_value-255_method-adaptive_gaussian,0.2318840622901916,0.39705882352941174,10,10,single,5.0,12.0,0.05748048155080701,8,"{0: 37, 1: 17, 2: 50, 3: 27, 4: 47, 5: 5, 6: 20, 7: 1}",2.3128788471221924,0.1262135952711105,0.5241809487342834,0.2000000029802322,0.0097087379544973,2.0737569332122803,0.1764705926179886,0.5367183089256287,0.0,0.0,0.6617646813392639,220.0,255.0,adaptive,,,
19.0,binarize,resnet,threshold-220_max_value-255_method-adaptive_mean,0.2205882370471954,0.4264705882352941,14,14,single,6.0,13.0,0.04618465630781082,7,"{0: 35, 1: 41, 3: 4, 4: 22, 5: 40, 6: 16, 7: 46}",2.261198043823242,0.1262135952711105,0.5369480848312378,0.0833333358168602,0.0048543689772486,2.0618927478790283,0.1764705926179886,0.5609244108200073,0.0,0.0,0.6617646813392639,220.0,255.0,adaptive,,,
26.0,binarize,resnet,threshold-220_max_value-255_method-fixed,0.1739130467176437,0.36764705882352944,5,5,single,13.0,20.0,-0.0004905340217408738,4,"{0: 1, 2: 68, 3: 67, 4: 68}",2.6382124423980717,0.1359223276376724,0.4662483632564544,0.0666666701436042,0.0097087379544973,2.101987838745117,0.1323529481887817,0.4991194903850555,0.0,0.0,0.6176470518112183,220.0,255.0,fixed,,,
25.0,binarize,resnet,threshold-220_max_value-70_method-adaptive_gaussian,0.1764705926179886,0.38235294117647056,3,3,single,12.0,19.0,0.0020670118786040026,3,"{1: 68, 3: 68, 6: 68}",2.562436819076538,0.1650485396385193,0.5335514545440674,0.125,0.0339805819094181,2.121487617492676,0.1323529481887817,0.4852632284164428,0.0,0.0,0.6323529481887817,220.0,70.0,adaptive,,,
28.0,binarize,resnet,threshold-220_max_value-70_method-adaptive_mean,0.159420296549797,0.4117647058823529,1,1,single,15.0,22.0,-0.014983284189587581,5,"{2: 61, 3: 1, 5: 53, 6: 21, 7: 68}",2.995216131210327,0.1067961156368255,0.4805101454257965,0.1142857149243354,0.0388349518179893,2.0840768814086914,0.1323529481887817,0.5156018137931824,0.0,0.0,0.6470588445663452,220.0,70.0,adaptive,,,
31.0,binarize,resnet,threshold-220_max_value-70_method-fixed,0.1323529481887817,0.38235294117647056,1,1,single,18.0,25.0,-0.04205063255060287,3,"{1: 68, 5: 68, 6: 68}",3.1745445728302,0.1213592216372489,0.4955579936504364,0.122448980808258,0.058252427726984,2.153317451477051,0.1176470592617988,0.4998764097690582,0.0,0.0,0.6323529481887817,220.0,70.0,fixed,,,
24.0,binarize,resnet,threshold-255_max_value-100_method-adaptive_mean,0.1884057968854904,0.38235294117647056,9,9,single,11.0,18.0,0.014002216146105806,5,"{0: 68, 1: 65, 3: 68, 5: 2, 7: 1}",2.496953248977661,0.1116504818201065,0.4760193526744842,0.125,0.0097087379544973,2.085448265075684,0.1176470592617988,0.5073065757751465,0.0,0.0,0.6176470518112183,255.0,100.0,adaptive,,,
31.0,binarize,resnet,threshold-255_max_value-100_method-fixed,0.1323529481887817,0.38235294117647056,1,1,single,18.0,25.0,-0.04205063255060287,3,"{1: 68, 5: 68, 7: 68}",3.04668927192688,0.1504854410886764,0.4895977973937988,0.1744185984134674,0.0728155374526977,2.10888934135437,0.1176470592617988,0.4852941334247589,0.0,0.0,0.6029411554336548,255.0,100.0,fixed,,,
26.0,binarize,resnet,threshold-255_max_value-127_method-adaptive_gaussian,0.1739130467176437,0.38235294117647056,11,11,single,13.0,20.0,-0.0004905340217408738,5,"{1: 64, 2: 58, 3: 47, 4: 2, 6: 33}",2.3652260303497314,0.1262135952711105,0.5035666823387146,0.1818181872367859,0.0097087379544973,2.088709115982056,0.1176470592617988,0.4974820911884308,0.0,0.0,0.6029411554336548,255.0,127.0,adaptive,,,
24.0,binarize,resnet,threshold-255_max_value-127_method-adaptive_mean,0.1884057968854904,0.3235294117647059,10,10,single,11.0,18.0,0.014002216146105806,7,"{0: 68, 1: 11, 2: 17, 3: 43, 4: 13, 5: 3, 6: 49}",2.321857213973999,0.1747572869062423,0.52175372838974,0.125,0.0097087379544973,2.101694107055664,0.1176470592617988,0.4942844808101654,0.0,0.0,0.5882353186607361,255.0,127.0,adaptive,,,
31.0,binarize,resnet,threshold-255_max_value-127_method-fixed,0.1323529481887817,0.38235294117647056,1,1,single,18.0,25.0,-0.04205063255060287,3,"{1: 68, 2: 68, 6: 68}",3.0092549324035645,0.1213592216372489,0.5046288967132568,0.1624999940395355,0.0631067976355552,2.1727495193481445,0.1176470592617988,0.4989495873451233,0.0,0.0,0.6176470518112183,255.0,127.0,fixed,,,
23.0,binarize,resnet,threshold-255_max_value-200_method-adaptive_gaussian,0.1911764740943908,0.45588235294117646,7,7,single,10.0,17.0,0.01677289335500623,8,"{0: 64, 1: 2, 2: 35, 3: 43, 4: 23, 5: 14, 6: 19, 7: 4}",2.415773868560791,0.1601941734552383,0.5251689553260803,0.2000000029802322,0.029126213863492,2.1074059009552,0.1911764740943908,0.513500988483429,0.0,0.0,0.6176470518112183,255.0,200.0,adaptive,,,
21.0,binarize,resnet,threshold-255_max_value-200_method-adaptive_mean,0.2058823555707931,0.39705882352941174,4,4,single,8.0,15.0,0.03147877483140851,8,"{0: 12, 1: 48, 2: 38, 3: 6, 4: 7, 5: 29, 6: 6, 7: 58}",2.5602052211761475,0.1213592216372489,0.5069786310195923,0.1315789520740509,0.0242718439549207,2.0906403064727783,0.147058829665184,0.5222905278205872,0.0,0.0,0.6176470518112183,255.0,200.0,adaptive,,,
31.0,binarize,resnet,threshold-255_max_value-200_method-fixed,0.1323529481887817,0.39705882352941174,2,2,single,18.0,25.0,-0.04205063255060287,3,"{1: 68, 2: 68, 5: 68}",2.839223623275757,0.1067961156368255,0.4478357136249542,0.0862068980932235,0.0242718439549207,2.110320806503296,0.1323529481887817,0.4936974644660949,0.0,0.0,0.6176470518112183,255.0,200.0,fixed,,,
17.0,binarize,resnet,threshold-255_max_value-220_method-adaptive_gaussian,0.2352941185235977,0.4264705882352941,11,11,single,4.0,11.0,0.060890537784213106,8,"{0: 27, 1: 28, 2: 6, 3: 42, 4: 56, 5: 5, 6: 4, 7: 36}",2.333921432495117,0.097087375819683,0.4971267879009247,0.1000000014901161,0.0048543689772486,2.0828144550323486,0.1176470592617988,0.5274809002876282,0.0,0.0,0.6764705777168274,255.0,220.0,adaptive,,,
20.0,binarize,resnet,threshold-255_max_value-220_method-adaptive_mean,0.2173912972211837,0.47058823529411764,11,11,single,7.0,14.0,0.04298771648179911,8,"{0: 7, 1: 8, 2: 5, 3: 38, 4: 36, 5: 64, 6: 8, 7: 38}",2.2259042263031006,0.1601941734552383,0.5632480978965759,0.0,0.0,2.064048767089844,0.1323529481887817,0.5545137524604797,0.0,0.0,0.6764705777168274,255.0,220.0,adaptive,,,
31.0,binarize,resnet,threshold-255_max_value-220_method-fixed,0.1323529481887817,0.36764705882352944,2,2,single,18.0,25.0,-0.04205063255060287,3,"{0: 68, 2: 68, 4: 68}",2.859055280685425,0.1262135952711105,0.4886114597320556,0.1000000014901161,0.0242718439549207,2.102018356323242,0.1176470592617988,0.494747906923294,0.0,0.0,0.6176470518112183,255.0,220.0,fixed,,,
24.0,clahe,chexnet,tile_grid_size-(3_3)_iterations-1,0.1884057968854904,0.39705882352941174,4,4,single,16.0,12.0,-0.015793997972918028,8,"{0: 33, 1: 31, 2: 27, 3: 23, 4: 17, 5: 25, 6: 31, 7: 17}",2.658897638320923,0.1456310749053955,0.5344569087028503,0.1475409865379333,0.0436893217265605,2.246435165405273,0.0882352963089943,0.4766436219215393,0.0,0.0,0.6470588445663452,,,,(3,1.0,
26.0,clahe,chexnet,tile_grid_size-(3_3)_iterations-2,0.1739130467176437,0.35294117647058826,1,1,single,18.0,14.0,-0.030286748140764708,8,"{0: 31, 1: 31, 2: 29, 3: 29, 4: 18, 5: 25, 6: 17, 7: 24}",2.905499219894409,0.1262135952711105,0.5179833769798279,0.1388888955116272,0.0485436879098415,2.409430980682373,0.1029411777853965,0.4898974597454071,0.25,0.0147058824077248,0.720588207244873,,,,(3,2.0,
15.0,clahe,chexnet,tile_grid_size-(3_3)_iterations-3,0.25,0.4264705882352941,3,3,single,7.0,5.0,0.04580020514159158,8,"{0: 30, 1: 17, 2: 34, 3: 20, 4: 18, 5: 20, 6: 33, 7: 32}",2.917466878890991,0.1213592216372489,0.492154598236084,0.0625,0.0194174759089946,2.170106172561645,0.25,0.5321614146232605,0.0,0.0,0.5882353186607361,,,,(3,3.0,
25.0,clahe,chexnet,tile_grid_size-(3_3)_iterations-5,0.1764705926179886,0.4117647058823529,3,3,single,17.0,13.0,-0.02772920224041983,8,"{0: 27, 1: 23, 2: 37, 3: 32, 4: 14, 5: 17, 6: 31, 7: 23}",2.890793561935425,0.1310679614543914,0.4898300170898437,0.1940298527479171,0.0631067976355552,2.240830421447754,0.147058829665184,0.5088049173355103,0.0,0.0,0.6617646813392639,,,,(3,5.0,
19.0,clahe,chexnet,tile_grid_size-(3_3)_iterations-7,0.2205882370471954,0.4411764705882353,9,9,single,11.0,8.0,0.01638844218878699,8,"{0: 26, 1: 32, 2: 22, 3: 20, 4: 23, 5: 24, 6: 32, 7: 25}",2.8769044876098637,0.1213592216372489,0.5144200325012207,0.1666666716337204,0.058252427726984,2.207770586013794,0.2205882370471954,0.5336906909942627,0.0,0.0,0.6176470518112183,,,,(3,7.0,
23.0,clahe,chexnet,tile_grid_size-(5_5)_iterations-1,0.1911764740943908,0.45588235294117646,2,2,single,15.0,11.0,-0.013023320764017604,8,"{0: 39, 1: 24, 2: 26, 3: 30, 4: 12, 5: 27, 6: 28, 7: 18}",2.694620132446289,0.1359223276376724,0.5179345607757568,0.145454540848732,0.0388349518179893,2.273188591003418,0.0882352963089943,0.486761599779129,1.0,0.0147058824077248,0.6029411554336548,,,,(5,1.0,
16.0,clahe,chexnet,tile_grid_size-(5_5)_iterations-2,0.2463768124580383,0.38235294117647056,7,7,single,8.0,6.0,0.042177017599629885,8,"{0: 27, 1: 34, 2: 23, 3: 24, 4: 20, 5: 18, 6: 36, 7: 22}",2.6906392574310303,0.1504854410886764,0.5262159109115601,0.1803278625011444,0.0533980578184127,2.2636935710906982,0.147058829665184,0.4823282361030578,0.0,0.0,0.5735294222831726,,,,(5,2.0,
31.0,clahe,custom cnn,tile_grid_size-(3_3)_iterations-1,0.1323529481887817,0.36764705882352944,1,1,single,13.0,18.0,-0.02359977530108559,4,"{0: 68, 1: 38, 5: 30, 6: 68}",2.2988100051879883,0.1310679614543914,0.5111983418464661,0.1428571492433548,0.0048543689772486,2.078683614730835,0.1323529481887817,0.5147058963775635,0.0,0.0,0.6323529481887817,,,,(3,1.0,
29.0,clahe,custom cnn,tile_grid_size-(3_3)_iterations-2,0.147058829665184,0.4117647058823529,14,14,single,11.0,17.0,-0.008893893824683308,4,"{1: 41, 2: 68, 4: 68, 5: 27}",2.1052610874176025,0.1553398072719574,0.5314658284187317,0.0,0.0,2.088352680206299,0.1323529481887817,0.5124660134315491,0.0,0.0,0.6470588445663452,,,,(3,2.0,
31.0,clahe,custom cnn,tile_grid_size-(3_3)_iterations-3,0.1323529481887817,0.38235294117647056,1,1,single,13.0,18.0,-0.02359977530108559,3,"{2: 68, 4: 68, 5: 68}",2.318551778793335,0.1650485396385193,0.5101699233055115,0.0,0.0,2.082616090774536,0.1323529481887817,0.5043870806694031,0.0,0.0,0.6323529481887817,,,,(3,3.0,
31.0,clahe,custom cnn,tile_grid_size-(3_3)_iterations-5,0.1323529481887817,0.36764705882352944,1,1,single,13.0,18.0,-0.02359977530108559,3,"{1: 68, 4: 68, 6: 68}",2.413724184036255,0.1213592216372489,0.5023598074913025,0.0,0.0,2.083131790161133,0.1176470592617988,0.4968487322330475,0.0,0.0,0.6176470518112183,,,,(3,5.0,
24.0,clahe,custom cnn,tile_grid_size-(3_3)_iterations-7,0.1884057968854904,0.38235294117647056,10,10,single,6.0,12.0,0.03245307339562309,3,"{2: 68, 4: 68, 5: 68}",2.0572452545166016,0.218446597456932,0.5829889178276062,0.0,0.0,2.163170337677002,0.1323529481887817,0.5041553378105164,0.0,0.0,0.6176470518112183,,,,(3,7.0,
24.0,clahe,custom cnn,tile_grid_size-(5_5)_iterations-1,0.1884057968854904,0.4411764705882353,13,13,single,6.0,12.0,0.03245307339562309,4,"{0: 68, 1: 46, 3: 68, 6: 22}",2.085541009902954,0.1359223276376724,0.5509927868843079,0.0,0.0,2.132169246673584,0.1617647111415863,0.5085887312889099,0.0,0.0,0.6176470518112183,,,,(5,1.0,
31.0,clahe,custom cnn,tile_grid_size-(5_5)_iterations-2,0.1323529481887817,0.38235294117647056,15,15,single,13.0,18.0,-0.02359977530108559,3,"{2: 68, 4: 68, 5: 68}",2.0291552543640137,0.2038834989070892,0.5935729146003723,1.0,0.0048543689772486,2.1262218952178955,0.1176470592617988,0.5085577964782715,0.0,0.0,0.6470588445663452,,,,(5,2.0,
29.0,clahe,custom cnn,tile_grid_size-(5_5)_iterations-3,0.147058829665184,0.4117647058823529,1,1,single,11.0,17.0,-0.008893893824683308,4,"{1: 68, 2: 47, 3: 51, 4: 38}",2.574096441268921,0.1116504818201065,0.4969213902950287,0.2307692319154739,0.014563106931746,2.0839805603027344,0.1323529481887817,0.5005252361297607,0.0,0.0,0.6323529481887817,,,,(5,3.0,
19.0,clahe,densenet,tile_grid_size-(3_3)_iterations-1,0.2205882370471954,0.39705882352941174,14,14,single,10.0,8.0,0.0028636636342972144,8,"{0: 50, 1: 35, 2: 20, 3: 5, 4: 12, 5: 29, 6: 28, 7: 25}",2.1130259037017822,0.1699029058218002,0.5900313258171082,0.3333333432674408,0.0097087379544973,2.08047103881836,0.2205882370471954,0.5042634606361389,0.0,0.0,0.5882353186607361,,,,(3,1.0,
21.0,clahe,densenet,tile_grid_size-(3_3)_iterations-2,0.2058823555707931,0.36764705882352944,4,4,single,12.0,9.0,-0.011842217842105096,8,"{0: 29, 1: 36, 2: 26, 3: 39, 4: 20, 5: 29, 6: 14, 7: 11}",3.047520875930786,0.1213592216372489,0.4917421340942383,0.1222222223877906,0.0533980578184127,2.1439733505249023,0.2058823555707931,0.5255653262138367,0.0,0.0,0.7058823704719543,,,,(3,2.0,
25.0,clahe,densenet,tile_grid_size-(3_3)_iterations-3,0.1764705926179886,0.4117647058823529,15,15,single,16.0,13.0,-0.041253980794909606,8,"{0: 12, 1: 45, 2: 4, 3: 28, 4: 43, 5: 18, 6: 5, 7: 49}",2.2292122840881348,0.1262135952711105,0.5397674441337585,0.0,0.0,2.0694637298583984,0.1764705926179886,0.5172547101974487,0.0,0.0,0.6176470518112183,,,,(3,3.0,
22.0,clahe,densenet,tile_grid_size-(3_3)_iterations-5,0.2028985470533371,0.36764705882352944,1,1,single,13.0,10.0,-0.014826026359561095,8,"{0: 17, 1: 14, 2: 20, 3: 40, 4: 15, 5: 38, 6: 32, 7: 28}",3.5250792503356934,0.1067961156368255,0.5216545462608337,0.1238938048481941,0.0679611638188362,2.194328546524048,0.1323529481887817,0.5039390921592712,0.0,0.0,0.6176470518112183,,,,(3,5.0,
19.0,clahe,densenet,tile_grid_size-(3_3)_iterations-7,0.2205882370471954,0.3382352941176471,2,2,single,10.0,8.0,0.0028636636342972144,8,"{0: 11, 1: 43, 2: 34, 3: 4, 4: 15, 5: 28, 6: 42, 7: 27}",2.9616708755493164,0.1990291327238083,0.5298364758491516,0.1910112351179123,0.0825242698192596,2.1982784271240234,0.2205882370471954,0.5195872783660889,0.0,0.0,0.6029411554336548,,,,(3,7.0,
17.0,clahe,densenet,tile_grid_size-(5_5)_iterations-1,0.2352941185235977,0.4852941176470588,8,8,single,8.0,7.0,0.017569545110699497,8,"{0: 44, 1: 31, 2: 39, 3: 19, 4: 15, 5: 11, 6: 12, 7: 33}",2.456696033477783,0.116504855453968,0.5173487663269043,0.2777777910232544,0.0242718439549207,2.042941093444824,0.2352941185235977,0.581345796585083,0.0,0.0,0.6617646813392639,,,,(5,1.0,
25.0,clahe,densenet,tile_grid_size-(5_5)_iterations-2,0.1764705926179886,0.3382352941176471,12,12,single,16.0,13.0,-0.041253980794909606,8,"{0: 21, 1: 30, 2: 45, 3: 31, 4: 12, 5: 18, 6: 34, 7: 13}",2.1861326694488525,0.1844660192728042,0.5890113711357117,0.2105263173580169,0.0194174759089946,2.1070284843444824,0.1176470592617988,0.4767981171607971,0.0,0.0,0.6176470518112183,,,,(5,2.0,
12.0,clahe,densenet,tile_grid_size-(5_5)_iterations-3,0.2753623127937317,0.4117647058823529,3,3,single,3.0,2.0,0.0576377393808335,8,"{0: 19, 1: 16, 2: 36, 3: 38, 4: 14, 5: 19, 6: 31, 7: 31}",3.029067039489746,0.1456310749053955,0.5179294943809509,0.1264367848634719,0.0533980578184127,2.2711994647979736,0.1176470592617988,0.4321551620960235,0.0,0.0,0.5441176295280457,,,,(5,3.0,
27.0,clahe,efficientnet,tile_grid_size-(3_3)_iterations-1,0.1617647111415863,0.36764705882352944,1,1,single,14.0,15.0,-0.0027475945509163324,3,"{0: 68, 2: 68, 6: 68}",2.175764799118042,0.1116504818201065,0.4947484135627746,0.0,0.0,2.084680318832397,0.1617647111415863,0.490098237991333,0.0,0.0,0.6176470518112183,,,,(3,1.0,
27.0,clahe,efficientnet,tile_grid_size-(3_3)_iterations-2,0.1617647111415863,0.36764705882352944,8,8,single,14.0,15.0,-0.0027475945509163324,4,"{2: 24, 3: 68, 4: 44, 5: 68}",2.123432874679565,0.0776699036359787,0.4863205850124359,0.0,0.0,2.0780601501464844,0.1323529481887817,0.5282840728759766,0.0,0.0,0.6323529481887817,,,,(3,2.0,
28.0,clahe,efficientnet,tile_grid_size-(3_3)_iterations-3,0.159420296549797,0.38235294117647056,4,4,single,15.0,16.0,-0.0050920091427056335,6,"{0: 32, 1: 64, 2: 35, 3: 3, 4: 66, 6: 4}",2.128775358200073,0.1116504818201065,0.5012724995613098,0.0,0.0,2.081993818283081,0.1323529481887817,0.4814168512821197,0.0,0.0,0.6470588445663452,,,,(3,3.0,
24.0,clahe,efficientnet,tile_grid_size-(3_3)_iterations-5,0.1884057968854904,0.39705882352941174,7,7,single,11.0,12.0,0.023893491192987754,4,"{1: 68, 2: 68, 5: 64, 6: 4}",2.10713791847229,0.116504855453968,0.5062194466590881,0.0,0.0,2.0798799991607666,0.1176470592617988,0.5066423416137695,0.0,0.0,0.6176470518112183,,,,(3,5.0,
26.0,clahe,efficientnet,tile_grid_size-(3_3)_iterations-7,0.1739130467176437,0.36764705882352944,11,11,single,13.0,14.0,0.009400741025141074,3,"{0: 68, 2: 68, 6: 68}",2.108481168746948,0.1067961156368255,0.5083789825439453,0.0,0.0,2.082056999206543,0.1176470592617988,0.5106895565986633,0.0,0.0,0.6176470518112183,,,,(3,7.0,
28.0,clahe,efficientnet,tile_grid_size-(5_5)_iterations-1,0.159420296549797,0.35294117647058826,4,4,single,15.0,16.0,-0.0050920091427056335,4,"{0: 2, 1: 66, 3: 68, 6: 68}",2.1512820720672607,0.097087375819683,0.4695087075233459,0.0,0.0,2.083984613418579,0.1176470592617988,0.4970650374889374,0.0,0.0,0.6176470518112183,,,,(5,1.0,
27.0,clahe,efficientnet,tile_grid_size-(5_5)_iterations-2,0.1617647111415863,0.36764705882352944,12,12,single,14.0,15.0,-0.0027475945509163324,3,"{0: 68, 5: 68, 6: 68}",2.1190831661224365,0.0922330096364021,0.4722472727298736,0.0,0.0,2.079760789871216,0.1176470592617988,0.5155554413795471,0.0,0.0,0.6323529481887817,,,,(5,2.0,
22.0,clahe,efficientnet,tile_grid_size-(5_5)_iterations-3,0.2028985470533371,0.35294117647058826,8,8,single,9.0,10.0,0.03838624136083446,4,"{0: 33, 4: 66, 5: 38, 7: 67}",2.1083083152771,0.1310679614543914,0.4967025518417358,0.0,0.0,2.0820882320404053,0.1176470592617988,0.4991349577903747,0.0,0.0,0.6470588445663452,,,,(5,3.0,
14.0,clahe,inception,tile_grid_size-(3_3)_iterations-1,0.260869562625885,0.5441176470588235,5,5,single,13.0,4.0,0.010133792213193993,8,"{0: 9, 1: 48, 2: 48, 3: 22, 4: 18, 5: 19, 6: 21, 7: 19}",2.422051191329956,0.1553398072719574,0.5309693217277527,0.2222222238779068,0.0388349518179893,2.058063507080078,0.1911764740943908,0.5629634261131287,0.0,0.0,0.6617646813392639,,,,(3,1.0,
17.0,clahe,inception,tile_grid_size-(3_3)_iterations-2,0.2352941185235977,0.47058823529411764,14,14,single,16.0,7.0,-0.015441651889093327,8,"{0: 28, 1: 34, 2: 27, 3: 11, 4: 26, 5: 24, 6: 33, 7: 21}",1.8789575099945068,0.2864077687263489,0.6966255903244019,0.699999988079071,0.0679611638188362,2.0083203315734863,0.2205882370471954,0.6098461151123047,0.0,0.0,0.7058823704719543,,,,(3,2.0,
14.0,clahe,inception,tile_grid_size-(3_3)_iterations-3,0.260869562625885,0.47058823529411764,8,8,single,13.0,4.0,0.010133792213193993,8,"{0: 33, 1: 23, 2: 38, 3: 23, 4: 30, 5: 31, 6: 20, 7: 6}",2.04587197303772,0.2572815418243408,0.6372554898262024,0.3181818127632141,0.0339805819094181,2.08748722076416,0.1323529481887817,0.5262141823768616,0.0,0.0,0.6617646813392639,,,,(3,3.0,
14.0,clahe,inception,tile_grid_size-(3_3)_iterations-5,0.260869562625885,0.3235294117647059,7,7,single,13.0,4.0,0.010133792213193993,8,"{0: 27, 1: 13, 2: 17, 3: 36, 4: 48, 5: 22, 6: 14, 7: 27}",2.1479761600494385,0.1601941734552383,0.6038504838943481,0.294117659330368,0.0242718439549207,2.0758423805236816,0.1029411777853965,0.5342467427253723,0.0,0.0,0.6617646813392639,,,,(3,5.0,
23.0,clahe,inception,tile_grid_size-(3_3)_iterations-7,0.1911764740943908,0.39705882352941174,9,9,single,22.0,11.0,-0.0595592963183002,8,"{0: 45, 1: 10, 2: 22, 3: 28, 4: 30, 5: 8, 6: 41, 7: 20}",2.118868112564087,0.1796116530895233,0.6083312034606934,0.1666666716337204,0.0097087379544973,2.052762508392334,0.1911764740943908,0.5762636661529541,0.0,0.0,0.7058823704719543,,,,(3,7.0,
11.0,clahe,inception,tile_grid_size-(5_5)_iterations-1,0.2794117629528045,0.45588235294117646,7,7,single,10.0,1.0,0.028675992540113493,8,"{0: 24, 1: 24, 2: 42, 3: 29, 4: 25, 5: 26, 6: 19, 7: 15}",2.055469274520874,0.2135922312736511,0.6539410352706909,0.2857142984867096,0.0485436879098415,2.011247396469116,0.2794117629528045,0.6188210248947144,0.0,0.0,0.7647058963775635,,,,(5,1.0,
13.0,clahe,inception,tile_grid_size-(5_5)_iterations-2,0.2647058963775635,0.45588235294117646,8,8,single,12.0,3.0,0.01397012596487246,8,"{0: 28, 1: 20, 2: 31, 3: 25, 4: 19, 5: 40, 6: 14, 7: 27}",2.070746660232544,0.218446597456932,0.627716600894928,0.1428571492433548,0.0097087379544973,2.0350677967071533,0.2647058963775635,0.590954065322876,0.0,0.0,0.720588207244873,,,,(5,2.0,
15.0,clahe,inception,tile_grid_size-(5_5)_iterations-3,0.25,0.45588235294117646,4,4,single,14.0,5.0,-0.000735770412691017,8,"{0: 30, 1: 18, 2: 16, 3: 28, 4: 34, 5: 21, 6: 31, 7: 26}",2.454333066940308,0.1699029058218002,0.5867776870727539,0.1967213153839111,0.058252427726984,2.058314561843872,0.25,0.5824425220489502,0.0,0.0,0.7352941036224365,,,,(5,3.0,
27.0,clahe,mobilenetv3,tile_grid_size-(3_3)_iterations-1,0.1617647111415863,0.38235294117647056,8,8,single,15.0,15.0,-0.02145676623294307,4,"{1: 48, 2: 68, 5: 68, 6: 20}",2.1843080520629883,0.1213592216372489,0.5050176978111267,0.0,0.0,2.0858089923858643,0.1323529481887817,0.5081253051757812,0.0,0.0,0.6323529481887817,,,,(3,1.0,
28.0,clahe,mobilenetv3,tile_grid_size-(3_3)_iterations-2,0.159420296549797,0.39705882352941174,1,1,single,16.0,16.0,-0.02380118082473237,6,"{0: 65, 1: 44, 2: 28, 3: 59, 5: 2, 6: 6}",2.3186933994293213,0.1262135952711105,0.4932335019111633,0.0,0.0,2.0966806411743164,0.1323529481887817,0.5011431574821472,0.0,0.0,0.6323529481887817,,,,(3,2.0,
27.0,clahe,mobilenetv3,tile_grid_size-(3_3)_iterations-3,0.1617647111415863,0.3382352941176471,8,8,single,15.0,15.0,-0.02145676623294307,6,"{0: 63, 1: 55, 2: 25, 3: 14, 5: 1, 6: 46}",2.215515375137329,0.1359223276376724,0.4820132255554199,0.0,0.0,2.0821986198425293,0.1617647111415863,0.491117775440216,0.0,0.0,0.5735294222831726,,,,(3,3.0,
25.0,clahe,mobilenetv3,tile_grid_size-(3_3)_iterations-5,0.1764705926179886,0.36764705882352944,9,9,single,13.0,13.0,-0.006750884756540787,6,"{0: 67, 1: 13, 2: 45, 5: 3, 6: 60, 7: 16}",2.1886935234069824,0.0825242698192596,0.4921024143695831,0.0,0.0,2.0852088928222656,0.1323529481887817,0.5087586641311646,0.0,0.0,0.6470588445663452,,,,(3,5.0,
25.0,clahe,mobilenetv3,tile_grid_size-(3_3)_iterations-7,0.1764705926179886,0.47058823529411764,7,7,single,13.0,13.0,-0.006750884756540787,7,"{0: 22, 1: 65, 2: 55, 3: 1, 5: 24, 6: 35, 7: 2}",2.16868257522583,0.1262135952711105,0.4863660037517547,0.0,0.0,2.074680089950561,0.1764705926179886,0.5293963551521301,0.0,0.0,0.6617646813392639,,,,(3,7.0,
21.0,clahe,mobilenetv3,tile_grid_size-(5_5)_iterations-1,0.2058823555707931,0.38235294117647056,15,15,single,9.0,9.0,0.022660878196263723,4,"{0: 67, 1: 63, 3: 7, 5: 67}",2.1802992820739746,0.1067961156368255,0.4669165909290313,0.0,0.0,2.078394889831543,0.2058823555707931,0.5150457620620728,0.0,0.0,0.6470588445663452,,,,(5,1.0,
25.0,clahe,mobilenetv3,tile_grid_size-(5_5)_iterations-2,0.1764705926179886,0.4411764705882353,2,2,single,13.0,13.0,-0.006750884756540787,6,"{0: 1, 1: 26, 2: 62, 3: 5, 5: 66, 6: 44}",2.2148513793945312,0.1699029058218002,0.5070812702178955,0.0,0.0,2.080673694610596,0.1764705926179886,0.5168839693069458,0.0,0.0,0.6470588445663452,,,,(5,2.0,
23.0,clahe,mobilenetv3,tile_grid_size-(5_5)_iterations-3,0.1911764740943908,0.4117647058823529,13,13,single,11.0,11.0,0.00795499671986144,8,"{0: 67, 1: 23, 2: 34, 3: 67, 4: 1, 5: 1, 6: 9, 7: 2}",2.1340432167053223,0.1067961156368255,0.5169061422348022,0.0,0.0,2.085614919662476,0.147058829665184,0.4989187121391296,0.0,0.0,0.6323529481887817,,,,(5,3.0,
19.0,clahe,nasnet,tile_grid_size-(3_3)_iterations-1,0.2205882370471954,0.4117647058823529,9,9,single,14.0,8.0,-0.012580023924256556,8,"{0: 27, 1: 23, 2: 42, 3: 26, 4: 11, 5: 29, 6: 21, 7: 25}",2.041380882263184,0.2427184432744979,0.6093225479125977,0.6666666865348816,0.0097087379544973,2.092326402664185,0.1176470592617988,0.5357606410980225,0.0,0.0,0.720588207244873,,,,(3,1.0,
16.0,clahe,nasnet,tile_grid_size-(3_3)_iterations-2,0.2463768124580383,0.4264705882352941,12,12,single,11.0,6.0,0.01320855148658634,8,"{0: 24, 1: 33, 2: 37, 3: 36, 4: 12, 5: 24, 6: 22, 7: 16}",1.910624623298645,0.276699036359787,0.6840351223945618,1.0,0.0097087379544973,2.1012401580810547,0.0882352963089943,0.5262141823768616,0.0,0.0,0.7058823704719543,,,,(3,2.0,
11.0,clahe,nasnet,tile_grid_size-(3_3)_iterations-3,0.2794117629528045,0.5882352941176471,8,8,single,6.0,1.0,0.04624350198135255,8,"{0: 35, 1: 46, 2: 25, 3: 20, 4: 15, 5: 22, 6: 25, 7: 16}",2.104511022567749,0.1553398072719574,0.5921354293823242,0.2000000029802322,0.0048543689772486,2.0387651920318604,0.2794117629528045,0.5996817946434021,0.0,0.0,0.6764705777168274,,,,(3,3.0,
17.0,clahe,nasnet,tile_grid_size-(3_3)_iterations-5,0.2352941185235977,0.4852941176470588,10,10,single,12.0,7.0,0.002125857552145727,8,"{0: 31, 1: 32, 2: 27, 3: 22, 4: 25, 5: 20, 6: 26, 7: 21}",2.0982699394226074,0.1796116530895233,0.5942360162734985,0.0,0.0,2.0902349948883057,0.2058823555707931,0.5356524586677551,0.0,0.0,0.6470588445663452,,,,(3,5.0,
21.0,clahe,nasnet,tile_grid_size-(3_3)_iterations-7,0.2058823555707931,0.4264705882352941,5,5,single,16.0,9.0,-0.027285905400658866,8,"{0: 40, 1: 26, 2: 39, 3: 22, 4: 8, 5: 23, 6: 28, 7: 18}",2.237544298171997,0.1456310749053955,0.5478552579879761,0.0909090936183929,0.0048543689772486,2.1286418437957764,0.2058823555707931,0.4987642168998718,0.0,0.0,0.6323529481887817,,,,(3,7.0,
24.0,clahe,nasnet,tile_grid_size-(5_5)_iterations-1,0.1884057968854904,0.39705882352941174,8,8,single,19.0,12.0,-0.04476246408596157,8,"{0: 41, 1: 15, 2: 26, 3: 21, 4: 14, 5: 29, 6: 34, 7: 24}",2.045811653137207,0.1699029058218002,0.616939127445221,0.0,0.0,2.092252016067505,0.1176470592617988,0.5304776430130005,0.0,0.0,0.6029411554336548,,,,(5,1.0,
11.0,clahe,nasnet,tile_grid_size-(5_5)_iterations-2,0.2794117629528045,0.39705882352941174,12,12,single,6.0,1.0,0.04624350198135255,8,"{0: 20, 1: 25, 2: 26, 3: 29, 4: 29, 5: 23, 6: 24, 7: 28}",1.916568756103516,0.2330097109079361,0.681138277053833,0.6666666865348816,0.0097087379544973,2.0551204681396484,0.2794117629528045,0.5483347773551941,0.0,0.0,0.6617646813392639,,,,(5,2.0,
13.0,clahe,nasnet,tile_grid_size-(5_5)_iterations-3,0.2647058963775635,0.45588235294117646,14,14,single,8.0,3.0,0.031537635406111514,8,"{0: 20, 1: 18, 2: 42, 3: 38, 4: 12, 5: 28, 6: 19, 7: 27}",1.9096599817276,0.3155339658260345,0.687098503112793,0.6666666865348816,0.0097087379544973,2.023092746734619,0.2058823555707931,0.6156543493270874,0.0,0.0,0.7647058963775635,,,,(5,3.0,
27.0,clahe,resnet,tile_grid_size-(3_3)_iterations-1,0.1617647111415863,0.35294117647058826,1,1,single,14.0,15.0,-0.01263886959779828,4,"{0: 68, 2: 68, 4: 22, 6: 46}",3.054019927978516,0.0825242698192596,0.4709866344928741,0.1081081107258796,0.0388349518179893,2.118957757949829,0.1617647111415863,0.49663245677948,0.0,0.0,0.6029411554336548,,,,(3,1.0,
24.0,clahe,resnet,tile_grid_size-(3_3)_iterations-2,0.1884057968854904,0.36764705882352944,9,9,single,11.0,12.0,0.014002216146105806,4,"{0: 68, 3: 67, 5: 1, 6: 68}",2.316908121109009,0.1359223276376724,0.5355241298675537,0.2916666567325592,0.0339805819094181,2.09053635597229,0.1323529481887817,0.5019308924674988,0.0,0.0,0.6029411554336548,,,,(3,2.0,
26.0,clahe,resnet,tile_grid_size-(3_3)_iterations-3,0.1739130467176437,0.4117647058823529,4,4,single,13.0,14.0,-0.0004905340217408738,5,"{0: 68, 1: 67, 4: 4, 6: 7, 7: 58}",2.731151580810547,0.1262135952711105,0.4812221825122833,0.1489361673593521,0.0339805819094181,2.1260650157928467,0.1176470592617988,0.5006796717643738,0.0,0.0,0.6764705777168274,,,,(3,3.0,
27.0,clahe,resnet,tile_grid_size-(3_3)_iterations-5,0.1617647111415863,0.4117647058823529,1,1,single,14.0,15.0,-0.01263886959779828,5,"{1: 68, 2: 10, 5: 68, 6: 9, 7: 49}",3.332768440246582,0.1116504818201065,0.4917691349983215,0.0900000035762786,0.0436893217265605,2.172883987426758,0.1323529481887817,0.4952267706394195,0.0,0.0,0.6323529481887817,,,,(3,5.0,
23.0,clahe,resnet,tile_grid_size-(3_3)_iterations-7,0.1911764740943908,0.39705882352941174,11,11,single,10.0,11.0,0.01677289335500623,4,"{2: 20, 3: 48, 5: 68, 6: 68}",2.398021697998047,0.116504855453968,0.4763593673706054,0.0,0.0,2.0909900665283203,0.1911764740943908,0.5164514183998108,0.0,0.0,0.6323529481887817,,,,(3,7.0,
24.0,clahe,resnet,tile_grid_size-(5_5)_iterations-1,0.1884057968854904,0.4264705882352941,7,7,single,11.0,12.0,0.014002216146105806,5,"{0: 58, 1: 68, 3: 9, 4: 1, 5: 68}",2.3891172409057617,0.1456310749053955,0.5122065544128418,0.0666666701436042,0.0048543689772486,2.0765511989593506,0.1323529481887817,0.5345557928085327,0.0,0.0,0.6470588445663452,,,,(5,1.0,
27.0,clahe,resnet,tile_grid_size-(5_5)_iterations-2,0.1617647111415863,0.36764705882352944,10,10,single,14.0,15.0,-0.01263886959779828,6,"{0: 68, 1: 60, 3: 4, 4: 1, 6: 68, 7: 3}",2.360614776611328,0.1456310749053955,0.5192071199417114,0.0769230797886848,0.0048543689772486,2.098464012145996,0.1617647111415863,0.4827916622161865,0.0,0.0,0.5735294222831726,,,,(5,2.0,
24.0,clahe,resnet,tile_grid_size-(5_5)_iterations-3,0.1884057968854904,0.39705882352941174,7,7,single,11.0,12.0,0.014002216146105806,5,"{1: 53, 2: 54, 5: 61, 6: 34, 7: 2}",2.607056140899658,0.116504855453968,0.4720772504806518,0.0666666701436042,0.0097087379544973,2.074404716491699,0.1764705926179886,0.5393598675727844,0.0,0.0,0.6323529481887817,,,,(5,3.0,
15.0,close,chexnet,kernel_size-(11_11)_iterations-1,0.25,0.45588235294117646,12,12,single,7.0,7.0,0.04580020514159158,8,"{0: 33, 1: 25, 2: 26, 3: 28, 4: 20, 5: 21, 6: 27, 7: 24}",2.488412857055664,0.1601941734552383,0.5380405187606812,0.1463414579629898,0.029126213863492,2.1042251586914062,0.25,0.5568308234214783,0.0,0.0,0.7058823704719543,,,,(11,1.0,
23.0,close,chexnet,kernel_size-(11_11)_iterations-2,0.1911764740943908,0.45588235294117646,1,1,single,15.0,15.0,-0.013023320764017604,8,"{0: 32, 1: 25, 2: 21, 3: 27, 4: 20, 5: 18, 6: 33, 7: 28}",2.9665260314941406,0.1019417494535446,0.4592209160327911,0.112676054239273,0.0388349518179893,2.248320817947388,0.073529414832592,0.5060708522796631,0.0,0.0,0.6617646813392639,,,,(11,2.0,
20.0,close,chexnet,kernel_size-(11_11)_iterations-3,0.2173912972211837,0.45588235294117646,4,4,single,12.0,12.0,0.013191502362775276,8,"{0: 35, 1: 23, 2: 38, 3: 25, 4: 18, 5: 22, 6: 18, 7: 25}",2.5940756797790527,0.1310679614543914,0.5071654319763184,0.190476194024086,0.0388349518179893,2.1434195041656494,0.1617647111415863,0.5103960633277893,0.0,0.0,0.6323529481887817,,,,(11,3.0,
24.0,close,chexnet,kernel_size-(11_11)_iterations-5,0.1884057968854904,0.35294117647058826,3,3,single,16.0,16.0,-0.015793997972918028,8,"{0: 34, 1: 23, 2: 36, 3: 28, 4: 18, 5: 14, 6: 33, 7: 18}",2.5512914657592773,0.116504855453968,0.5123311281204224,0.1463414579629898,0.029126213863492,2.245969772338867,0.0588235296308994,0.4540595412254333,0.0,0.0,0.6176470518112183,,,,(11,5.0,
23.0,close,chexnet,kernel_size-(11_11)_iterations-7,0.1911764740943908,0.4264705882352941,2,2,single,15.0,15.0,-0.013023320764017604,8,"{0: 29, 1: 21, 2: 20, 3: 35, 4: 15, 5: 27, 6: 29, 7: 28}",2.623973608016968,0.1359223276376724,0.4922387599945068,0.1111111119389534,0.0242718439549207,2.1494181156158447,0.1617647111415863,0.5382785201072693,0.0,0.0,0.6029411554336548,,,,(11,7.0,
24.0,close,chexnet,kernel_size-(15_15)_iterations-1,0.1884057968854904,0.39705882352941174,10,10,single,16.0,16.0,-0.015793997972918028,8,"{0: 36, 1: 24, 2: 32, 3: 32, 4: 16, 5: 26, 6: 27, 7: 11}",2.4537954330444336,0.1456310749053955,0.5464649200439453,0.1162790730595588,0.0242718439549207,2.179711103439331,0.1323529481887817,0.5042788982391357,0.0,0.0,0.6323529481887817,,,,(15,1.0,
30.0,close,chexnet,kernel_size-(15_15)_iterations-2,0.1449275314807891,0.3235294117647059,7,7,single,21.0,22.0,-0.059272263377619316,8,"{0: 36, 1: 38, 2: 28, 3: 28, 4: 15, 5: 23, 6: 20, 7: 16}",2.4982922077178955,0.1796116530895233,0.5461081266403198,0.1698113232851028,0.0436893217265605,2.295961380004883,0.0882352963089943,0.4387357831001282,0.0,0.0,0.5882353186607361,,,,(15,2.0,
21.0,close,chexnet,kernel_size-(3_3)_iterations-1,0.2058823555707931,0.5,11,11,single,13.0,13.0,0.0016825607123846786,8,"{0: 25, 1: 35, 2: 25, 3: 28, 4: 24, 5: 21, 6: 25, 7: 21}",2.393219470977783,0.1699029058218002,0.5786091685295105,0.1923076957464218,0.0485436879098415,2.1455767154693604,0.2058823555707931,0.5484737753868103,0.0,0.0,0.779411792755127,,,,(3,1.0,
15.0,close,chexnet,kernel_size-(3_3)_iterations-2,0.25,0.5,8,8,single,7.0,7.0,0.04580020514159158,8,"{0: 21, 1: 27, 2: 18, 3: 23, 4: 19, 5: 41, 6: 30, 7: 25}",2.504791021347046,0.1796116530895233,0.5487372875213623,0.1724137961864471,0.0485436879098415,2.093247652053833,0.25,0.5717684030532837,0.0,0.0,0.6911764740943909,,,,(3,2.0,
23.0,close,chexnet,kernel_size-(3_3)_iterations-3,0.1911764740943908,0.45588235294117646,4,4,single,15.0,15.0,-0.013023320764017604,8,"{0: 30, 1: 31, 2: 24, 3: 24, 4: 14, 5: 28, 6: 28, 7: 25}",2.6581239700317383,0.1407766938209533,0.5004965662956238,0.1794871836900711,0.0339805819094181,2.163658380508423,0.1911764740943908,0.5181043148040771,0.0,0.0,0.6617646813392639,,,,(3,3.0,
21.0,close,chexnet,kernel_size-(3_3)_iterations-5,0.2058823555707931,0.38235294117647056,11,11,single,13.0,13.0,0.0016825607123846786,8,"{0: 30, 1: 21, 2: 25, 3: 18, 4: 31, 5: 33, 6: 29, 7: 17}",2.476171493530273,0.1699029058218002,0.5474495887756348,0.1458333283662796,0.0339805819094181,2.178688764572144,0.2058823555707931,0.4974666535854339,0.0,0.0,0.6176470518112183,,,,(3,5.0,
21.0,close,chexnet,kernel_size-(3_3)_iterations-7,0.2058823555707931,0.4852941176470588,7,7,single,13.0,13.0,0.0016825607123846786,8,"{0: 34, 1: 25, 2: 21, 3: 23, 4: 22, 5: 20, 6: 43, 7: 16}",2.67113733291626,0.1310679614543914,0.4934590458869934,0.0869565233588218,0.0194174759089946,2.10343074798584,0.2058823555707931,0.5574023723602295,0.0,0.0,0.6176470518112183,,,,(3,7.0,
21.0,close,chexnet,kernel_size-(5_5)_iterations-1,0.2058823555707931,0.5441176470588235,3,3,single,13.0,13.0,0.0016825607123846786,8,"{0: 35, 1: 22, 2: 22, 3: 27, 4: 29, 5: 31, 6: 26, 7: 12}",2.689340829849243,0.097087375819683,0.5048930644989014,0.0847457647323608,0.0242718439549207,2.0080952644348145,0.2058823555707931,0.6246601939201355,0.0,0.0,0.8382353186607361,,,,(5,1.0,
14.0,close,chexnet,kernel_size-(5_5)_iterations-2,0.260869562625885,0.47058823529411764,15,15,single,6.0,6.0,0.05666976776747659,8,"{0: 28, 1: 26, 2: 32, 3: 32, 4: 16, 5: 16, 6: 31, 7: 23}",2.427887201309204,0.2038834989070892,0.5522736310958862,0.3181818127632141,0.0679611638188362,2.067051410675049,0.147058829665184,0.6060615181922913,0.0,0.0,0.779411792755127,,,,(5,2.0,
25.0,close,chexnet,kernel_size-(5_5)_iterations-3,0.1764705926179886,0.4117647058823529,9,9,single,17.0,17.0,-0.02772920224041983,8,"{0: 20, 1: 36, 2: 23, 3: 17, 4: 12, 5: 30, 6: 37, 7: 29}",2.5293686389923096,0.1553398072719574,0.5349737405776978,0.1219512224197387,0.0242718439549207,2.213672637939453,0.1176470592617988,0.4808144271373749,0.0,0.0,0.5882353186607361,,,,(5,3.0,
19.0,close,chexnet,kernel_size-(5_5)_iterations-5,0.2205882370471954,0.39705882352941174,4,4,single,11.0,11.0,0.01638844218878699,8,"{0: 39, 1: 27, 2: 23, 3: 34, 4: 17, 5: 28, 6: 20, 7: 16}",2.6451525688171387,0.1213592216372489,0.4989883601665497,0.1702127605676651,0.0388349518179893,2.126460075378418,0.2205882370471954,0.5511307716369629,0.0,0.0,0.7058823704719543,,,,(5,5.0,
22.0,close,chexnet,kernel_size-(5_5)_iterations-7,0.2028985470533371,0.45588235294117646,1,1,single,14.0,14.0,-0.0013012478050713205,8,"{0: 40, 1: 16, 2: 25, 3: 28, 4: 35, 5: 23, 6: 14, 7: 23}",2.656900644302368,0.1310679614543914,0.5162597894668579,0.2222222238779068,0.058252427726984,2.2164173126220703,0.1617647111415863,0.5256580114364624,0.0,0.0,0.6029411554336548,,,,(5,7.0,
25.0,close,chexnet,kernel_size-(9_9)_iterations-1,0.1764705926179886,0.3382352941176471,3,3,single,17.0,17.0,-0.02772920224041983,8,"{0: 24, 1: 30, 2: 22, 3: 24, 4: 27, 5: 33, 6: 29, 7: 15}",2.730367422103882,0.1359223276376724,0.5104325413703918,0.1724137961864471,0.0485436879098415,2.2506356239318848,0.1029411777853965,0.4620767533779144,0.0,0.0,0.5882353186607361,,,,(9,1.0,
27.0,close,chexnet,kernel_size-(9_9)_iterations-2,0.1617647111415863,0.47058823529411764,2,2,single,19.0,19.0,-0.042435083716822114,8,"{0: 28, 1: 24, 2: 27, 3: 31, 4: 23, 5: 24, 6: 26, 7: 21}",2.766670227050781,0.116504855453968,0.5057514905929565,0.1363636404275894,0.0436893217265605,2.236976146697998,0.1617647111415863,0.5107513666152954,0.0,0.0,0.6176470518112183,,,,(9,2.0,
27.0,close,chexnet,kernel_size-(9_9)_iterations-3,0.1617647111415863,0.5294117647058824,15,15,single,19.0,19.0,-0.042435083716822114,8,"{0: 29, 1: 28, 2: 26, 3: 29, 4: 19, 5: 23, 6: 30, 7: 20}",2.3540749549865723,0.1699029058218002,0.5717400312423706,0.21875,0.0339805819094181,2.0250437259674072,0.1617647111415863,0.6238723397254944,0.0,0.0,0.8382353186607361,,,,(9,3.0,
19.0,close,chexnet,kernel_size-(9_9)_iterations-5,0.2205882370471954,0.47058823529411764,10,10,single,11.0,11.0,0.01638844218878699,8,"{0: 27, 1: 23, 2: 36, 3: 21, 4: 17, 5: 30, 6: 16, 7: 34}",2.457471370697021,0.1213592216372489,0.5460155606269836,0.2199999988079071,0.0533980578184127,2.099641799926758,0.2205882370471954,0.5523356199264526,0.0,0.0,0.6911764740943909,,,,(9,5.0,
23.0,close,chexnet,kernel_size-(9_9)_iterations-7,0.1911764740943908,0.4117647058823529,2,2,single,15.0,15.0,-0.013023320764017604,8,"{0: 22, 1: 18, 2: 34, 3: 38, 4: 14, 5: 24, 6: 24, 7: 30}",2.719546318054199,0.1116504818201065,0.4817776083946228,0.0909090936183929,0.0194174759089946,2.2545270919799805,0.1176470592617988,0.4689817130565643,0.0,0.0,0.6029411554336548,,,,(9,7.0,
23.0,close,custom cnn,kernel_size-(11_11)_iterations-1,0.1911764740943908,0.38235294117647056,7,7,single,5.0,15.0,0.03522375060452351,5,"{0: 9, 1: 68, 4: 32, 5: 27, 6: 68}",2.0277867317199707,0.1796116530895233,0.6069830060005188,0.0,0.0,2.1809585094451904,0.1176470592617988,0.4976056814193725,0.0,0.0,0.6176470518112183,,,,(11,1.0,
26.0,close,custom cnn,kernel_size-(11_11)_iterations-2,0.1739130467176437,0.4264705882352941,6,6,single,8.0,18.0,0.01796032322777641,6,"{0: 9, 1: 68, 3: 2, 4: 3, 5: 54, 6: 68}",2.067558765411377,0.1844660192728042,0.5787538290023804,0.0,0.0,2.111590623855591,0.1176470592617988,0.5074765086174011,0.0,0.0,0.6323529481887817,,,,(11,2.0,
31.0,close,custom cnn,kernel_size-(11_11)_iterations-3,0.1323529481887817,0.38235294117647056,5,5,single,13.0,23.0,-0.02359977530108559,4,"{1: 68, 3: 10, 5: 58, 6: 68}",2.096214771270752,0.1553398072719574,0.5542548298835754,0.0,0.0,2.1432406902313232,0.1323529481887817,0.5077700018882751,0.0,0.0,0.6323529481887817,,,,(11,3.0,
31.0,close,custom cnn,kernel_size-(11_11)_iterations-5,0.1323529481887817,0.38235294117647056,4,4,single,13.0,23.0,-0.02359977530108559,3,"{1: 68, 3: 68, 6: 68}",2.0957419872283936,0.1844660192728042,0.5531489253044128,0.0,0.0,2.101861953735352,0.1176470592617988,0.4987024068832397,0.0,0.0,0.6323529481887817,,,,(11,5.0,
31.0,close,custom cnn,kernel_size-(11_11)_iterations-7,0.1323529481887817,0.4117647058823529,1,1,single,13.0,23.0,-0.02359977530108559,4,"{1: 68, 3: 18, 5: 50, 6: 68}",2.345719337463379,0.1213592216372489,0.5132350921630859,0.1666666716337204,0.0097087379544973,2.081741571426392,0.1176470592617988,0.4928324520587921,0.0,0.0,0.6176470518112183,,,,(11,7.0,
26.0,close,custom cnn,kernel_size-(15_15)_iterations-1,0.1739130467176437,0.38235294117647056,15,15,single,8.0,18.0,0.01796032322777641,3,"{1: 68, 3: 68, 6: 68}",1.9763200283050537,0.2475728094577789,0.6392870545387268,0.0,0.0,2.2644214630126958,0.1176470592617988,0.5025643110275269,0.0,0.0,0.6176470518112183,,,,(15,1.0,
26.0,close,custom cnn,kernel_size-(15_15)_iterations-2,0.1739130467176437,0.36764705882352944,8,8,single,8.0,18.0,0.01796032322777641,4,"{0: 67, 1: 68, 3: 1, 6: 68}",2.067476272583008,0.1747572869062423,0.5711710453033447,0.0,0.0,2.176265239715576,0.1176470592617988,0.5071057677268982,0.0,0.0,0.6323529481887817,,,,(15,2.0,
27.0,close,custom cnn,kernel_size-(15_15)_iterations-3,0.1617647111415863,0.36764705882352944,2,2,single,9.0,19.0,0.005811987651719003,3,"{0: 68, 1: 68, 6: 68}",2.2159595489501958,0.1553398072719574,0.5217857360839844,0.25,0.0048543689772486,2.08144760131836,0.1617647111415863,0.4989495873451233,0.0,0.0,0.6911764740943909,,,,(15,3.0,
31.0,close,custom cnn,kernel_size-(3_3)_iterations-1,0.1323529481887817,0.38235294117647056,1,1,single,13.0,23.0,-0.02359977530108559,3,"{1: 68, 3: 68, 6: 68}",2.4384896755218506,0.1116504818201065,0.4532354474067688,0.0,0.0,2.083341598510742,0.1176470592617988,0.4978991448879242,0.0,0.0,0.6323529481887817,,,,(3,1.0,
24.0,close,custom cnn,kernel_size-(3_3)_iterations-2,0.1884057968854904,0.3382352941176471,8,8,single,6.0,16.0,0.03245307339562309,4,"{0: 41, 1: 68, 3: 27, 6: 68}",2.0485222339630127,0.1601941734552383,0.5772372484207153,0.0,0.0,2.117381811141968,0.1323529481887817,0.5148294568061829,0.0,0.0,0.6323529481887817,,,,(3,2.0,
24.0,close,custom cnn,kernel_size-(3_3)_iterations-3,0.1884057968854904,0.36764705882352944,13,13,single,6.0,16.0,0.03245307339562309,3,"{0: 68, 1: 68, 6: 68}",1.9868407249450684,0.252427190542221,0.6358465552330017,0.6666666865348816,0.0097087379544973,2.482013940811157,0.1176470592617988,0.5112611055374146,0.2727272808551788,0.0882352963089943,0.6323529481887817,,,,(3,3.0,
27.0,close,custom cnn,kernel_size-(3_3)_iterations-5,0.1617647111415863,0.4117647058823529,10,10,single,9.0,19.0,0.005811987651719003,4,"{0: 10, 1: 68, 3: 58, 6: 68}",2.0661208629608154,0.1601941734552383,0.5829164385795593,0.0,0.0,2.2470734119415283,0.1617647111415863,0.5134855508804321,0.0,0.0,0.6029411554336548,,,,(3,5.0,
27.0,close,custom cnn,kernel_size-(3_3)_iterations-7,0.1617647111415863,0.38235294117647056,3,3,single,9.0,19.0,0.005811987651719003,4,"{1: 68, 2: 1, 3: 67, 6: 68}",2.13879132270813,0.1650485396385193,0.5373654961585999,0.0,0.0,2.0924768447875977,0.1323529481887817,0.5033520460128784,0.0,0.0,0.6176470518112183,,,,(3,7.0,
27.0,close,custom cnn,kernel_size-(5_5)_iterations-1,0.1617647111415863,0.36764705882352944,12,12,single,9.0,19.0,0.005811987651719003,4,"{0: 32, 1: 68, 3: 36, 6: 68}",1.9997904300689695,0.2038834989070892,0.6253635287284851,0.0,0.0,2.1795430183410645,0.1617647111415863,0.5171774625778198,0.0,0.0,0.6323529481887817,,,,(5,1.0,
31.0,close,custom cnn,kernel_size-(5_5)_iterations-2,0.1323529481887817,0.38235294117647056,4,4,single,13.0,23.0,-0.02359977530108559,3,"{1: 68, 3: 68, 6: 68}",2.115303039550781,0.1553398072719574,0.5416054725646973,0.0,0.0,2.094470262527466,0.1323529481887817,0.5017455816268921,0.0,0.0,0.6323529481887817,,,,(5,2.0,
23.0,close,custom cnn,kernel_size-(5_5)_iterations-3,0.1911764740943908,0.4264705882352941,1,1,single,5.0,15.0,0.03522375060452351,4,"{0: 38, 1: 68, 5: 30, 6: 68}",2.4507224559783936,0.116504855453968,0.4930483698844909,0.0,0.0,2.078472137451172,0.1323529481887817,0.5170538425445557,0.0,0.0,0.6323529481887817,,,,(5,3.0,
27.0,close,custom cnn,kernel_size-(5_5)_iterations-5,0.1617647111415863,0.39705882352941174,1,1,single,9.0,19.0,0.005811987651719003,4,"{0: 4, 1: 68, 3: 64, 6: 68}",2.458080291748047,0.097087375819683,0.4676167666912079,0.050000000745058,0.0048543689772486,2.0831828117370605,0.1323529481887817,0.4888006746768951,0.0,0.0,0.6029411554336548,,,,(5,5.0,
29.0,close,custom cnn,kernel_size-(5_5)_iterations-7,0.147058829665184,0.36764705882352944,7,7,single,11.0,21.0,-0.008893893824683308,5,"{0: 25, 1: 68, 3: 30, 5: 13, 6: 68}",2.0862600803375244,0.1650485396385193,0.5674241781234741,0.0,0.0,2.112974166870117,0.147058829665184,0.512697696685791,0.0,0.0,0.6323529481887817,,,,(5,7.0,
30.0,close,custom cnn,kernel_size-(9_9)_iterations-1,0.1449275314807891,0.36764705882352944,11,11,single,12.0,22.0,-0.0110251920090782,4,"{0: 23, 1: 68, 3: 45, 6: 68}",2.023041248321533,0.1941747516393661,0.6126402020454407,0.0,0.0,2.265333652496338,0.1176470592617988,0.501915454864502,0.0,0.0,0.6176470518112183,,,,(9,1.0,
23.0,close,custom cnn,kernel_size-(9_9)_iterations-2,0.1911764740943908,0.36764705882352944,3,3,single,5.0,15.0,0.03522375060452351,5,"{0: 28, 1: 68, 3: 39, 5: 1, 6: 68}",2.123808622360229,0.1650485396385193,0.5522989630699158,0.0,0.0,2.082144260406494,0.1911764740943908,0.485803872346878,0.0,0.0,0.6176470518112183,,,,(9,2.0,
25.0,close,custom cnn,kernel_size-(9_9)_iterations-3,0.1764705926179886,0.38235294117647056,10,10,single,7.0,17.0,0.020517869128121285,4,"{1: 68, 3: 60, 5: 8, 6: 68}",2.03177547454834,0.1553398072719574,0.5995263457298279,0.0,0.0,2.199967622756958,0.1764705926179886,0.522305965423584,0.0,0.0,0.6470588445663452,,,,(9,3.0,
28.0,close,custom cnn,kernel_size-(9_9)_iterations-5,0.159420296549797,0.38235294117647056,8,8,single,10.0,20.0,0.0034675730599297017,3,"{1: 68, 2: 68, 6: 68}",1.9979679584503172,0.237864077091217,0.6216369271278381,1.0,0.0097087379544973,2.152676105499268,0.1176470592617988,0.5098708868026733,0.0,0.0,0.6176470518112183,,,,(9,5.0,
28.0,close,custom cnn,kernel_size-(9_9)_iterations-7,0.159420296549797,0.38235294117647056,6,6,single,10.0,20.0,0.0034675730599297017,3,"{1: 68, 3: 68, 6: 68}",2.148848533630371,0.1650485396385193,0.5169380903244019,0.0,0.0,2.1040141582489014,0.1323529481887817,0.5131611824035645,0.0,0.0,0.6323529481887817,,,,(9,7.0,
23.0,close,densenet,kernel_size-(11_11)_iterations-1,0.1911764740943908,0.36764705882352944,8,8,single,14.0,15.0,-0.02654809931850738,8,"{0: 39, 1: 38, 2: 39, 3: 25, 4: 11, 5: 12, 6: 28, 7: 12}",2.4740548133850098,0.1407766938209533,0.5224202871322632,0.0799999982118606,0.0097087379544973,2.062209367752075,0.1911764740943908,0.5670106410980225,0.0,0.0,0.7352941036224365,,,,(11,1.0,
15.0,close,densenet,kernel_size-(11_11)_iterations-2,0.25,0.5441176470588235,3,3,single,6.0,7.0,0.03227542658710181,8,"{0: 22, 1: 27, 2: 26, 3: 42, 4: 28, 5: 21, 6: 21, 7: 17}",2.9489974975585938,0.1116504818201065,0.4945497214794159,0.1780821979045868,0.0631067976355552,2.0591273307800293,0.25,0.5837401747703552,0.0,0.0,0.7058823704719543,,,,(11,2.0,
24.0,close,densenet,kernel_size-(11_11)_iterations-3,0.1884057968854904,0.4117647058823529,14,14,single,15.0,16.0,-0.029318776527407803,8,"{0: 25, 1: 15, 2: 43, 3: 18, 4: 36, 5: 15, 6: 20, 7: 32}",2.117600440979004,0.1893203854560852,0.5906205177307129,0.25,0.0048543689772486,2.080146074295044,0.1029411777853965,0.5142733454704285,0.0,0.0,0.7058823704719543,,,,(11,3.0,
19.0,close,densenet,kernel_size-(11_11)_iterations-5,0.2205882370471954,0.4411764705882353,2,2,single,10.0,11.0,0.0028636636342972144,8,"{0: 37, 1: 9, 2: 53, 3: 44, 4: 17, 5: 36, 6: 6, 7: 2}",2.868154764175415,0.1067961156368255,0.5315601825714111,0.0657894760370254,0.0242718439549207,2.159451723098755,0.147058829665184,0.4925543665885925,0.0,0.0,0.6176470518112183,,,,(11,5.0,
22.0,close,densenet,kernel_size-(11_11)_iterations-7,0.2028985470533371,0.36764705882352944,6,6,single,13.0,14.0,-0.014826026359561095,8,"{0: 35, 1: 31, 2: 24, 3: 12, 4: 25, 5: 35, 6: 20, 7: 22}",2.583582639694214,0.0776699036359787,0.4818129241466522,0.0740740746259689,0.0097087379544973,2.1182701587677,0.0882352963089943,0.4917047917842865,0.0,0.0,0.6176470518112183,,,,(11,7.0,
22.0,close,densenet,kernel_size-(15_15)_iterations-1,0.2028985470533371,0.36764705882352944,2,2,single,13.0,14.0,-0.014826026359561095,8,"{0: 33, 1: 26, 2: 34, 3: 11, 4: 39, 5: 41, 6: 18, 7: 2}",2.970318555831909,0.1019417494535446,0.5180254578590393,0.0987654328346252,0.0388349518179893,2.21240234375,0.1176470592617988,0.4776785671710968,0.0,0.0,0.5441176295280457,,,,(15,1.0,
19.0,close,densenet,kernel_size-(15_15)_iterations-2,0.2205882370471954,0.45588235294117646,9,9,single,10.0,11.0,0.0028636636342972144,8,"{0: 37, 1: 21, 2: 42, 3: 19, 4: 25, 5: 21, 6: 19, 7: 20}",2.32324743270874,0.1699029058218002,0.5453153252601624,0.0625,0.0048543689772486,2.103470802307129,0.1176470592617988,0.5145668387413025,0.0,0.0,0.5735294222831726,,,,(15,2.0,
20.0,close,densenet,kernel_size-(3_3)_iterations-1,0.2173912972211837,0.35294117647058826,15,15,single,11.0,12.0,-0.00033327619171449885,8,"{0: 55, 1: 22, 2: 10, 3: 12, 4: 1, 5: 59, 6: 42, 7: 3}",2.302628993988037,0.1650485396385193,0.5064383149147034,0.3333333432674408,0.014563106931746,2.0712947845458984,0.1029411777853965,0.5385720133781433,0.0,0.0,0.6617646813392639,,,,(3,1.0,
20.0,close,densenet,kernel_size-(3_3)_iterations-2,0.2173912972211837,0.38235294117647056,15,15,single,11.0,12.0,-0.00033327619171449885,8,"{0: 22, 1: 5, 2: 37, 3: 43, 4: 14, 5: 22, 6: 13, 7: 48}",2.2061116695404053,0.1990291327238083,0.5616592764854431,0.3333333432674408,0.014563106931746,2.0802009105682373,0.147058829665184,0.5325784087181091,0.0,0.0,0.6764705777168274,,,,(3,2.0,
22.0,close,densenet,kernel_size-(3_3)_iterations-3,0.2028985470533371,0.35294117647058826,11,11,single,13.0,14.0,-0.014826026359561095,8,"{0: 15, 1: 16, 2: 26, 3: 37, 4: 43, 5: 21, 6: 30, 7: 16}",2.3729264736175537,0.1601941734552383,0.527865469455719,0.1599999964237213,0.0194174759089946,2.127579689025879,0.1176470592617988,0.4656914174556732,0.0,0.0,0.5441176295280457,,,,(3,3.0,
19.0,close,densenet,kernel_size-(3_3)_iterations-5,0.2205882370471954,0.36764705882352944,3,3,single,10.0,11.0,0.0028636636342972144,8,"{0: 17, 1: 25, 2: 24, 3: 32, 4: 18, 5: 33, 6: 41, 7: 14}",2.818231105804444,0.1116504818201065,0.5089715123176575,0.1311475336551666,0.0388349518179893,2.1643457412719727,0.1029411777853965,0.490932434797287,0.0,0.0,0.6470588445663452,,,,(3,5.0,
24.0,close,densenet,kernel_size-(3_3)_iterations-7,0.1884057968854904,0.4117647058823529,6,6,single,15.0,16.0,-0.029318776527407803,8,"{0: 28, 1: 15, 2: 33, 3: 38, 4: 17, 5: 9, 6: 36, 7: 28}",2.49666166305542,0.116504855453968,0.522916853427887,0.0909090936183929,0.014563106931746,2.0617401599884038,0.147058829665184,0.5645853877067566,0.0,0.0,0.7352941036224365,,,,(3,7.0,
18.0,close,densenet,kernel_size-(5_5)_iterations-1,0.2318840622901916,0.3235294117647059,2,2,single,9.0,10.0,0.014159488877293402,8,"{0: 33, 1: 34, 2: 25, 3: 18, 4: 25, 5: 31, 6: 19, 7: 19}",3.0654454231262207,0.1359223276376724,0.5255611538887024,0.1868131905794143,0.0825242698192596,2.277056932449341,0.1029411777853965,0.486205518245697,0.0,0.0,0.5882353186607361,,,,(5,1.0,
24.0,close,densenet,kernel_size-(5_5)_iterations-2,0.1884057968854904,0.35294117647058826,1,1,single,15.0,16.0,-0.029318776527407803,8,"{0: 33, 1: 20, 2: 49, 3: 31, 4: 9, 5: 5, 6: 26, 7: 31}",3.279940128326416,0.1359223276376724,0.5214372873306274,0.130081295967102,0.0776699036359787,2.1757972240448,0.1617647111415863,0.5183359980583191,0.0,0.0,0.6029411554336548,,,,(5,2.0,
17.0,close,densenet,kernel_size-(5_5)_iterations-3,0.2352941185235977,0.38235294117647056,9,9,single,8.0,9.0,0.017569545110699497,8,"{0: 41, 1: 49, 2: 56, 3: 3, 4: 16, 5: 15, 6: 11, 7: 13}",2.2876131534576416,0.1941747516393661,0.5495991110801697,0.2857142984867096,0.0194174759089946,2.1242835521698,0.2352941185235977,0.4922763407230377,0.0,0.0,0.5735294222831726,,,,(5,3.0,
9.0,close,densenet,kernel_size-(5_5)_iterations-5,0.294117659330368,0.47058823529411764,12,12,single,1.0,2.0,0.0763930859174698,8,"{0: 4, 1: 16, 2: 4, 3: 51, 4: 29, 5: 45, 6: 15, 7: 40}",2.3161346912384038,0.1504854410886764,0.5335664749145508,0.25,0.0097087379544973,2.053781270980835,0.294117659330368,0.5702545642852783,0.0,0.0,0.6911764740943909,,,,(5,5.0,
21.0,close,densenet,kernel_size-(5_5)_iterations-7,0.2058823555707931,0.35294117647058826,11,11,single,12.0,13.0,-0.011842217842105096,8,"{0: 60, 1: 12, 2: 48, 3: 44, 4: 6, 5: 9, 6: 13, 7: 12}",2.229130506515503,0.1747572869062423,0.5331002473831177,0.0,0.0,2.0740880966186523,0.1029411777853965,0.5500494241714478,0.0,0.0,0.7058823704719543,,,,(5,7.0,
14.0,close,densenet,kernel_size-(9_9)_iterations-1,0.260869562625885,0.36764705882352944,3,3,single,5.0,6.0,0.04314498921298682,8,"{0: 33, 1: 17, 2: 17, 3: 16, 4: 30, 5: 39, 6: 16, 7: 36}",2.8488566875457764,0.1019417494535446,0.4951203763484955,0.1176470592617988,0.0388349518179893,2.1094512939453125,0.1323529481887817,0.5393598079681396,0.0,0.0,0.7058823704719543,,,,(9,1.0,
17.0,close,densenet,kernel_size-(9_9)_iterations-2,0.2352941185235977,0.36764705882352944,1,1,single,8.0,9.0,0.017569545110699497,8,"{0: 33, 1: 19, 2: 32, 3: 13, 4: 35, 5: 25, 6: 43, 7: 4}",3.2966573238372803,0.1553398072719574,0.5020871758460999,0.1428571492433548,0.0728155374526977,2.2446000576019287,0.1323529481887817,0.4591880738735199,0.0,0.0,0.529411792755127,,,,(9,2.0,
20.0,close,densenet,kernel_size-(9_9)_iterations-3,0.2173912972211837,0.38235294117647056,2,2,single,11.0,12.0,-0.00033327619171449885,8,"{0: 39, 1: 30, 2: 56, 3: 10, 4: 4, 5: 25, 6: 3, 7: 37}",2.86457633972168,0.1553398072719574,0.5211344361305237,0.1304347813129425,0.0436893217265605,2.1863210201263428,0.1323529481887817,0.4893567562103271,0.0,0.0,0.6470588445663452,,,,(9,3.0,
22.0,close,densenet,kernel_size-(9_9)_iterations-5,0.2028985470533371,0.35294117647058826,10,10,single,13.0,14.0,-0.014826026359561095,8,"{0: 52, 1: 2, 2: 42, 3: 33, 4: 5, 5: 9, 6: 9, 7: 52}",2.217659950256348,0.1747572869062423,0.5667357444763184,0.1538461595773697,0.0097087379544973,2.123750686645508,0.1176470592617988,0.4670353233814239,0.0,0.0,0.5882353186607361,,,,(9,5.0,
20.0,close,densenet,kernel_size-(9_9)_iterations-7,0.2173912972211837,0.36764705882352944,2,2,single,11.0,12.0,-0.00033327619171449885,8,"{0: 27, 1: 19, 2: 19, 3: 14, 4: 24, 5: 45, 6: 45, 7: 11}",2.940864562988281,0.1116504818201065,0.4908702373504638,0.1000000014901161,0.029126213863492,2.1117684841156006,0.1029411777853965,0.537413477897644,0.0,0.0,0.6617646813392639,,,,(9,7.0,
27.0,close,efficientnet,kernel_size-(11_11)_iterations-1,0.1617647111415863,0.36764705882352944,4,4,single,14.0,19.0,-0.0027475945509163324,3,"{0: 68, 5: 68, 6: 68}",2.1406428813934326,0.1359223276376724,0.4849942326545715,0.0,0.0,2.080435276031494,0.1617647111415863,0.4936974644660949,0.0,0.0,0.6176470518112183,,,,(11,1.0,
23.0,close,efficientnet,kernel_size-(11_11)_iterations-2,0.1911764740943908,0.36764705882352944,13,13,single,10.0,15.0,0.026664168401888177,4,"{2: 68, 4: 68, 5: 3, 7: 65}",2.09021520614624,0.116504855453968,0.5150579214096069,0.0,0.0,2.078681945800781,0.1323529481887817,0.5156636238098145,0.0,0.0,0.6470588445663452,,,,(11,2.0,
29.0,close,efficientnet,kernel_size-(11_11)_iterations-3,0.147058829665184,0.36764705882352944,5,5,single,16.0,21.0,-0.017453476027318643,3,"{1: 68, 6: 68, 7: 68}",2.1159260272979736,0.116504855453968,0.4945901930332184,0.0,0.0,2.079324245452881,0.1323529481887817,0.5085887312889099,0.0,0.0,0.6470588445663452,,,,(11,3.0,
29.0,close,efficientnet,kernel_size-(11_11)_iterations-5,0.147058829665184,0.36764705882352944,12,12,single,16.0,21.0,-0.017453476027318643,3,"{0: 68, 2: 68, 6: 68}",2.0952322483062744,0.1310679614543914,0.5029893517494202,0.0,0.0,2.08101224899292,0.1176470592617988,0.5039081573486328,0.0,0.0,0.6323529481887817,,,,(11,5.0,
27.0,close,efficientnet,kernel_size-(11_11)_iterations-7,0.1617647111415863,0.4117647058823529,11,11,single,14.0,19.0,-0.0027475945509163324,4,"{0: 3, 1: 65, 3: 68, 6: 68}",2.102262258529663,0.1262135952711105,0.4960091412067413,0.0,0.0,2.081984043121338,0.1617647111415863,0.4994747638702392,0.0,0.0,0.6323529481887817,,,,(11,7.0,
27.0,close,efficientnet,kernel_size-(15_15)_iterations-1,0.1617647111415863,0.38235294117647056,14,14,single,14.0,19.0,-0.0027475945509163324,3,"{0: 68, 1: 68, 5: 68}",2.100947856903076,0.0922330096364021,0.4985507726669311,0.0,0.0,2.079390048980713,0.1617647111415863,0.5091757774353027,0.0,0.0,0.6323529481887817,,,,(15,1.0,
29.0,close,efficientnet,kernel_size-(15_15)_iterations-2,0.147058829665184,0.39705882352941174,5,5,single,16.0,21.0,-0.017453476027318643,4,"{0: 68, 1: 68, 5: 48, 6: 20}",2.1851677894592285,0.0728155374526977,0.4541763663291931,0.0,0.0,2.079709529876709,0.147058829665184,0.5303849577903748,0.0,0.0,0.6323529481887817,,,,(15,2.0,
30.0,close,efficientnet,kernel_size-(3_3)_iterations-1,0.1449275314807891,0.38235294117647056,14,14,single,17.0,22.0,-0.019584774211713535,3,"{3: 68, 5: 68, 6: 68}",2.0998189449310303,0.1067961156368255,0.4888016283512115,0.0,0.0,2.0803847312927246,0.1176470592617988,0.4968487322330475,0.0,0.0,0.6323529481887817,,,,(3,1.0,
25.0,close,efficientnet,kernel_size-(3_3)_iterations-2,0.1764705926179886,0.36764705882352944,12,12,single,12.0,17.0,0.01195828692548595,3,"{0: 68, 4: 68, 5: 68}",2.1369595527648926,0.1067961156368255,0.444711685180664,0.0,0.0,2.079953193664551,0.1764705926179886,0.5093920230865479,0.0,0.0,0.6470588445663452,,,,(3,2.0,
28.0,close,efficientnet,kernel_size-(3_3)_iterations-3,0.159420296549797,0.38235294117647056,11,11,single,15.0,20.0,-0.0050920091427056335,3,"{3: 68, 5: 68, 6: 68}",2.1095669269561768,0.116504855453968,0.4836863875389099,0.0,0.0,2.07980751991272,0.1323529481887817,0.5052521228790283,0.0,0.0,0.6323529481887817,,,,(3,3.0,
25.0,close,efficientnet,kernel_size-(3_3)_iterations-5,0.1764705926179886,0.4411764705882353,13,13,single,12.0,17.0,0.01195828692548595,4,"{0: 19, 2: 68, 3: 68, 5: 49}",2.1062283515930176,0.1359223276376724,0.4890574514865875,0.0,0.0,2.079324722290039,0.1323529481887817,0.5156172513961792,0.0,0.0,0.6470588445663452,,,,(3,5.0,
28.0,close,efficientnet,kernel_size-(3_3)_iterations-7,0.159420296549797,0.36764705882352944,9,9,single,15.0,20.0,-0.0050920091427056335,3,"{0: 68, 1: 68, 6: 68}",2.107182025909424,0.1262135952711105,0.484152615070343,0.0,0.0,2.0820467472076416,0.1176470592617988,0.4968487620353699,0.0,0.0,0.6176470518112183,,,,(3,7.0,
27.0,close,efficientnet,kernel_size-(5_5)_iterations-1,0.1617647111415863,0.38235294117647056,8,8,single,14.0,19.0,-0.0027475945509163324,3,"{0: 68, 1: 68, 2: 68}",2.094309568405152,0.1553398072719574,0.5260896682739258,0.0,0.0,2.08300518989563,0.1176470592617988,0.501822829246521,0.0,0.0,0.6323529481887817,,,,(5,1.0,
23.0,close,efficientnet,kernel_size-(5_5)_iterations-2,0.1911764740943908,0.38235294117647056,4,4,single,10.0,15.0,0.026664168401888177,5,"{1: 1, 2: 66, 3: 68, 5: 1, 6: 68}",2.1376402378082275,0.1067961156368255,0.4845885336399078,0.0,0.0,2.083767890930176,0.1323529481887817,0.4909787476062774,0.0,0.0,0.6029411554336548,,,,(5,2.0,
20.0,close,efficientnet,kernel_size-(5_5)_iterations-3,0.2173912972211837,0.39705882352941174,1,1,single,7.0,12.0,0.05287899152868106,3,"{1: 68, 2: 68, 3: 68}",2.2459940910339355,0.1407766938209533,0.4352049231529236,0.0,0.0,2.0845205783843994,0.1323529481887817,0.5014211535453796,0.0,0.0,0.6176470518112183,,,,(5,3.0,
29.0,close,efficientnet,kernel_size-(5_5)_iterations-5,0.147058829665184,0.38235294117647056,9,9,single,16.0,21.0,-0.017453476027318643,3,"{0: 68, 1: 68, 3: 68}",2.0801644325256348,0.1650485396385193,0.5350830554962158,0.0,0.0,2.08105206489563,0.1176470592617988,0.4905462265014648,0.0,0.0,0.6176470518112183,,,,(5,5.0,
28.0,close,efficientnet,kernel_size-(5_5)_iterations-7,0.159420296549797,0.38235294117647056,4,4,single,15.0,20.0,-0.0050920091427056335,3,"{1: 68, 3: 68, 6: 68}",2.088610410690308,0.116504855453968,0.5382576584815979,0.0,0.0,2.0802764892578125,0.1323529481887817,0.5027187466621399,0.0,0.0,0.6323529481887817,,,,(5,7.0,
27.0,close,efficientnet,kernel_size-(9_9)_iterations-1,0.1617647111415863,0.4411764705882353,1,1,single,14.0,19.0,-0.0027475945509163324,4,"{0: 15, 1: 53, 2: 68, 5: 68}",2.1867473125457764,0.0873786434531211,0.4628701508045196,0.0,0.0,2.0845730304718018,0.1176470592617988,0.4894803464412689,0.0,0.0,0.6176470518112183,,,,(9,1.0,
22.0,close,efficientnet,kernel_size-(9_9)_iterations-2,0.2028985470533371,0.36764705882352944,4,4,single,9.0,14.0,0.03838624136083446,3,"{2: 68, 4: 68, 6: 68}",2.143129348754883,0.116504855453968,0.4764199554920196,0.0,0.0,2.0819754600524902,0.1323529481887817,0.5034138560295105,0.0,0.0,0.6323529481887817,,,,(9,2.0,
28.0,close,efficientnet,kernel_size-(9_9)_iterations-3,0.159420296549797,0.38235294117647056,2,2,single,15.0,20.0,-0.0050920091427056335,3,"{1: 68, 5: 68, 6: 68}",2.2025904655456543,0.097087375819683,0.455745130777359,0.0,0.0,2.0826518535614014,0.1176470592617988,0.4868388772010803,0.0,0.0,0.5882353186607361,,,,(9,3.0,
26.0,close,efficientnet,kernel_size-(9_9)_iterations-5,0.1739130467176437,0.36764705882352944,6,6,single,13.0,18.0,0.009400741025141074,4,"{1: 50, 4: 68, 5: 18, 6: 68}",2.1282143592834477,0.1116504818201065,0.4968827068805694,0.0,0.0,2.0801258087158203,0.147058829665184,0.5042016506195068,0.0,0.0,0.6323529481887817,,,,(9,5.0,
25.0,close,efficientnet,kernel_size-(9_9)_iterations-7,0.1764705926179886,0.38235294117647056,12,12,single,12.0,17.0,0.01195828692548595,3,"{0: 68, 1: 68, 2: 68}",2.082602262496948,0.1359223276376724,0.5336759090423584,0.0,0.0,2.080031156539917,0.1764705926179886,0.4951649904251098,0.0,0.0,0.6176470518112183,,,,(9,7.0,
9.0,close,inception,kernel_size-(11_11)_iterations-1,0.294117659330368,0.39705882352941174,14,14,single,8.0,2.0,0.04338188891767697,8,"{0: 23, 1: 33, 2: 10, 3: 31, 4: 31, 5: 38, 6: 25, 7: 13}",1.9303845167160036,0.2815533876419067,0.6828585267066956,0.4117647111415863,0.0339805819094181,2.059798240661621,0.0882352963089943,0.560955286026001,0.0,0.0,0.6764705777168274,,,,(11,1.0,
17.0,close,inception,kernel_size-(11_11)_iterations-2,0.2352941185235977,0.5147058823529411,8,8,single,16.0,9.0,-0.015441651889093327,8,"{0: 35, 1: 26, 2: 15, 3: 21, 4: 42, 5: 28, 6: 24, 7: 13}",2.1213834285736084,0.252427190542221,0.6152558922767639,0.2800000011920929,0.0339805819094181,2.040811777114868,0.2352941185235977,0.5842189788818359,0.0,0.0,0.6764705777168274,,,,(11,2.0,
18.0,close,inception,kernel_size-(11_11)_iterations-3,0.2318840622901916,0.39705882352941174,15,15,single,17.0,10.0,-0.018851708122499422,8,"{0: 24, 1: 30, 2: 13, 3: 11, 4: 26, 5: 47, 6: 45, 7: 8}",1.9096057415008545,0.2815533876419067,0.6954001188278198,0.5,0.0242718439549207,2.0857908725738525,0.1764705926179886,0.5602755546569824,0.0,0.0,0.6911764740943909,,,,(11,3.0,
24.0,close,inception,kernel_size-(11_11)_iterations-5,0.1884057968854904,0.4411764705882353,14,14,single,23.0,16.0,-0.06232997352720063,8,"{0: 40, 1: 25, 2: 10, 3: 24, 4: 24, 5: 31, 6: 21, 7: 29}",1.8480957746505735,0.3543689250946045,0.7126059532165527,0.5555555820465088,0.0485436879098415,2.088933229446411,0.1617647111415863,0.5451217293739319,0.0,0.0,0.720588207244873,,,,(11,5.0,
16.0,close,inception,kernel_size-(11_11)_iterations-7,0.2463768124580383,0.4411764705882353,14,14,single,15.0,8.0,-0.004358957954652715,8,"{0: 26, 1: 13, 2: 36, 3: 16, 4: 22, 5: 44, 6: 34, 7: 13}",1.8284624814987185,0.2864077687263489,0.7281957864761353,0.5714285969734192,0.058252427726984,2.108154296875,0.1911764740943908,0.546589195728302,0.0,0.0,0.7058823704719543,,,,(11,7.0,
12.0,close,inception,kernel_size-(15_15)_iterations-1,0.2753623127937317,0.45588235294117646,11,11,single,11.0,4.0,0.024626542381040673,8,"{0: 26, 1: 18, 2: 33, 3: 27, 4: 26, 5: 29, 6: 30, 7: 15}",1.9184837341308596,0.223300963640213,0.6823922395706177,0.523809552192688,0.0533980578184127,2.033940315246582,0.1764705926179886,0.5975191593170166,0.0,0.0,0.6617646813392639,,,,(15,1.0,
16.0,close,inception,kernel_size-(15_15)_iterations-2,0.2463768124580383,0.4117647058823529,9,9,single,15.0,8.0,-0.004358957954652715,8,"{0: 21, 1: 14, 2: 32, 3: 13, 4: 40, 5: 31, 6: 17, 7: 36}",2.093181610107422,0.218446597456932,0.6177504658699036,0.125,0.0097087379544973,2.0405497550964355,0.1764705926179886,0.5900116562843323,0.0,0.0,0.7647058963775635,,,,(15,2.0,
19.0,close,inception,kernel_size-(3_3)_iterations-1,0.2205882370471954,0.5147058823529411,9,9,single,18.0,11.0,-0.03014753336549561,8,"{0: 9, 1: 12, 2: 30, 3: 22, 4: 26, 5: 26, 6: 48, 7: 31}",2.007588148117065,0.223300963640213,0.6564339399337769,0.2727272808551788,0.029126213863492,2.033768653869629,0.1617647111415863,0.5953873991966248,0.0,0.0,0.7352941036224365,,,,(3,1.0,
15.0,close,inception,kernel_size-(3_3)_iterations-2,0.25,0.5147058823529411,10,10,single,14.0,7.0,-0.000735770412691017,8,"{0: 19, 1: 27, 2: 16, 3: 23, 4: 24, 5: 30, 6: 37, 7: 28}",1.9940522909164429,0.2621359229087829,0.6506049633026123,0.5,0.0388349518179893,2.018355131149292,0.25,0.6072818040847778,0.0,0.0,0.720588207244873,,,,(3,2.0,
10.0,close,inception,kernel_size-(3_3)_iterations-3,0.2898550629615783,0.5147058823529411,14,14,single,9.0,3.0,0.0391192925488873,8,"{0: 17, 1: 19, 2: 22, 3: 37, 4: 46, 5: 25, 6: 14, 7: 24}",1.849936962127685,0.3349514603614807,0.7151761054992676,0.4666666686534881,0.0339805819094181,1.9931111335754397,0.2205882370471954,0.6551223397254944,0.0,0.0,0.7647058963775635,,,,(3,3.0,
16.0,close,inception,kernel_size-(3_3)_iterations-5,0.2463768124580383,0.4852941176470588,8,8,single,15.0,8.0,-0.004358957954652715,8,"{0: 22, 1: 3, 2: 30, 3: 47, 4: 21, 5: 34, 6: 26, 7: 21}",2.026051521301269,0.2281553447246551,0.6536734104156494,0.2352941185235977,0.0194174759089946,2.010648250579834,0.2205882370471954,0.6135072112083435,0.0,0.0,0.6764705777168274,,,,(3,5.0,
18.0,close,inception,kernel_size-(3_3)_iterations-7,0.2318840622901916,0.5147058823529411,14,14,single,17.0,10.0,-0.018851708122499422,8,"{0: 18, 1: 23, 2: 28, 3: 19, 4: 30, 5: 31, 6: 24, 7: 31}",1.8284224271774288,0.3155339658260345,0.7169080972671509,0.5555555820465088,0.0485436879098415,2.029827117919922,0.1764705926179886,0.6052737236022949,0.0,0.0,0.6911764740943909,,,,(3,7.0,
13.0,close,inception,kernel_size-(5_5)_iterations-1,0.2647058963775635,0.5294117647058824,14,14,single,12.0,5.0,0.01397012596487246,8,"{0: 43, 1: 11, 2: 13, 3: 39, 4: 31, 5: 24, 6: 27, 7: 16}",1.8356772661209104,0.3009708821773529,0.7205826044082642,0.5600000023841858,0.0679611638188362,1.9981391429901123,0.2647058963775635,0.6225284337997437,0.0,0.0,0.6470588445663452,,,,(5,1.0,
13.0,close,inception,kernel_size-(5_5)_iterations-2,0.2647058963775635,0.4411764705882353,9,9,single,12.0,5.0,0.01397012596487246,8,"{0: 15, 1: 43, 2: 25, 3: 37, 4: 31, 5: 8, 6: 20, 7: 25}",2.0341603755950928,0.2621359229087829,0.6487163305282593,0.25,0.0194174759089946,2.0939598083496094,0.1323529481887817,0.5200197696685791,0.0,0.0,0.5735294222831726,,,,(5,2.0,
15.0,close,inception,kernel_size-(5_5)_iterations-3,0.25,0.47058823529411764,14,14,single,14.0,7.0,-0.000735770412691017,8,"{0: 25, 1: 17, 2: 24, 3: 28, 4: 26, 5: 39, 6: 25, 7: 20}",1.7556990385055542,0.3398058116436004,0.7533765435218811,0.5,0.058252427726984,2.0399656295776367,0.25,0.5875710248947144,0.0,0.0,0.7058823704719543,,,,(5,3.0,
19.0,close,inception,kernel_size-(5_5)_iterations-5,0.2205882370471954,0.4852941176470588,12,12,single,18.0,11.0,-0.03014753336549561,8,"{0: 16, 1: 20, 2: 36, 3: 30, 4: 27, 5: 23, 6: 40, 7: 12}",1.985721230506897,0.2718446552753448,0.6556882858276367,0.4210526347160339,0.0388349518179893,2.030221939086914,0.2205882370471954,0.6033119559288025,0.0,0.0,0.720588207244873,,,,(5,5.0,
17.0,close,inception,kernel_size-(5_5)_iterations-7,0.2352941185235977,0.45588235294117646,10,10,single,16.0,9.0,-0.015441651889093327,8,"{0: 22, 1: 30, 2: 26, 3: 17, 4: 31, 5: 42, 6: 17, 7: 19}",1.997257113456726,0.2330097109079361,0.6581305861473083,0.4210526347160339,0.0388349518179893,2.072837829589844,0.2352941185235977,0.5573405623435974,0.0,0.0,0.6617646813392639,,,,(5,7.0,
16.0,close,inception,kernel_size-(9_9)_iterations-1,0.2463768124580383,0.47058823529411764,4,4,single,15.0,8.0,-0.004358957954652715,8,"{0: 31, 1: 42, 2: 13, 3: 28, 4: 23, 5: 24, 6: 21, 7: 22}",2.3934876918792725,0.1262135952711105,0.5641234517097473,0.2105263173580169,0.0388349518179893,2.098232746124268,0.1176470592617988,0.53798508644104,0.0,0.0,0.6617646813392639,,,,(9,1.0,
16.0,close,inception,kernel_size-(9_9)_iterations-2,0.2463768124580383,0.5,14,14,single,15.0,8.0,-0.004358957954652715,8,"{0: 24, 1: 22, 2: 30, 3: 25, 4: 21, 5: 34, 6: 24, 7: 24}",1.7944331169128418,0.3543689250946045,0.7395574450492859,0.5,0.0388349518179893,2.031419277191162,0.2352941185235977,0.585006833076477,0.0,0.0,0.6911764740943909,,,,(9,2.0,
17.0,close,inception,kernel_size-(9_9)_iterations-3,0.2352941185235977,0.36764705882352944,13,13,single,16.0,9.0,-0.015441651889093327,8,"{0: 11, 1: 18, 2: 8, 3: 34, 4: 20, 5: 50, 6: 28, 7: 35}",1.930023193359375,0.2669903039932251,0.6689755320549011,0.6153846383094788,0.0388349518179893,2.0817267894744877,0.1911764740943908,0.5250710844993591,0.0,0.0,0.6029411554336548,,,,(9,3.0,
17.0,close,inception,kernel_size-(9_9)_iterations-5,0.2352941185235977,0.45588235294117646,11,11,single,16.0,9.0,-0.015441651889093327,8,"{0: 41, 1: 6, 2: 28, 3: 20, 4: 28, 5: 34, 6: 28, 7: 19}",1.9514386653900144,0.2087378650903701,0.6741344928741455,0.6428571343421936,0.0436893217265605,2.0466041564941406,0.2352941185235977,0.569621205329895,0.0,0.0,0.6470588445663452,,,,(9,5.0,
23.0,close,inception,kernel_size-(9_9)_iterations-7,0.1911764740943908,0.45588235294117646,2,2,single,22.0,15.0,-0.0595592963183002,8,"{0: 31, 1: 30, 2: 29, 3: 14, 4: 21, 5: 37, 6: 21, 7: 21}",2.7116944789886475,0.1116504818201065,0.5075070858001709,0.1964285671710968,0.0533980578184127,2.1992297172546387,0.1617647111415863,0.4776167869567871,0.0,0.0,0.5588235259056091,,,,(9,7.0,
21.0,close,mobilenetv3,kernel_size-(11_11)_iterations-1,0.2058823555707931,0.39705882352941174,7,7,single,9.0,13.0,0.022660878196263723,4,"{2: 60, 3: 68, 6: 68, 7: 8}",2.1846163272857666,0.1019417494535446,0.4949672222137451,0.0,0.0,2.091118097305298,0.1176470592617988,0.512697696685791,0.0,0.0,0.6323529481887817,,,,(11,1.0,
20.0,close,mobilenetv3,kernel_size-(11_11)_iterations-2,0.2173912972211837,0.35294117647058826,5,5,single,8.0,12.0,0.03416981984665432,4,"{0: 55, 2: 68, 5: 13, 6: 68}",2.1298375129699707,0.1359223276376724,0.5375455617904663,0.0,0.0,2.0869140625,0.1764705926179886,0.4951186180114746,0.0,0.0,0.6323529481887817,,,,(11,2.0,
25.0,close,mobilenetv3,kernel_size-(11_11)_iterations-3,0.1764705926179886,0.39705882352941174,1,1,single,13.0,17.0,-0.006750884756540787,6,"{0: 3, 2: 65, 3: 11, 5: 68, 6: 56, 7: 1}",2.301870584487915,0.1504854410886764,0.5056033730506897,0.0,0.0,2.14082407951355,0.1617647111415863,0.4897738099098205,0.0,0.0,0.6176470518112183,,,,(11,3.0,
27.0,close,mobilenetv3,kernel_size-(11_11)_iterations-5,0.1617647111415863,0.38235294117647056,13,13,single,15.0,19.0,-0.02145676623294307,4,"{2: 68, 3: 62, 4: 6, 6: 68}",2.1399056911468506,0.0873786434531211,0.5141271948814392,0.0,0.0,2.0785152912139893,0.1617647111415863,0.5286239385604858,0.0,0.0,0.6470588445663452,,,,(11,5.0,
22.0,close,mobilenetv3,kernel_size-(11_11)_iterations-7,0.2028985470533371,0.4264705882352941,12,12,single,10.0,14.0,0.019677069678807724,4,"{3: 68, 4: 22, 5: 68, 6: 46}",2.209967613220215,0.1310679614543914,0.4643816649913788,0.0,0.0,2.083217144012451,0.147058829665184,0.5092684030532837,0.0,0.0,0.6176470518112183,,,,(11,7.0,
25.0,close,mobilenetv3,kernel_size-(15_15)_iterations-1,0.1764705926179886,0.38235294117647056,5,5,single,13.0,17.0,-0.006750884756540787,6,"{0: 68, 1: 12, 2: 1, 3: 54, 5: 3, 6: 66}",2.193997859954834,0.1213592216372489,0.4908601641654968,0.0,0.0,2.08118200302124,0.1764705926179886,0.5154319405555725,0.0,0.0,0.6176470518112183,,,,(15,1.0,
21.0,close,mobilenetv3,kernel_size-(15_15)_iterations-2,0.2058823555707931,0.35294117647058826,12,12,single,9.0,13.0,0.022660878196263723,5,"{0: 68, 2: 1, 5: 1, 6: 66, 7: 68}",2.1766445636749268,0.1650485396385193,0.4974751770496368,0.0,0.0,2.08125901222229,0.2058823555707931,0.4925234615802765,0.0,0.0,0.6176470518112183,,,,(15,2.0,
24.0,close,mobilenetv3,kernel_size-(3_3)_iterations-1,0.1884057968854904,0.39705882352941174,3,3,single,12.0,16.0,0.005184319510961016,6,"{1: 65, 2: 68, 4: 2, 5: 1, 6: 66, 7: 2}",2.153904676437378,0.1747572869062423,0.5461181998252869,0.0,0.0,2.089768171310425,0.1176470592617988,0.4743728637695312,0.0,0.0,0.5882353186607361,,,,(3,1.0,
21.0,close,mobilenetv3,kernel_size-(3_3)_iterations-2,0.2058823555707931,0.36764705882352944,13,13,single,9.0,13.0,0.022660878196263723,5,"{0: 68, 2: 9, 3: 68, 5: 1, 6: 58}",2.1180853843688965,0.1359223276376724,0.5201765894889832,0.0,0.0,2.086597204208374,0.1323529481887817,0.4915966093540191,0.0,0.0,0.6617646813392639,,,,(3,2.0,
17.0,close,mobilenetv3,kernel_size-(3_3)_iterations-3,0.2352941185235977,0.36764705882352944,13,13,single,5.0,9.0,0.052072641149068316,3,"{0: 68, 3: 68, 6: 68}",2.15665602684021,0.116504855453968,0.5138073563575745,0.0,0.0,2.0942163467407227,0.073529414832592,0.5050976872444153,0.0,0.0,0.6176470518112183,,,,(3,3.0,
27.0,close,mobilenetv3,kernel_size-(3_3)_iterations-5,0.1617647111415863,0.4411764705882353,3,3,single,15.0,19.0,-0.02145676623294307,4,"{0: 24, 2: 46, 5: 68, 6: 66}",2.2389395236968994,0.1067961156368255,0.4700894355773926,0.5,0.0048543689772486,2.083579540252685,0.1029411777853965,0.5060244798660278,0.0,0.0,0.6323529481887817,,,,(3,5.0,
24.0,close,mobilenetv3,kernel_size-(3_3)_iterations-7,0.1884057968854904,0.36764705882352944,15,15,single,12.0,16.0,0.005184319510961016,4,"{0: 62, 1: 67, 2: 12, 6: 63}",2.166377067565918,0.1213592216372489,0.4818432629108429,0.0,0.0,2.088021993637085,0.1323529481887817,0.5107668042182922,0.0,0.0,0.6911764740943909,,,,(3,7.0,
27.0,close,mobilenetv3,kernel_size-(5_5)_iterations-1,0.1617647111415863,0.39705882352941174,8,8,single,15.0,19.0,-0.02145676623294307,5,"{2: 54, 3: 68, 5: 68, 6: 10, 7: 4}",2.1496388912200928,0.1747572869062423,0.5282930135726929,0.0,0.0,2.0775787830352783,0.1323529481887817,0.5063952207565308,0.0,0.0,0.6323529481887817,,,,(5,1.0,
26.0,close,mobilenetv3,kernel_size-(5_5)_iterations-2,0.1739130467176437,0.36764705882352944,8,8,single,14.0,18.0,-0.009308430656885663,5,"{0: 60, 1: 68, 2: 5, 3: 68, 5: 3}",2.181753158569336,0.1262135952711105,0.4996128678321838,0.0,0.0,2.08217191696167,0.147058829665184,0.4980536103248596,0.0,0.0,0.6323529481887817,,,,(5,2.0,
25.0,close,mobilenetv3,kernel_size-(5_5)_iterations-3,0.1764705926179886,0.36764705882352944,8,8,single,13.0,17.0,-0.006750884756540787,5,"{0: 68, 1: 67, 5: 1, 6: 66, 7: 2}",2.1424708366394043,0.1504854410886764,0.5214272737503052,0.0,0.0,2.095741271972656,0.1764705926179886,0.496663361787796,0.0,0.0,0.6176470518112183,,,,(5,3.0,
25.0,close,mobilenetv3,kernel_size-(5_5)_iterations-5,0.1764705926179886,0.4117647058823529,9,9,single,13.0,17.0,-0.006750884756540787,6,"{1: 23, 2: 12, 3: 39, 4: 1, 5: 68, 6: 61}",2.209962844848633,0.1310679614543914,0.4637858271598816,0.0,0.0,2.0772738456726074,0.1323529481887817,0.5162197351455688,0.0,0.0,0.6617646813392639,,,,(5,5.0,
23.0,close,mobilenetv3,kernel_size-(5_5)_iterations-7,0.1911764740943908,0.39705882352941174,2,2,single,11.0,15.0,0.00795499671986144,4,"{0: 4, 4: 67, 5: 66, 7: 67}",2.1952555179595947,0.1601941734552383,0.5447194576263428,0.25,0.0097087379544973,2.093352794647217,0.1911764740943908,0.5173782706260681,0.0,0.0,0.6323529481887817,,,,(5,7.0,
21.0,close,mobilenetv3,kernel_size-(9_9)_iterations-1,0.2058823555707931,0.38235294117647056,8,8,single,9.0,13.0,0.022660878196263723,5,"{0: 31, 1: 1, 3: 68, 4: 36, 5: 68}",2.123182773590088,0.1553398072719574,0.5386026501655579,0.0,0.0,2.083566665649414,0.0882352963089943,0.5036455392837524,0.0,0.0,0.6617646813392639,,,,(9,1.0,
20.0,close,mobilenetv3,kernel_size-(9_9)_iterations-2,0.2173912972211837,0.4264705882352941,8,8,single,8.0,12.0,0.03416981984665432,5,"{1: 64, 2: 3, 3: 44, 6: 68, 7: 25}",2.1464548110961914,0.1504854410886764,0.5014357566833496,0.0,0.0,2.0782124996185303,0.1176470592617988,0.5076619386672974,0.0,0.0,0.6029411554336548,,,,(9,2.0,
23.0,close,mobilenetv3,kernel_size-(9_9)_iterations-3,0.1911764740943908,0.3382352941176471,15,15,single,11.0,15.0,0.00795499671986144,4,"{0: 68, 1: 67, 2: 49, 7: 20}",2.165314197540283,0.116504855453968,0.4754638671875,0.0,0.0,2.084641695022583,0.1911764740943908,0.5101335048675537,0.0,0.0,0.6323529481887817,,,,(9,3.0,
25.0,close,mobilenetv3,kernel_size-(9_9)_iterations-5,0.1764705926179886,0.4117647058823529,1,1,single,13.0,17.0,-0.006750884756540787,4,"{0: 10, 5: 66, 6: 66, 7: 62}",2.343933343887329,0.1262135952711105,0.4916428625583648,0.0909090936183929,0.0048543689772486,2.12073278427124,0.1764705926179886,0.5108749270439148,0.0,0.0,0.6323529481887817,,,,(9,5.0,
25.0,close,mobilenetv3,kernel_size-(9_9)_iterations-7,0.1764705926179886,0.4264705882352941,9,9,single,13.0,17.0,-0.006750884756540787,4,"{0: 68, 1: 7, 2: 61, 5: 68}",2.16202712059021,0.097087375819683,0.5127216577529907,0.0,0.0,2.082516670227051,0.1323529481887817,0.5252718925476074,0.0,0.0,0.6617646813392639,,,,(9,7.0,
18.0,close,nasnet,kernel_size-(11_11)_iterations-1,0.2318840622901916,0.5147058823529411,4,4,single,13.0,10.0,-0.0012841986812603678,8,"{0: 33, 1: 21, 2: 39, 3: 34, 4: 16, 5: 30, 6: 14, 7: 17}",2.2346677780151367,0.1067961156368255,0.5532684922218323,0.3333333432674408,0.0097087379544973,2.05027437210083,0.1764705926179886,0.6037753224372864,0.0,0.0,0.779411792755127,,,,(11,1.0,
24.0,close,nasnet,kernel_size-(11_11)_iterations-2,0.1884057968854904,0.4117647058823529,9,9,single,19.0,16.0,-0.04476246408596157,8,"{0: 35, 1: 34, 2: 16, 3: 40, 4: 15, 5: 27, 6: 25, 7: 12}",2.0935518741607666,0.1553398072719574,0.5845020413398743,0.0,0.0,2.082224607467652,0.147058829665184,0.5213328003883362,0.0,0.0,0.6617646813392639,,,,(11,2.0,
23.0,close,nasnet,kernel_size-(11_11)_iterations-3,0.1911764740943908,0.36764705882352944,14,14,single,18.0,15.0,-0.04199178687706115,8,"{0: 30, 1: 38, 2: 30, 3: 26, 4: 8, 5: 21, 6: 32, 7: 19}",1.95067298412323,0.252427190542221,0.6636986136436462,0.0,0.0,2.100675106048584,0.1323529481887817,0.5151538848876953,0.0,0.0,0.6764705777168274,,,,(11,3.0,
18.0,close,nasnet,kernel_size-(11_11)_iterations-5,0.2318840622901916,0.3235294117647059,6,6,single,13.0,10.0,-0.0012841986812603678,8,"{0: 23, 1: 26, 2: 41, 3: 19, 4: 29, 5: 24, 6: 27, 7: 15}",2.186537742614746,0.1553398072719574,0.5532465577125549,0.0,0.0,2.132894515991211,0.147058829665184,0.4719012677669525,0.0,0.0,0.5735294222831726,,,,(11,5.0,
21.0,close,nasnet,kernel_size-(11_11)_iterations-7,0.2058823555707931,0.4117647058823529,14,14,single,16.0,13.0,-0.027285905400658866,8,"{0: 19, 1: 28, 2: 39, 3: 15, 4: 24, 5: 37, 6: 32, 7: 10}",1.927202224731445,0.2815533876419067,0.6707074642181396,0.3333333432674408,0.0048543689772486,2.053596973419189,0.1617647111415863,0.5675512552261353,0.0,0.0,0.6764705777168274,,,,(11,7.0,
12.0,close,nasnet,kernel_size-(15_15)_iterations-1,0.2753623127937317,0.45588235294117646,11,11,single,7.0,4.0,0.04219405182227973,8,"{0: 38, 1: 27, 2: 22, 3: 9, 4: 20, 5: 45, 6: 27, 7: 16}",1.9440926313400269,0.2475728094577789,0.664466142654419,1.0,0.0097087379544973,2.118253469467163,0.1911764740943908,0.5245612859725952,0.0,0.0,0.6029411554336548,,,,(15,1.0,
17.0,close,nasnet,kernel_size-(15_15)_iterations-2,0.2352941185235977,0.35294117647058826,8,8,single,12.0,9.0,0.002125857552145727,8,"{0: 31, 1: 18, 2: 32, 3: 31, 4: 27, 5: 32, 6: 19, 7: 14}",2.0603904724121094,0.1747572869062423,0.6110074520111084,0.0,0.0,2.1473679542541504,0.0882352963089943,0.460238516330719,0.0,0.0,0.5882353186607361,,,,(15,2.0,
16.0,close,nasnet,kernel_size-(3_3)_iterations-1,0.2463768124580383,0.4117647058823529,15,15,single,11.0,8.0,0.01320855148658634,8,"{0: 36, 1: 5, 2: 42, 3: 24, 4: 25, 5: 23, 6: 32, 7: 17}",1.9419840574264529,0.2815533876419067,0.6737725734710693,0.5,0.0048543689772486,2.049550294876098,0.147058829665184,0.5725253224372864,0.0,0.0,0.7352941036224365,,,,(3,1.0,
17.0,close,nasnet,kernel_size-(3_3)_iterations-2,0.2352941185235977,0.45588235294117646,15,15,single,12.0,9.0,0.002125857552145727,8,"{0: 27, 1: 15, 2: 32, 3: 26, 4: 23, 5: 19, 6: 40, 7: 22}",1.9155004024505613,0.2718446552753448,0.6770043969154358,0.6666666865348816,0.0097087379544973,2.021332263946533,0.2352941185235977,0.6127193570137024,0.0,0.0,0.7647058963775635,,,,(3,2.0,
21.0,close,nasnet,kernel_size-(3_3)_iterations-3,0.2058823555707931,0.4264705882352941,11,11,single,16.0,13.0,-0.027285905400658866,8,"{0: 31, 1: 27, 2: 42, 3: 25, 4: 19, 5: 22, 6: 25, 7: 13}",2.047024965286255,0.218446597456932,0.6171730756759644,0.25,0.0048543689772486,2.070154190063477,0.2058823555707931,0.5497559309005737,0.0,0.0,0.6323529481887817,,,,(3,3.0,
8.0,close,nasnet,kernel_size-(3_3)_iterations-5,0.304347813129425,0.4852941176470588,12,12,single,3.0,1.0,0.07117955215797303,8,"{0: 45, 1: 35, 2: 24, 3: 22, 4: 21, 5: 18, 6: 28, 7: 11}",1.925820231437683,0.2718446552753448,0.6750181913375854,1.0,0.0242718439549207,2.0785491466522217,0.147058829665184,0.552737295627594,0.0,0.0,0.6911764740943909,,,,(3,5.0,
21.0,close,nasnet,kernel_size-(3_3)_iterations-7,0.2058823555707931,0.39705882352941174,13,13,single,16.0,13.0,-0.027285905400658866,8,"{0: 27, 1: 23, 2: 46, 3: 27, 4: 15, 5: 31, 6: 23, 7: 12}",1.9785622358322144,0.2330097109079361,0.6527022123336792,0.0,0.0,2.056580066680908,0.2058823555707931,0.556398332118988,0.0,0.0,0.6764705777168274,,,,(3,7.0,
14.0,close,nasnet,kernel_size-(5_5)_iterations-1,0.260869562625885,0.4411764705882353,14,14,single,9.0,6.0,0.027701301654433047,8,"{0: 46, 1: 26, 2: 30, 3: 35, 4: 22, 5: 9, 6: 23, 7: 13}",1.897868633270264,0.2330097109079361,0.6925235390663147,0.75,0.014563106931746,2.028542995452881,0.1176470592617988,0.6034663915634155,0.0,0.0,0.7352941036224365,,,,(5,1.0,
19.0,close,nasnet,kernel_size-(5_5)_iterations-2,0.2205882370471954,0.4117647058823529,14,14,single,14.0,11.0,-0.012580023924256556,8,"{0: 23, 1: 36, 2: 26, 3: 27, 4: 18, 5: 26, 6: 22, 7: 26}",1.8733863830566408,0.2718446552753448,0.7056323885917664,0.375,0.014563106931746,2.0558578968048096,0.2205882370471954,0.568601667881012,0.0,0.0,0.7352941036224365,,,,(5,2.0,
13.0,close,nasnet,kernel_size-(5_5)_iterations-3,0.2647058963775635,0.5147058823529411,14,14,single,8.0,5.0,0.031537635406111514,8,"{0: 32, 1: 15, 2: 32, 3: 22, 4: 20, 5: 38, 6: 33, 7: 12}",1.9189331531524656,0.3009708821773529,0.6809818148612976,0.5,0.0097087379544973,2.026464462280273,0.2647058963775635,0.6083477139472961,0.0,0.0,0.7352941036224365,,,,(5,3.0,
20.0,close,nasnet,kernel_size-(5_5)_iterations-5,0.2173912972211837,0.47058823529411764,10,10,single,15.0,12.0,-0.01577696375026827,8,"{0: 32, 1: 38, 2: 35, 3: 30, 4: 14, 5: 27, 6: 14, 7: 14}",2.0173280239105225,0.218446597456932,0.6332021951675415,0.25,0.0048543689772486,2.075270652770996,0.1764705926179886,0.533072829246521,0.0,0.0,0.6764705777168274,,,,(5,5.0,
19.0,close,nasnet,kernel_size-(5_5)_iterations-7,0.2205882370471954,0.4264705882352941,9,9,single,14.0,11.0,-0.012580023924256556,8,"{0: 27, 1: 7, 2: 14, 3: 37, 4: 20, 5: 33, 6: 36, 7: 30}",2.055941343307495,0.1941747516393661,0.605059027671814,0.0,0.0,2.0593929290771484,0.147058829665184,0.5593332648277283,0.0,0.0,0.720588207244873,,,,(5,7.0,
12.0,close,nasnet,kernel_size-(9_9)_iterations-1,0.2753623127937317,0.4411764705882353,9,9,single,7.0,4.0,0.04219405182227973,8,"{0: 24, 1: 21, 2: 16, 3: 44, 4: 22, 5: 29, 6: 16, 7: 32}",2.02266263961792,0.2087378650903701,0.6212363839149475,1.0,0.0097087379544973,2.124471426010132,0.1176470592617988,0.5023016333580017,0.0,0.0,0.5882353186607361,,,,(9,1.0,
17.0,close,nasnet,kernel_size-(9_9)_iterations-2,0.2352941185235977,0.4411764705882353,11,11,single,12.0,9.0,0.002125857552145727,8,"{0: 26, 1: 22, 2: 33, 3: 18, 4: 23, 5: 42, 6: 25, 7: 15}",2.091977834701538,0.223300963640213,0.5727313756942749,1.0,0.0048543689772486,2.061279773712158,0.2352941185235977,0.5497559309005737,0.0,0.0,0.6617646813392639,,,,(9,2.0,
15.0,close,nasnet,kernel_size-(9_9)_iterations-3,0.25,0.5,10,10,single,10.0,7.0,0.016831739028548037,8,"{0: 19, 1: 21, 2: 42, 3: 26, 4: 22, 5: 28, 6: 34, 7: 12}",1.9614416360855105,0.218446597456932,0.6547237038612366,0.5,0.0097087379544973,2.041479110717773,0.25,0.5843889117240906,0.0,0.0,0.7058823704719543,,,,(9,3.0,
17.0,close,nasnet,kernel_size-(9_9)_iterations-5,0.2352941185235977,0.5,11,11,single,12.0,9.0,0.002125857552145727,8,"{0: 33, 1: 21, 2: 27, 3: 28, 4: 11, 5: 31, 6: 25, 7: 28}",1.93866229057312,0.252427190542221,0.6730084419250488,0.0,0.0,2.044638633728028,0.2352941185235977,0.5869840383529663,0.0,0.0,0.6911764740943909,,,,(9,5.0,
22.0,close,nasnet,kernel_size-(9_9)_iterations-7,0.2028985470533371,0.4411764705882353,13,13,single,17.0,14.0,-0.030269713918114866,8,"{0: 28, 1: 23, 2: 26, 3: 21, 4: 23, 5: 33, 6: 24, 7: 26}",1.9820308685302732,0.2038834989070892,0.6536329388618469,0.25,0.0048543689772486,2.1307339668273926,0.1029411777853965,0.4900209903717041,0.0,0.0,0.6029411554336548,,,,(9,7.0,
26.0,close,resnet,kernel_size-(11_11)_iterations-1,0.1739130467176437,0.36764705882352944,9,9,single,13.0,18.0,-0.0004905340217408738,3,"{0: 68, 4: 68, 5: 68}",2.442091703414917,0.116504855453968,0.4882057905197143,0.1333333402872085,0.0097087379544973,2.087871789932251,0.1176470592617988,0.513655424118042,0.0,0.0,0.6617646813392639,,,,(11,1.0,
26.0,close,resnet,kernel_size-(11_11)_iterations-2,0.1739130467176437,0.38235294117647056,9,9,single,13.0,18.0,-0.0004905340217408738,4,"{0: 68, 5: 68, 6: 4, 7: 64}",2.3775594234466557,0.1262135952711105,0.5077157616615295,0.0833333358168602,0.0048543689772486,2.098525047302246,0.1323529481887817,0.50168377161026,0.0,0.0,0.6323529481887817,,,,(11,2.0,
23.0,close,resnet,kernel_size-(11_11)_iterations-3,0.1911764740943908,0.4264705882352941,7,7,single,10.0,15.0,0.01677289335500623,5,"{0: 11, 1: 56, 3: 68, 5: 1, 6: 68}",2.428593873977661,0.1310679614543914,0.505527675151825,0.0769230797886848,0.0048543689772486,2.087320327758789,0.1911764740943908,0.5053602457046509,0.0,0.0,0.6029411554336548,,,,(11,3.0,
25.0,close,resnet,kernel_size-(11_11)_iterations-5,0.1764705926179886,0.4117647058823529,13,13,single,12.0,17.0,0.0020670118786040026,4,"{1: 30, 2: 38, 6: 68, 7: 68}",2.296996831893921,0.1359223276376724,0.5239436030387878,0.1818181872367859,0.0097087379544973,2.0898685455322266,0.1029411777853965,0.4922145009040832,0.0,0.0,0.6176470518112183,,,,(11,5.0,
28.0,close,resnet,kernel_size-(11_11)_iterations-7,0.159420296549797,0.38235294117647056,15,15,single,15.0,20.0,-0.014983284189587581,3,"{0: 68, 1: 68, 5: 68}",2.245304822921753,0.1213592216372489,0.5052633881568909,0.0,0.0,2.080259323120117,0.1176470592617988,0.509623646736145,0.0,0.0,0.6323529481887817,,,,(11,7.0,
20.0,close,resnet,kernel_size-(15_15)_iterations-1,0.2173912972211837,0.45588235294117646,11,11,single,7.0,12.0,0.04298771648179911,5,"{0: 6, 1: 43, 2: 67, 3: 68, 5: 20}",2.3071889877319336,0.097087375819683,0.5016007423400879,0.2000000029802322,0.0048543689772486,2.0803334712982178,0.1323529481887817,0.5051748752593994,0.0,0.0,0.6323529481887817,,,,(15,1.0,
29.0,close,resnet,kernel_size-(15_15)_iterations-2,0.147058829665184,0.36764705882352944,2,2,single,16.0,21.0,-0.02734475107420059,4,"{0: 19, 3: 68, 4: 68, 7: 49}",2.7361652851104736,0.116504855453968,0.4886804223060608,0.2000000029802322,0.0436893217265605,2.112776756286621,0.1176470592617988,0.499768316745758,0.0,0.0,0.6470588445663452,,,,(15,2.0,
24.0,close,resnet,kernel_size-(15_15)_iterations-3,0.1884057968854904,0.36764705882352944,13,13,single,11.0,16.0,0.014002216146105806,4,"{0: 50, 1: 68, 2: 68, 4: 18}",2.2783453464508057,0.1213592216372489,0.5228714346885681,0.0,0.0,2.0836756229400635,0.1617647111415863,0.5104269981384277,0.0,0.0,0.6470588445663452,,,,(15,3.0,
23.0,close,resnet,kernel_size-(3_3)_iterations-1,0.1911764740943908,0.38235294117647056,13,13,single,10.0,15.0,0.01677289335500623,3,"{1: 68, 2: 68, 4: 68}",2.211695432662964,0.1310679614543914,0.5476483106613159,0.375,0.014563106931746,2.0849862098693848,0.1911764740943908,0.5158181190490723,0.0,0.0,0.6176470518112183,,,,(3,1.0,
25.0,close,resnet,kernel_size-(3_3)_iterations-2,0.1764705926179886,0.4411764705882353,3,3,single,12.0,17.0,0.0020670118786040026,6,"{0: 5, 1: 57, 2: 68, 4: 3, 5: 68, 7: 3}",2.7284364700317383,0.1116504818201065,0.4976889193058014,0.1346153914928436,0.0339805819094181,2.084506034851074,0.1764705926179886,0.5320069193840027,0.0,0.0,0.6764705777168274,,,,(3,2.0,
23.0,close,resnet,kernel_size-(3_3)_iterations-3,0.1911764740943908,0.36764705882352944,9,9,single,10.0,15.0,0.01677289335500623,4,"{2: 68, 4: 68, 5: 2, 6: 66}",2.494935750961304,0.1019417494535446,0.494795560836792,0.1739130467176437,0.0194174759089946,2.0964157581329346,0.1911764740943908,0.5108749270439148,0.0,0.0,0.6176470518112183,,,,(3,3.0,
27.0,close,resnet,kernel_size-(3_3)_iterations-5,0.1617647111415863,0.4411764705882353,5,5,single,14.0,19.0,-0.01263886959779828,5,"{0: 46, 2: 6, 3: 39, 4: 45, 5: 68}",2.5282657146453857,0.1456310749053955,0.515566349029541,0.0750000029802322,0.014563106931746,2.091147899627685,0.1617647111415863,0.5254109501838684,0.0,0.0,0.6470588445663452,,,,(3,5.0,
24.0,close,resnet,kernel_size-(3_3)_iterations-7,0.1884057968854904,0.47058823529411764,7,7,single,11.0,16.0,0.014002216146105806,5,"{0: 20, 1: 45, 2: 68, 3: 3, 5: 68}",2.33748459815979,0.1796116530895233,0.5502454042434692,0.1851851791143417,0.0242718439549207,2.097974300384521,0.1323529481887817,0.5120489597320557,0.0,0.0,0.6470588445663452,,,,(3,7.0,
26.0,close,resnet,kernel_size-(5_5)_iterations-1,0.1739130467176437,0.36764705882352944,12,12,single,13.0,18.0,-0.0004905340217408738,3,"{0: 68, 5: 68, 6: 68}",2.3640382289886475,0.097087375819683,0.4944555163383484,0.0,0.0,2.097256660461426,0.1323529481887817,0.5031203627586365,0.0,0.0,0.6176470518112183,,,,(5,1.0,
22.0,close,resnet,kernel_size-(5_5)_iterations-2,0.2028985470533371,0.36764705882352944,9,9,single,9.0,14.0,0.028494966313952513,4,"{0: 68, 2: 53, 3: 68, 7: 15}",2.5220420360565186,0.1310679614543914,0.46077960729599,0.0769230797886848,0.0048543689772486,2.092637538909912,0.1176470592617988,0.498378038406372,0.0,0.0,0.6176470518112183,,,,(5,2.0,
29.0,close,resnet,kernel_size-(5_5)_iterations-3,0.147058829665184,0.38235294117647056,6,6,single,16.0,21.0,-0.02734475107420059,5,"{0: 1, 1: 68, 3: 2, 4: 66, 7: 67}",2.773106336593628,0.1310679614543914,0.4753056466579437,0.1346153914928436,0.0339805819094181,2.1031880378723145,0.147058829665184,0.5117554664611816,0.0,0.0,0.6764705777168274,,,,(5,3.0,
25.0,close,resnet,kernel_size-(5_5)_iterations-5,0.1764705926179886,0.35294117647058826,8,8,single,12.0,17.0,0.0020670118786040026,5,"{0: 58, 1: 7, 2: 3, 5: 68, 7: 68}",2.5152993202209477,0.1650485396385193,0.4950564205646515,0.1923076957464218,0.0242718439549207,2.097938299179077,0.1764705926179886,0.5043097734451294,0.0,0.0,0.6323529481887817,,,,(5,5.0,
26.0,close,resnet,kernel_size-(5_5)_iterations-7,0.1739130467176437,0.35294117647058826,10,10,single,13.0,18.0,-0.0004905340217408738,4,"{0: 57, 2: 68, 3: 68, 5: 11}",2.4608523845672607,0.0728155374526977,0.4840785264968872,0.125,0.0097087379544973,2.087166547775269,0.1323529481887817,0.5188302993774414,0.0,0.0,0.6470588445663452,,,,(5,7.0,
26.0,close,resnet,kernel_size-(9_9)_iterations-1,0.1739130467176437,0.36764705882352944,14,14,single,13.0,18.0,-0.0004905340217408738,5,"{1: 1, 3: 68, 4: 66, 5: 1, 7: 68}",2.3235411643981934,0.1116504818201065,0.4983201622962951,0.1818181872367859,0.0097087379544973,2.08268666267395,0.1176470592617988,0.5040935277938843,0.0,0.0,0.6323529481887817,,,,(9,1.0,
23.0,close,resnet,kernel_size-(9_9)_iterations-2,0.1911764740943908,0.39705882352941174,13,13,single,10.0,15.0,0.01677289335500623,4,"{1: 1, 2: 68, 3: 68, 4: 67}",2.4466564655303955,0.0776699036359787,0.466638833284378,0.2000000029802322,0.0097087379544973,2.083866834640503,0.1911764740943908,0.5242986679077148,0.0,0.0,0.6470588445663452,,,,(9,2.0,
21.0,close,resnet,kernel_size-(9_9)_iterations-3,0.2058823555707931,0.39705882352941174,15,15,single,8.0,13.0,0.03147877483140851,3,"{1: 68, 2: 68, 3: 68}",2.2142934799194336,0.1213592216372489,0.5259735584259033,0.0,0.0,2.078407049179077,0.2058823555707931,0.5212710499763489,0.0,0.0,0.6323529481887817,,,,(9,3.0,
25.0,close,resnet,kernel_size-(9_9)_iterations-5,0.1764705926179886,0.36764705882352944,3,3,single,12.0,17.0,0.0020670118786040026,3,"{0: 68, 3: 68, 4: 68}",2.6786673069000244,0.1650485396385193,0.5092677474021912,0.1052631586790084,0.029126213863492,2.146885633468628,0.1176470592617988,0.5076927542686462,0.0,0.0,0.6029411554336548,,,,(9,5.0,
26.0,close,resnet,kernel_size-(9_9)_iterations-7,0.1739130467176437,0.36764705882352944,11,11,single,13.0,18.0,-0.0004905340217408738,3,"{1: 68, 6: 68, 7: 68}",2.418362617492676,0.1504854410886764,0.4922387301921844,0.125,0.0097087379544973,2.0810680389404297,0.1176470592617988,0.5144277811050415,0.0,0.0,0.75,,,,(9,7.0,
21.0,denoise,chexnet,kernel_size-(11_11)_sigma-0,0.2058823555707931,0.47058823529411764,3,3,single,13.0,16.0,0.0016825607123846786,8,"{0: 34, 1: 22, 2: 34, 3: 17, 4: 29, 5: 25, 6: 28, 7: 15}",2.526829481124878,0.1213592216372489,0.5066301226615906,0.2413793057203292,0.0339805819094181,2.132917881011963,0.1911764740943908,0.5459403991699219,0.0,0.0,0.6911764740943909,,,,(11,,0.0
22.0,denoise,chexnet,kernel_size-(11_11)_sigma-1,0.2028985470533371,0.4411764705882353,7,7,single,14.0,17.0,-0.0013012478050713205,8,"{0: 22, 1: 30, 2: 22, 3: 29, 4: 28, 5: 21, 6: 27, 7: 25}",2.535512685775757,0.1601941734552383,0.5122184157371521,0.21875,0.0339805819094181,2.127981424331665,0.147058829665184,0.5357142686843872,0.0,0.0,0.6911764740943909,,,,(11,,1.0
21.0,denoise,chexnet,kernel_size-(11_11)_sigma-3,0.2058823555707931,0.39705882352941174,12,12,single,13.0,16.0,0.0016825607123846786,8,"{0: 31, 1: 37, 2: 18, 3: 24, 4: 26, 5: 26, 6: 30, 7: 12}",2.310633659362793,0.1504854410886764,0.546673595905304,0.1875,0.014563106931746,2.1364245414733887,0.147058829665184,0.4973893761634826,0.0,0.0,0.5882353186607361,,,,(11,,3.0
23.0,denoise,chexnet,kernel_size-(11_11)_sigma-5,0.1911764740943908,0.47058823529411764,11,11,single,15.0,18.0,-0.013023320764017604,8,"{0: 20, 1: 30, 2: 34, 3: 21, 4: 20, 5: 26, 6: 34, 7: 19}",2.275237560272217,0.116504855453968,0.555461585521698,0.3000000119209289,0.014563106931746,2.096551418304444,0.0882352963089943,0.5450135469436646,0.0,0.0,0.7058823704719543,,,,(11,,5.0
25.0,denoise,chexnet,kernel_size-(11_11)_sigma-7,0.1764705926179886,0.36764705882352944,1,1,single,17.0,20.0,-0.02772920224041983,8,"{0: 29, 1: 24, 2: 32, 3: 26, 4: 17, 5: 24, 6: 27, 7: 25}",2.699254274368286,0.1067961156368255,0.4984009563922882,0.1147540956735611,0.0339805819094181,2.2781805992126465,0.1764705926179886,0.5012049078941345,0.0,0.0,0.5882353186607361,,,,(11,,7.0
19.0,denoise,chexnet,kernel_size-(15_15)_sigma-0,0.2205882370471954,0.5,6,6,single,11.0,14.0,0.01638844218878699,8,"{0: 28, 1: 26, 2: 32, 3: 32, 4: 15, 5: 25, 6: 22, 7: 24}",2.32291841506958,0.1747572869062423,0.5561231374740601,0.1666666716337204,0.0194174759089946,2.052572011947632,0.2205882370471954,0.5766497254371643,0.0,0.0,0.7058823704719543,,,,(15,,0.0
9.0,denoise,chexnet,kernel_size-(15_15)_sigma-1,0.294117659330368,0.45588235294117646,11,11,single,2.0,4.0,0.08991786447195957,8,"{0: 33, 1: 25, 2: 35, 3: 32, 4: 22, 5: 21, 6: 21, 7: 15}",2.3853042125701904,0.1650485396385193,0.5538525581359863,0.2926829159259796,0.058252427726984,2.0738115310668945,0.294117659330368,0.5732513666152954,0.0,0.0,0.6470588445663452,,,,(15,,1.0
25.0,denoise,chexnet,kernel_size-(15_15)_sigma-3,0.1764705926179886,0.47058823529411764,11,11,single,17.0,20.0,-0.02772920224041983,8,"{0: 30, 1: 22, 2: 29, 3: 39, 4: 11, 5: 23, 6: 31, 7: 19}",2.281137466430664,0.1504854410886764,0.5452631711959839,0.1875,0.014563106931746,2.093421459197998,0.1764705926179886,0.5540966391563416,0.0,0.0,0.6911764740943909,,,,(15,,3.0
23.0,denoise,chexnet,kernel_size-(15_15)_sigma-5,0.1911764740943908,0.27941176470588236,14,14,single,15.0,18.0,-0.013023320764017604,8,"{0: 21, 1: 29, 2: 31, 3: 19, 4: 12, 5: 37, 6: 33, 7: 22}",2.22971510887146,0.1699029058218002,0.564242959022522,0.2307692319154739,0.014563106931746,2.1586875915527344,0.1176470592617988,0.4657686650753021,0.0,0.0,0.6029411554336548,,,,(15,,5.0
21.0,denoise,chexnet,kernel_size-(15_15)_sigma-7,0.2058823555707931,0.4264705882352941,13,13,single,13.0,16.0,0.0016825607123846786,8,"{0: 20, 1: 16, 2: 36, 3: 28, 4: 22, 5: 34, 6: 28, 7: 20}",2.2132105827331543,0.1407766938209533,0.560810923576355,0.3076923191547394,0.0194174759089946,2.0571160316467285,0.1617647111415863,0.5601829290390015,0.0,0.0,0.6911764740943909,,,,(15,,7.0
22.0,denoise,chexnet,kernel_size-(3_3)_sigma-0,0.2028985470533371,0.4264705882352941,1,1,single,14.0,17.0,-0.0013012478050713205,8,"{0: 24, 1: 26, 2: 32, 3: 25, 4: 23, 5: 25, 6: 25, 7: 24}",2.9326248168945312,0.0873786434531211,0.4589129388332367,0.0757575780153274,0.0242718439549207,2.3005709648132324,0.0588235296308994,0.4803046286106109,0.0,0.0,0.6470588445663452,,,,(3,,0.0
16.0,denoise,chexnet,kernel_size-(3_3)_sigma-1,0.2463768124580383,0.45588235294117646,8,8,single,8.0,11.0,0.042177017599629885,8,"{0: 32, 1: 23, 2: 28, 3: 26, 4: 17, 5: 22, 6: 29, 7: 27}",2.556207656860352,0.1213592216372489,0.5051506161689758,0.0731707289814949,0.014563106931746,2.1807000637054443,0.147058829665184,0.5008959174156189,0.0,0.0,0.6470588445663452,,,,(3,,1.0
23.0,denoise,chexnet,kernel_size-(3_3)_sigma-3,0.1911764740943908,0.4411764705882353,1,1,single,15.0,18.0,-0.013023320764017604,8,"{0: 37, 1: 21, 2: 22, 3: 30, 4: 24, 5: 25, 6: 26, 7: 19}",2.9248392581939697,0.1310679614543914,0.5002776980400085,0.1060606092214584,0.0339805819094181,2.39878511428833,0.1176470592617988,0.4915502965450287,0.0,0.0,0.6176470518112183,,,,(3,,3.0
8.0,denoise,chexnet,kernel_size-(3_3)_sigma-5,0.304347813129425,0.3088235294117647,15,15,single,1.0,3.0,0.10014801827101658,8,"{0: 33, 1: 24, 2: 19, 3: 41, 4: 15, 5: 28, 6: 23, 7: 21}",2.3544747829437256,0.223300963640213,0.5655860900878906,0.3448275923728943,0.0485436879098415,2.218017816543579,0.0882352963089943,0.4429065585136413,0.0,0.0,0.6176470518112183,,,,(3,,5.0
21.0,denoise,chexnet,kernel_size-(3_3)_sigma-7,0.2058823555707931,0.5147058823529411,14,14,single,13.0,16.0,0.0016825607123846786,8,"{0: 32, 1: 15, 2: 32, 3: 28, 4: 22, 5: 25, 6: 26, 7: 24}",2.376572132110596,0.1650485396385193,0.551415205001831,0.1944444477558136,0.0339805819094181,2.0850377082824707,0.2058823555707931,0.569991946220398,0.0,0.0,0.6911764740943909,,,,(3,,7.0
21.0,denoise,chexnet,kernel_size-(5_5)_sigma-0,0.2058823555707931,0.3235294117647059,1,1,single,13.0,16.0,0.0016825607123846786,8,"{0: 35, 1: 30, 2: 27, 3: 31, 4: 15, 5: 19, 6: 31, 7: 16}",2.7864272594451904,0.1213592216372489,0.509925901889801,0.1159420311450958,0.0388349518179893,2.380856990814209,0.1176470592617988,0.4694605469703674,0.0,0.0,0.5882353186607361,,,,(5,,0.0
17.0,denoise,chexnet,kernel_size-(5_5)_sigma-1,0.2352941185235977,0.4264705882352941,14,14,single,9.0,12.0,0.031094323665189272,8,"{0: 28, 1: 35, 2: 20, 3: 24, 4: 17, 5: 31, 6: 26, 7: 23}",2.395846128463745,0.1262135952711105,0.5401933193206787,0.2413793057203292,0.0339805819094181,2.085168838500977,0.2352941185235977,0.5587617754936218,0.0,0.0,0.6764705777168274,,,,(5,,1.0
25.0,denoise,chexnet,kernel_size-(5_5)_sigma-3,0.1764705926179886,0.47058823529411764,8,8,single,17.0,20.0,-0.02772920224041983,8,"{0: 27, 1: 27, 2: 32, 3: 21, 4: 15, 5: 26, 6: 31, 7: 25}",2.4685444831848145,0.1456310749053955,0.5147566795349121,0.2000000029802322,0.0242718439549207,2.1077005863189697,0.1764705926179886,0.5527527332305908,0.0,0.0,0.720588207244873,,,,(5,,3.0
23.0,denoise,chexnet,kernel_size-(5_5)_sigma-5,0.1911764740943908,0.4411764705882353,8,8,single,15.0,18.0,-0.013023320764017604,8,"{0: 26, 1: 27, 2: 33, 3: 15, 4: 27, 5: 31, 6: 29, 7: 16}",2.446164846420288,0.1747572869062423,0.5445494651794434,0.0909090936183929,0.014563106931746,2.1010220050811768,0.1911764740943908,0.5511771440505981,0.0,0.0,0.6764705777168274,,,,(5,,5.0
19.0,denoise,chexnet,kernel_size-(5_5)_sigma-7,0.2205882370471954,0.39705882352941174,15,15,single,11.0,14.0,0.01638844218878699,8,"{0: 27, 1: 24, 2: 29, 3: 35, 4: 18, 5: 29, 6: 25, 7: 17}",2.4013149738311768,0.116504855453968,0.5400098562240601,0.1199999973177909,0.014563106931746,2.14959979057312,0.2205882370471954,0.5052211880683899,0.0,0.0,0.5882353186607361,,,,(5,,7.0
24.0,denoise,chexnet,kernel_size-(9_9)_sigma-0,0.1884057968854904,0.4264705882352941,1,1,single,16.0,19.0,-0.015793997972918028,8,"{0: 34, 1: 21, 2: 23, 3: 27, 4: 25, 5: 17, 6: 31, 7: 26}",2.6226160526275635,0.1262135952711105,0.5048477053642273,0.1304347813129425,0.029126213863492,2.2330801486968994,0.147058829665184,0.5003398060798645,0.0,0.0,0.5882353186607361,,,,(9,,0.0
24.0,denoise,chexnet,kernel_size-(9_9)_sigma-1,0.1884057968854904,0.36764705882352944,6,6,single,16.0,19.0,-0.015793997972918028,8,"{0: 35, 1: 29, 2: 39, 3: 28, 4: 15, 5: 15, 6: 23, 7: 20}",2.5550074577331543,0.1699029058218002,0.5118615031242371,0.233333334326744,0.0339805819094181,2.233494758605957,0.1029411777853965,0.4896502792835235,0.0,0.0,0.6176470518112183,,,,(9,,1.0
20.0,denoise,chexnet,kernel_size-(9_9)_sigma-3,0.2173912972211837,0.3382352941176471,8,8,single,12.0,15.0,0.013191502362775276,8,"{0: 27, 1: 23, 2: 27, 3: 29, 4: 20, 5: 25, 6: 24, 7: 29}",2.4391520023345947,0.1262135952711105,0.5099780559539795,0.1153846159577369,0.014563106931746,2.1661767959594727,0.0588235296308994,0.489140510559082,0.0,0.0,0.6176470518112183,,,,(9,,3.0
13.0,denoise,chexnet,kernel_size-(9_9)_sigma-5,0.2647058963775635,0.3382352941176471,15,15,single,5.0,8.0,0.06050610151915506,8,"{0: 26, 1: 29, 2: 46, 3: 13, 4: 18, 5: 26, 6: 24, 7: 22}",2.2099342346191406,0.1844660192728042,0.5815833210945129,0.1875,0.014563106931746,2.0990564823150635,0.1617647111415863,0.538649320602417,0.0,0.0,0.6470588445663452,,,,(9,,5.0
22.0,denoise,chexnet,kernel_size-(9_9)_sigma-7,0.2028985470533371,0.39705882352941174,3,3,single,14.0,17.0,-0.0013012478050713205,8,"{0: 21, 1: 26, 2: 35, 3: 29, 4: 18, 5: 22, 6: 32, 7: 21}",2.4122915267944336,0.1553398072719574,0.5336960554122925,0.2413793057203292,0.0339805819094181,2.265258312225342,0.0588235296308994,0.4440497159957886,0.0,0.0,0.5882353186607361,,,,(9,,7.0
28.0,denoise,custom cnn,kernel_size-(11_11)_sigma-0,0.159420296549797,0.38235294117647056,9,9,single,10.0,23.0,0.0034675730599297017,3,"{1: 68, 3: 68, 6: 68}",2.043885946273804,0.1796116530895233,0.5921740531921387,0.0,0.0,2.1582393646240234,0.1176470592617988,0.5094538331031799,0.0,0.0,0.6176470518112183,,,,(11,,0.0
31.0,denoise,custom cnn,kernel_size-(11_11)_sigma-1,0.1323529481887817,0.4117647058823529,8,8,single,13.0,26.0,-0.02359977530108559,4,"{1: 68, 3: 25, 5: 43, 6: 68}",2.008413314819336,0.2135922312736511,0.6203509569168091,0.5,0.0048543689772486,2.297886610031128,0.1176470592617988,0.5047115087509155,0.0,0.0,0.6323529481887817,,,,(11,,1.0
30.0,denoise,custom cnn,kernel_size-(11_11)_sigma-3,0.1449275314807891,0.36764705882352944,1,1,single,12.0,25.0,-0.0110251920090782,4,"{0: 67, 1: 68, 4: 1, 6: 68}",2.5989415645599365,0.1262135952711105,0.4759133160114288,0.1081081107258796,0.0194174759089946,2.087124347686768,0.1176470592617988,0.4915966391563415,0.0,0.0,0.6176470518112183,,,,(11,,3.0
27.0,denoise,custom cnn,kernel_size-(11_11)_sigma-5,0.1617647111415863,0.36764705882352944,5,5,single,9.0,22.0,0.005811987651719003,3,"{0: 68, 1: 68, 6: 68}",2.0562100410461426,0.1796116530895233,0.5781680941581726,0.0,0.0,2.0957906246185303,0.1617647111415863,0.5116936564445496,0.0,0.0,0.6323529481887817,,,,(11,,5.0
30.0,denoise,custom cnn,kernel_size-(11_11)_sigma-7,0.1449275314807891,0.38235294117647056,7,7,single,12.0,25.0,-0.0110251920090782,3,"{1: 68, 3: 68, 6: 68}",2.0880963802337646,0.1990291327238083,0.5643776059150696,0.0,0.0,2.1097099781036377,0.1176470592617988,0.5051440000534058,0.0,0.0,0.6323529481887817,,,,(11,,7.0
25.0,denoise,custom cnn,kernel_size-(15_15)_sigma-0,0.1764705926179886,0.38235294117647056,8,8,single,7.0,20.0,0.020517869128121285,3,"{1: 68, 2: 68, 6: 68}",2.075670957565308,0.1504854410886764,0.5757375955581665,0.0,0.0,2.151308059692383,0.1176470592617988,0.5070440173149109,0.0,0.0,0.6323529481887817,,,,(15,,0.0
28.0,denoise,custom cnn,kernel_size-(15_15)_sigma-1,0.159420296549797,0.36764705882352944,5,5,single,10.0,23.0,0.0034675730599297017,3,"{0: 68, 1: 68, 6: 68}",2.080812931060791,0.1796116530895233,0.5629384517669678,0.0,0.0,2.092078685760498,0.1176470592617988,0.5035683512687683,0.0,0.0,0.6323529481887817,,,,(15,,1.0
30.0,denoise,custom cnn,kernel_size-(15_15)_sigma-3,0.1449275314807891,0.36764705882352944,7,7,single,12.0,25.0,-0.0110251920090782,3,"{0: 68, 1: 68, 6: 68}",2.1055376529693604,0.1601941734552383,0.5359163284301758,0.0,0.0,2.162672996520996,0.1176470592617988,0.4999382197856903,0.0,0.0,0.6176470518112183,,,,(15,,3.0
31.0,denoise,custom cnn,kernel_size-(15_15)_sigma-5,0.1323529481887817,0.38235294117647056,1,1,single,13.0,26.0,-0.02359977530108559,3,"{1: 68, 3: 68, 6: 68}",2.4952988624572754,0.1262135952711105,0.5103769898414612,0.1000000014901161,0.014563106931746,2.0891284942626958,0.1176470592617988,0.4955357015132904,0.0,0.0,0.6029411554336548,,,,(15,,5.0
29.0,denoise,custom cnn,kernel_size-(15_15)_sigma-7,0.147058829665184,0.35294117647058826,9,9,single,11.0,24.0,-0.008893893824683308,4,"{1: 68, 3: 59, 5: 9, 6: 68}",2.0519373416900635,0.1990291327238083,0.5810093879699707,0.0,0.0,2.101151466369629,0.147058829665184,0.5028423070907593,0.0,0.0,0.6176470518112183,,,,(15,,7.0
28.0,denoise,custom cnn,kernel_size-(3_3)_sigma-0,0.159420296549797,0.38235294117647056,10,10,single,10.0,23.0,0.0034675730599297017,3,"{1: 68, 3: 68, 6: 68}",2.0738210678100586,0.1601941734552383,0.5724401473999023,1.0,0.0048543689772486,2.154102325439453,0.1176470592617988,0.4990731477737427,0.0,0.0,0.6176470518112183,,,,(3,,0.0
27.0,denoise,custom cnn,kernel_size-(3_3)_sigma-1,0.1617647111415863,0.38235294117647056,14,14,single,9.0,22.0,0.005811987651719003,3,"{1: 68, 3: 68, 6: 68}",2.0266659259796143,0.1699029058218002,0.5966060161590576,0.0,0.0,2.212299346923828,0.1617647111415863,0.5232946276664734,0.0,0.0,0.6617646813392639,,,,(3,,1.0
30.0,denoise,custom cnn,kernel_size-(3_3)_sigma-3,0.1449275314807891,0.39705882352941174,10,10,single,12.0,25.0,-0.0110251920090782,4,"{0: 10, 1: 68, 5: 58, 6: 68}",2.040426731109619,0.1699029058218002,0.5991880297660828,0.5,0.0048543689772486,2.258764266967773,0.1176470592617988,0.5060399174690247,0.0,0.0,0.6176470518112183,,,,(3,,3.0
27.0,denoise,custom cnn,kernel_size-(3_3)_sigma-5,0.1617647111415863,0.38235294117647056,1,1,single,9.0,22.0,0.005811987651719003,3,"{1: 68, 2: 68, 6: 68}",2.4329617023468018,0.1262135952711105,0.4989664852619171,0.1176470592617988,0.0097087379544973,2.079555034637451,0.1323529481887817,0.5073529481887817,0.0,0.0,0.6323529481887817,,,,(3,,5.0
29.0,denoise,custom cnn,kernel_size-(3_3)_sigma-7,0.147058829665184,0.38235294117647056,13,13,single,11.0,24.0,-0.008893893824683308,3,"{1: 68, 3: 68, 6: 68}",2.017425060272217,0.2135922312736511,0.6041046380996704,0.0,0.0,2.185239791870117,0.1176470592617988,0.5056846141815186,0.0,0.0,0.6323529481887817,,,,(3,,7.0
27.0,denoise,custom cnn,kernel_size-(5_5)_sigma-0,0.1617647111415863,0.36764705882352944,7,7,single,9.0,22.0,0.005811987651719003,3,"{0: 68, 1: 68, 6: 68}",2.071969985961914,0.1844660192728042,0.5695568919181824,0.0,0.0,2.1254382133483887,0.1617647111415863,0.512697696685791,0.0,0.0,0.6323529481887817,,,,(5,,0.0
31.0,denoise,custom cnn,kernel_size-(5_5)_sigma-1,0.1323529481887817,0.38235294117647056,1,1,single,13.0,26.0,-0.02359977530108559,3,"{1: 68, 3: 68, 6: 68}",2.2973225116729736,0.1359223276376724,0.5058373808860779,0.1428571492433548,0.0048543689772486,2.083099603652954,0.1176470592617988,0.4926470518112182,0.0,0.0,0.6176470518112183,,,,(5,,1.0
27.0,denoise,custom cnn,kernel_size-(5_5)_sigma-3,0.1617647111415863,0.38235294117647056,4,4,single,9.0,22.0,0.005811987651719003,4,"{1: 68, 3: 62, 5: 6, 6: 68}",2.096583604812622,0.1747572869062423,0.5525850653648376,0.0,0.0,2.0989766120910645,0.1323529481887817,0.5052520632743835,0.0,0.0,0.6323529481887817,,,,(5,,3.0
25.0,denoise,custom cnn,kernel_size-(5_5)_sigma-5,0.1764705926179886,0.38235294117647056,9,9,single,7.0,20.0,0.020517869128121285,3,"{1: 68, 3: 68, 6: 68}",2.038976192474365,0.1893203854560852,0.6010412573814392,0.0,0.0,2.121523141860962,0.1764705926179886,0.5181970000267029,0.0,0.0,0.6176470518112183,,,,(5,,5.0
28.0,denoise,custom cnn,kernel_size-(5_5)_sigma-7,0.159420296549797,0.38235294117647056,12,12,single,10.0,23.0,0.0034675730599297017,3,"{1: 68, 5: 68, 6: 68}",1.9941527843475344,0.2087378650903701,0.6224112510681152,0.0,0.0,2.5622596740722656,0.1176470592617988,0.5087122321128845,0.1578947305679321,0.0882352963089943,0.6470588445663452,,,,(5,,7.0
29.0,denoise,custom cnn,kernel_size-(9_9)_sigma-0,0.147058829665184,0.38235294117647056,7,7,single,11.0,24.0,-0.008893893824683308,3,"{1: 68, 3: 68, 6: 68}",2.0781569480896,0.1893203854560852,0.5778500437736511,0.0,0.0,2.169163942337036,0.147058829665184,0.5096391439437866,0.0,0.0,0.6323529481887817,,,,(9,,0.0
25.0,denoise,custom cnn,kernel_size-(9_9)_sigma-1,0.1764705926179886,0.38235294117647056,2,2,single,7.0,20.0,0.020517869128121285,4,"{0: 67, 1: 68, 5: 1, 6: 68}",2.3090622425079346,0.1262135952711105,0.4920014142990112,0.5,0.0097087379544973,2.0902411937713623,0.1176470592617988,0.4980227351188659,0.0,0.0,0.6323529481887817,,,,(9,,1.0
29.0,denoise,custom cnn,kernel_size-(9_9)_sigma-3,0.147058829665184,0.38235294117647056,5,5,single,11.0,24.0,-0.008893893824683308,3,"{1: 68, 3: 68, 6: 68}",2.027005195617676,0.1796116530895233,0.6050102114677429,0.0,0.0,2.115516662597656,0.147058829665184,0.5019308924674988,0.0,0.0,0.6323529481887817,,,,(9,,3.0
24.0,denoise,custom cnn,kernel_size-(9_9)_sigma-5,0.1884057968854904,0.38235294117647056,10,10,single,6.0,19.0,0.03245307339562309,3,"{1: 68, 5: 68, 6: 68}",2.0615463256835938,0.1893203854560852,0.5851315855979919,1.0,0.0048543689772486,2.197578191757202,0.1176470592617988,0.515339195728302,0.0,0.0,0.6323529481887817,,,,(9,,5.0
27.0,denoise,custom cnn,kernel_size-(9_9)_sigma-7,0.1617647111415863,0.38235294117647056,10,10,single,9.0,22.0,0.005811987651719003,3,"{1: 68, 3: 68, 6: 68}",2.053386688232422,0.1893203854560852,0.5985972285270691,0.0,0.0,2.266706943511963,0.1176470592617988,0.5073066353797913,0.0,0.0,0.6176470518112183,,,,(9,,7.0
21.0,denoise,densenet,kernel_size-(11_11)_sigma-0,0.2058823555707931,0.39705882352941174,7,7,single,12.0,16.0,-0.011842217842105096,8,"{0: 35, 1: 29, 2: 31, 3: 28, 4: 9, 5: 22, 6: 28, 7: 22}",2.50628924369812,0.1262135952711105,0.4890575110912323,0.0416666679084301,0.0048543689772486,2.1249654293060303,0.0882352963089943,0.4795477092266083,0.0,0.0,0.6470588445663452,,,,(11,,0.0
22.0,denoise,densenet,kernel_size-(11_11)_sigma-1,0.2028985470533371,0.4264705882352941,10,10,single,13.0,17.0,-0.014826026359561095,8,"{0: 16, 1: 17, 2: 45, 3: 45, 4: 18, 5: 16, 6: 35, 7: 12}",2.2728779315948486,0.1650485396385193,0.5441269874572754,0.0,0.0,2.0889408588409424,0.1029411777853965,0.5177335739135742,0.0,0.0,0.6911764740943909,,,,(11,,1.0
24.0,denoise,densenet,kernel_size-(11_11)_sigma-3,0.1884057968854904,0.38235294117647056,6,6,single,15.0,19.0,-0.029318776527407803,8,"{0: 32, 1: 22, 2: 38, 3: 26, 4: 6, 5: 37, 6: 28, 7: 15}",2.345600128173828,0.1456310749053955,0.5343728065490723,0.2857142984867096,0.0097087379544973,2.099017858505249,0.147058829665184,0.5137636065483093,0.0,0.0,0.6029411554336548,,,,(11,,3.0
15.0,denoise,densenet,kernel_size-(11_11)_sigma-5,0.25,0.4117647058823529,15,15,single,6.0,10.0,0.03227542658710181,8,"{0: 27, 1: 13, 2: 18, 3: 12, 4: 35, 5: 52, 6: 23, 7: 24}",2.226714372634888,0.1747572869062423,0.5352699756622314,0.4000000059604645,0.0097087379544973,2.0835554599761963,0.147058829665184,0.5259978771209717,0.0,0.0,0.6911764740943909,,,,(11,,5.0
18.0,denoise,densenet,kernel_size-(11_11)_sigma-7,0.2318840622901916,0.45588235294117646,12,12,single,9.0,13.0,0.014159488877293402,8,"{0: 26, 1: 23, 2: 20, 3: 23, 4: 17, 5: 34, 6: 27, 7: 34}",2.27613377571106,0.1650485396385193,0.526436448097229,0.0,0.0,2.05387020111084,0.1323529481887817,0.56668621301651,0.0,0.0,0.7352941036224365,,,,(11,,7.0
19.0,denoise,densenet,kernel_size-(15_15)_sigma-0,0.2205882370471954,0.36764705882352944,2,2,single,10.0,14.0,0.0028636636342972144,8,"{0: 26, 1: 12, 2: 34, 3: 15, 4: 40, 5: 23, 6: 41, 7: 13}",2.697418212890625,0.1213592216372489,0.4830837547779083,0.1702127605676651,0.0388349518179893,2.1277332305908203,0.2205882370471954,0.5055455565452576,0.0,0.0,0.5882353186607361,,,,(15,,0.0
26.0,denoise,densenet,kernel_size-(15_15)_sigma-1,0.1739130467176437,0.38235294117647056,5,5,single,17.0,21.0,-0.04381152669525448,8,"{0: 43, 1: 40, 2: 36, 3: 24, 4: 15, 5: 18, 6: 22, 7: 6}",2.549692392349243,0.1407766938209533,0.5152296423912048,0.1666666716337204,0.0388349518179893,2.147845268249512,0.1617647111415863,0.4866535067558288,0.0,0.0,0.5735294222831726,,,,(15,,1.0
20.0,denoise,densenet,kernel_size-(15_15)_sigma-3,0.2173912972211837,0.4411764705882353,9,9,single,11.0,15.0,-0.00033327619171449885,8,"{0: 25, 1: 13, 2: 43, 3: 13, 4: 13, 5: 37, 6: 41, 7: 19}",2.303260087966919,0.1213592216372489,0.524369478225708,0.1666666716337204,0.0097087379544973,2.0879054069519043,0.1176470592617988,0.5403175950050354,0.0,0.0,0.7058823704719543,,,,(15,,3.0
22.0,denoise,densenet,kernel_size-(15_15)_sigma-5,0.2028985470533371,0.4411764705882353,7,7,single,13.0,17.0,-0.014826026359561095,8,"{0: 12, 1: 8, 2: 27, 3: 15, 4: 17, 5: 53, 6: 54, 7: 18}",2.3312339782714844,0.1456310749053955,0.5528088808059692,0.1000000014901161,0.014563106931746,2.0769805908203125,0.1323529481887817,0.5483656525611877,0.0,0.0,0.7352941036224365,,,,(15,,5.0
21.0,denoise,densenet,kernel_size-(15_15)_sigma-7,0.2058823555707931,0.4852941176470588,11,11,single,12.0,16.0,-0.011842217842105096,8,"{0: 28, 1: 20, 2: 13, 3: 47, 4: 20, 5: 16, 6: 26, 7: 34}",2.155635118484497,0.1699029058218002,0.5613209009170532,0.2000000029802322,0.0048543689772486,2.0636003017425537,0.2058823555707931,0.5656821131706238,0.0,0.0,0.6911764740943909,,,,(15,,7.0
17.0,denoise,densenet,kernel_size-(3_3)_sigma-0,0.2352941185235977,0.5,7,7,single,8.0,12.0,0.017569545110699497,8,"{0: 38, 1: 19, 2: 14, 3: 26, 4: 28, 5: 42, 6: 21, 7: 16}",2.390736818313598,0.1796116530895233,0.5660170912742615,0.2000000029802322,0.0339805819094181,2.055124282836914,0.1764705926179886,0.573359489440918,0.0,0.0,0.7352941036224365,,,,(3,,0.0
17.0,denoise,densenet,kernel_size-(3_3)_sigma-1,0.2352941185235977,0.4117647058823529,13,13,single,8.0,12.0,0.017569545110699497,8,"{0: 37, 1: 52, 2: 7, 3: 35, 4: 13, 5: 12, 6: 14, 7: 34}",2.260960817337036,0.1456310749053955,0.524840772151947,0.5,0.0097087379544973,2.066239595413208,0.1764705926179886,0.5567690134048462,0.0,0.0,0.6617646813392639,,,,(3,,1.0
25.0,denoise,densenet,kernel_size-(3_3)_sigma-3,0.1764705926179886,0.39705882352941174,12,12,single,16.0,20.0,-0.041253980794909606,8,"{0: 29, 1: 16, 2: 34, 3: 33, 4: 4, 5: 27, 6: 56, 7: 5}",2.217668056488037,0.1407766938209533,0.5730999708175659,0.0625,0.0048543689772486,2.066209316253662,0.1176470592617988,0.5463730096817017,0.0,0.0,0.6764705777168274,,,,(3,,3.0
19.0,denoise,densenet,kernel_size-(3_3)_sigma-5,0.2205882370471954,0.45588235294117646,14,14,single,10.0,14.0,0.0028636636342972144,8,"{0: 38, 1: 19, 2: 23, 3: 42, 4: 16, 5: 13, 6: 32, 7: 21}",2.2793025970458984,0.1456310749053955,0.5116394758224487,0.5,0.0048543689772486,2.0804545879364014,0.2058823555707931,0.5332427024841309,0.0,0.0,0.6470588445663452,,,,(3,,5.0
22.0,denoise,densenet,kernel_size-(3_3)_sigma-7,0.2028985470533371,0.35294117647058826,4,4,single,13.0,17.0,-0.014826026359561095,8,"{0: 39, 1: 35, 2: 34, 3: 35, 4: 7, 5: 34, 6: 14, 7: 6}",2.709758043289185,0.1359223276376724,0.5050782561302185,0.0701754391193389,0.0194174759089946,2.154258728027344,0.0882352963089943,0.4718549251556396,0.0,0.0,0.6470588445663452,,,,(3,,7.0
25.0,denoise,densenet,kernel_size-(5_5)_sigma-0,0.1764705926179886,0.4411764705882353,11,11,single,16.0,20.0,-0.041253980794909606,8,"{0: 22, 1: 41, 2: 12, 3: 25, 4: 12, 5: 30, 6: 30, 7: 32}",2.280724287033081,0.1553398072719574,0.528351902961731,0.25,0.0097087379544973,2.0792794227600098,0.1764705926179886,0.5365947484970093,0.0,0.0,0.6911764740943909,,,,(5,,0.0
17.0,denoise,densenet,kernel_size-(5_5)_sigma-1,0.2352941185235977,0.38235294117647056,11,11,single,8.0,12.0,0.017569545110699497,8,"{0: 2, 1: 23, 2: 35, 3: 27, 4: 34, 5: 16, 6: 29, 7: 38}",2.210676431655884,0.1601941734552383,0.5695703029632568,0.2666666805744171,0.0194174759089946,2.075446844100952,0.147058829665184,0.5382013320922852,0.0,0.0,0.5882353186607361,,,,(5,,1.0
14.0,denoise,densenet,kernel_size-(5_5)_sigma-3,0.260869562625885,0.38235294117647056,15,15,single,5.0,9.0,0.04314498921298682,8,"{0: 13, 1: 37, 2: 5, 3: 23, 4: 33, 5: 46, 6: 35, 7: 12}",2.1214241981506348,0.1990291327238083,0.5623409748077393,0.3333333432674408,0.0048543689772486,2.093353033065796,0.1176470592617988,0.4820038676261902,0.0,0.0,0.6176470518112183,,,,(5,,3.0
20.0,denoise,densenet,kernel_size-(5_5)_sigma-5,0.2173912972211837,0.36764705882352944,1,1,single,11.0,15.0,-0.00033327619171449885,7,"{0: 46, 1: 30, 2: 43, 3: 21, 5: 32, 6: 7, 7: 25}",3.325387954711914,0.0922330096364021,0.4609378576278686,0.0813953503966331,0.0339805819094181,2.222231864929199,0.073529414832592,0.4802428483963012,0.0,0.0,0.6323529481887817,,,,(5,,5.0
26.0,denoise,densenet,kernel_size-(5_5)_sigma-7,0.1739130467176437,0.3382352941176471,9,9,single,17.0,21.0,-0.04381152669525448,8,"{0: 22, 1: 13, 2: 46, 3: 21, 4: 4, 5: 14, 6: 55, 7: 29}",2.2771284580230717,0.1650485396385193,0.5512502789497375,0.2222222238779068,0.0194174759089946,2.103256702423096,0.1029411777853965,0.5078936219215393,0.0,0.0,0.6176470518112183,,,,(5,,7.0
19.0,denoise,densenet,kernel_size-(9_9)_sigma-0,0.2205882370471954,0.47058823529411764,8,8,single,10.0,14.0,0.0028636636342972144,8,"{0: 15, 1: 45, 2: 28, 3: 19, 4: 36, 5: 38, 6: 17, 7: 6}",2.4594242572784424,0.1456310749053955,0.5083352327346802,0.1199999973177909,0.014563106931746,2.074126720428467,0.147058829665184,0.5491843223571777,0.0,0.0,0.7058823704719543,,,,(9,,0.0
21.0,denoise,densenet,kernel_size-(9_9)_sigma-1,0.2058823555707931,0.38235294117647056,10,10,single,12.0,16.0,-0.011842217842105096,8,"{0: 17, 1: 32, 2: 30, 3: 23, 4: 28, 5: 32, 6: 12, 7: 30}",2.2898356914520264,0.1359223276376724,0.5575706958770752,0.1052631586790084,0.0097087379544973,2.086017847061157,0.1323529481887817,0.5395606756210327,0.0,0.0,0.6911764740943909,,,,(9,,1.0
18.0,denoise,densenet,kernel_size-(9_9)_sigma-3,0.2318840622901916,0.4117647058823529,11,11,single,9.0,13.0,0.014159488877293402,8,"{0: 23, 1: 38, 2: 23, 3: 24, 4: 20, 5: 36, 6: 18, 7: 22}",2.138234138488769,0.2087378650903701,0.5960757732391357,0.3333333432674408,0.014563106931746,2.08298659324646,0.1617647111415863,0.5183669328689575,0.0,0.0,0.6176470518112183,,,,(9,,3.0
22.0,denoise,densenet,kernel_size-(9_9)_sigma-5,0.2028985470533371,0.38235294117647056,11,11,single,13.0,17.0,-0.014826026359561095,8,"{0: 32, 1: 47, 2: 25, 3: 13, 4: 15, 5: 27, 6: 16, 7: 29}",2.218518018722534,0.1456310749053955,0.5368167757987976,0.3333333432674408,0.0097087379544973,2.075975179672241,0.147058829665184,0.536548376083374,0.0,0.0,0.6911764740943909,,,,(9,,5.0
18.0,denoise,densenet,kernel_size-(9_9)_sigma-7,0.2318840622901916,0.5,10,10,single,9.0,13.0,0.014159488877293402,8,"{0: 28, 1: 23, 2: 16, 3: 47, 4: 23, 5: 13, 6: 35, 7: 19}",2.252746343612671,0.1601941734552383,0.5682826638221741,0.0666666701436042,0.0048543689772486,2.0810835361480717,0.1029411777853965,0.5539112687110901,0.0,0.0,0.7058823704719543,,,,(9,,7.0
31.0,denoise,efficientnet,kernel_size-(11_11)_sigma-0,0.1323529481887817,0.35294117647058826,1,1,single,18.0,26.0,-0.032159357503720926,3,"{0: 68, 4: 68, 7: 68}",2.1984143257141118,0.1116504818201065,0.4613350629806518,0.0,0.0,2.0818839073181152,0.1323529481887817,0.496663361787796,0.0,0.0,0.6323529481887817,,,,(11,,0.0
26.0,denoise,efficientnet,kernel_size-(11_11)_sigma-1,0.1739130467176437,0.36764705882352944,3,3,single,13.0,21.0,0.009400741025141074,4,"{0: 67, 4: 1, 5: 68, 6: 68}",2.1645255088806152,0.1407766938209533,0.4796617925167084,0.0,0.0,2.08936071395874,0.1323529481887817,0.4936974942684173,0.0,0.0,0.6176470518112183,,,,(11,,1.0
31.0,denoise,efficientnet,kernel_size-(11_11)_sigma-3,0.1323529481887817,0.36764705882352944,10,10,single,18.0,26.0,-0.032159357503720926,3,"{0: 68, 5: 68, 6: 68}",2.1155648231506348,0.1310679614543914,0.4747552573680877,0.0,0.0,2.0801963806152344,0.1176470592617988,0.5031512379646301,0.0,0.0,0.6323529481887817,,,,(11,,3.0
31.0,denoise,efficientnet,kernel_size-(11_11)_sigma-5,0.1323529481887817,0.36764705882352944,1,1,single,18.0,26.0,-0.032159357503720926,3,"{0: 68, 5: 68, 6: 68}",2.18410062789917,0.1019417494535446,0.5093889236450195,0.0,0.0,2.081560611724853,0.1323529481887817,0.5047423839569092,0.0,0.0,0.6176470518112183,,,,(11,,5.0
31.0,denoise,efficientnet,kernel_size-(11_11)_sigma-7,0.1323529481887817,0.36764705882352944,4,4,single,18.0,26.0,-0.032159357503720926,4,"{0: 68, 1: 2, 5: 68, 6: 66}",2.125140190124512,0.1359223276376724,0.5020737051963806,0.0,0.0,2.0831127166748047,0.1176470592617988,0.4933576583862304,0.0,0.0,0.6176470518112183,,,,(11,,7.0
31.0,denoise,efficientnet,kernel_size-(15_15)_sigma-0,0.1323529481887817,0.36764705882352944,1,1,single,18.0,26.0,-0.032159357503720926,3,"{3: 68, 6: 68, 7: 68}",2.1170456409454346,0.1262135952711105,0.5432685017585754,0.0,0.0,2.085079908370972,0.1323529481887817,0.4978991746902466,0.0,0.0,0.6176470518112183,,,,(15,,0.0
24.0,denoise,efficientnet,kernel_size-(15_15)_sigma-1,0.1884057968854904,0.36764705882352944,6,6,single,11.0,19.0,0.023893491192987754,3,"{0: 68, 3: 68, 6: 68}",2.158277988433838,0.0776699036359787,0.4503032863140106,0.0,0.0,2.083171844482422,0.1176470592617988,0.4940991103649139,0.0,0.0,0.6176470518112183,,,,(15,,1.0
22.0,denoise,efficientnet,kernel_size-(15_15)_sigma-3,0.2028985470533371,0.36764705882352944,14,14,single,9.0,17.0,0.03838624136083446,3,"{2: 68, 4: 68, 6: 68}",2.0711357593536377,0.1407766938209533,0.5402740836143494,0.0,0.0,2.080613613128662,0.1176470592617988,0.487163245677948,0.0,0.0,0.6176470518112183,,,,(15,,3.0
31.0,denoise,efficientnet,kernel_size-(15_15)_sigma-5,0.1323529481887817,0.38235294117647056,2,2,single,18.0,26.0,-0.032159357503720926,3,"{3: 68, 4: 68, 5: 68}",2.149258852005005,0.1019417494535446,0.4989900588989258,0.0,0.0,2.0829882621765137,0.1176470592617988,0.4960454702377319,0.0,0.0,0.6176470518112183,,,,(15,,5.0
30.0,denoise,efficientnet,kernel_size-(15_15)_sigma-7,0.1449275314807891,0.36764705882352944,7,7,single,17.0,25.0,-0.019584774211713535,3,"{0: 68, 3: 68, 7: 68}",2.153151750564575,0.0825242698192596,0.4457198977470398,0.0,0.0,2.081405639648437,0.1323529481887817,0.5,0.0,0.0,0.6176470518112183,,,,(15,,7.0
29.0,denoise,efficientnet,kernel_size-(3_3)_sigma-0,0.147058829665184,0.3382352941176471,4,4,single,16.0,24.0,-0.017453476027318643,4,"{0: 68, 2: 18, 4: 50, 6: 68}",2.130279779434204,0.1116504818201065,0.4889059662818908,0.0,0.0,2.0831546783447266,0.1176470592617988,0.4957828521728515,0.0,0.0,0.6323529481887817,,,,(3,,0.0
28.0,denoise,efficientnet,kernel_size-(3_3)_sigma-1,0.159420296549797,0.36764705882352944,12,12,single,15.0,23.0,-0.0050920091427056335,3,"{0: 68, 1: 68, 6: 68}",2.091727495193481,0.1310679614543914,0.5168084502220154,0.0,0.0,2.081575393676758,0.1323529481887817,0.499335765838623,0.0,0.0,0.6323529481887817,,,,(3,,1.0
27.0,denoise,efficientnet,kernel_size-(3_3)_sigma-3,0.1617647111415863,0.39705882352941174,10,10,single,14.0,22.0,-0.0027475945509163324,3,"{1: 68, 3: 68, 5: 68}",2.1270580291748047,0.0825242698192596,0.4571590423583984,0.0,0.0,2.0786287784576416,0.1323529481887817,0.5195872783660889,0.0,0.0,0.6176470518112183,,,,(3,,3.0
31.0,denoise,efficientnet,kernel_size-(3_3)_sigma-5,0.1323529481887817,0.39705882352941174,2,2,single,18.0,26.0,-0.032159357503720926,4,"{3: 58, 4: 10, 5: 68, 6: 68}",2.1310365200042725,0.1262135952711105,0.5087274312973022,0.0,0.0,2.0868706703186035,0.1176470592617988,0.4989495873451233,0.0,0.0,0.6176470518112183,,,,(3,,5.0
27.0,denoise,efficientnet,kernel_size-(3_3)_sigma-7,0.1617647111415863,0.38235294117647056,4,4,single,14.0,22.0,-0.0027475945509163324,3,"{2: 68, 5: 68, 6: 68}",2.111822843551636,0.1359223276376724,0.5165274143218994,0.0,0.0,2.0838963985443115,0.1176470592617988,0.4957983195781708,0.0,0.0,0.6323529481887817,,,,(3,,7.0
31.0,denoise,efficientnet,kernel_size-(5_5)_sigma-0,0.1323529481887817,0.36764705882352944,3,3,single,18.0,26.0,-0.032159357503720926,3,"{0: 68, 3: 68, 6: 68}",2.154953718185425,0.1116504818201065,0.4903754293918609,0.0,0.0,2.080270290374756,0.1323529481887817,0.513269305229187,0.0,0.0,0.6323529481887817,,,,(5,,0.0
27.0,denoise,efficientnet,kernel_size-(5_5)_sigma-1,0.1617647111415863,0.36764705882352944,6,6,single,14.0,22.0,-0.0027475945509163324,3,"{0: 68, 2: 68, 6: 68}",2.1357197761535645,0.1262135952711105,0.4732218384742737,0.0,0.0,2.0815672874450684,0.1323529481887817,0.5034447908401489,0.0,0.0,0.6470588445663452,,,,(5,,1.0
31.0,denoise,efficientnet,kernel_size-(5_5)_sigma-3,0.1323529481887817,0.36764705882352944,1,1,single,18.0,26.0,-0.032159357503720926,3,"{2: 68, 4: 68, 6: 68}",2.171753168106079,0.1116504818201065,0.4802391529083252,0.0,0.0,2.0802621841430664,0.1323529481887817,0.5042016506195068,0.0,0.0,0.6323529481887817,,,,(5,,3.0
28.0,denoise,efficientnet,kernel_size-(5_5)_sigma-5,0.159420296549797,0.38235294117647056,2,2,single,15.0,23.0,-0.0050920091427056335,3,"{2: 68, 3: 68, 6: 68}",2.167874574661255,0.1116504818201065,0.488892525434494,0.0,0.0,2.080894947052002,0.1323529481887817,0.5039545297622681,0.0,0.0,0.6323529481887817,,,,(5,,5.0
31.0,denoise,efficientnet,kernel_size-(5_5)_sigma-7,0.1323529481887817,0.38235294117647056,1,1,single,18.0,26.0,-0.032159357503720926,3,"{2: 68, 3: 68, 6: 68}",2.187061071395874,0.1116504818201065,0.4886653125286102,0.0,0.0,2.086990594863892,0.1323529481887817,0.5067041516304016,0.0,0.0,0.6323529481887817,,,,(5,,7.0
30.0,denoise,efficientnet,kernel_size-(9_9)_sigma-0,0.1449275314807891,0.35294117647058826,10,10,single,17.0,25.0,-0.019584774211713535,5,"{1: 10, 2: 68, 3: 58, 4: 67, 6: 1}",2.1095967292785645,0.1359223276376724,0.4933428764343261,0.0,0.0,2.081917285919189,0.1176470592617988,0.4989495873451233,0.0,0.0,0.6176470518112183,,,,(9,,0.0
29.0,denoise,efficientnet,kernel_size-(9_9)_sigma-1,0.147058829665184,0.36764705882352944,4,4,single,16.0,24.0,-0.017453476027318643,4,"{0: 68, 1: 1, 2: 67, 6: 68}",2.094062805175781,0.1407766938209533,0.5331894755363464,0.0,0.0,2.081616163253784,0.1176470592617988,0.5065805912017822,0.0,0.0,0.6323529481887817,,,,(9,,1.0
31.0,denoise,efficientnet,kernel_size-(9_9)_sigma-3,0.1323529481887817,0.35294117647058826,9,9,single,18.0,26.0,-0.032159357503720926,3,"{0: 68, 6: 68, 7: 68}",2.1050705909729004,0.1213592216372489,0.496305376291275,0.0,0.0,2.0809240341186523,0.1323529481887817,0.5014365911483765,0.0,0.0,0.6323529481887817,,,,(9,,3.0
27.0,denoise,efficientnet,kernel_size-(9_9)_sigma-5,0.1617647111415863,0.39705882352941174,1,1,single,14.0,22.0,-0.0027475945509163324,3,"{1: 68, 3: 68, 5: 68}",2.164616584777832,0.1262135952711105,0.5075154900550842,0.0,0.0,2.081136703491211,0.1323529481887817,0.4998455345630646,0.0,0.0,0.6323529481887817,,,,(9,,5.0
28.0,denoise,efficientnet,kernel_size-(9_9)_sigma-7,0.159420296549797,0.38235294117647056,7,7,single,15.0,23.0,-0.0050920091427056335,3,"{0: 68, 1: 68, 3: 68}",2.128368616104126,0.0922330096364021,0.4588590562343597,0.0,0.0,2.083212852478028,0.1323529481887817,0.5002626180648804,0.0,0.0,0.6323529481887817,,,,(9,,7.0
19.0,denoise,inception,kernel_size-(11_11)_sigma-0,0.2205882370471954,0.5147058823529411,6,6,single,18.0,14.0,-0.03014753336549561,8,"{0: 15, 1: 37, 2: 23, 3: 30, 4: 23, 5: 36, 6: 27, 7: 13}",2.0772035121917725,0.2038834989070892,0.6300630569458008,0.3333333432674408,0.0339805819094181,1.9860507249832156,0.2205882370471954,0.6318122744560242,0.0,0.0,0.7647058963775635,,,,(11,,0.0
11.0,denoise,inception,kernel_size-(11_11)_sigma-1,0.2794117629528045,0.5735294117647058,6,6,single,10.0,6.0,0.028675992540113493,8,"{0: 23, 1: 10, 2: 26, 3: 35, 4: 31, 5: 23, 6: 30, 7: 26}",2.2224628925323486,0.1553398072719574,0.5803377032279968,0.190476194024086,0.0194174759089946,2.028942823410034,0.2794117629528045,0.5947540998458862,0.0,0.0,0.6764705777168274,,,,(11,,1.0
13.0,denoise,inception,kernel_size-(11_11)_sigma-3,0.2647058963775635,0.4411764705882353,15,15,single,12.0,8.0,0.01397012596487246,8,"{0: 16, 1: 21, 2: 15, 3: 36, 4: 32, 5: 39, 6: 24, 7: 21}",1.6817492246627808,0.3883495032787323,0.7800991535186768,0.6153846383094788,0.0776699036359787,2.021731376647949,0.1911764740943908,0.5965304970741272,0.0,0.0,0.720588207244873,,,,(11,,3.0
15.0,denoise,inception,kernel_size-(11_11)_sigma-5,0.25,0.5,12,12,single,14.0,10.0,-0.000735770412691017,8,"{0: 25, 1: 11, 2: 43, 3: 20, 4: 22, 5: 27, 6: 30, 7: 26}",1.8286359310150144,0.3058252334594726,0.7221883535385132,0.6818181872367859,0.0728155374526977,2.070833683013916,0.147058829665184,0.5670724511146545,0.0,0.0,0.6911764740943909,,,,(11,,5.0
11.0,denoise,inception,kernel_size-(11_11)_sigma-7,0.2794117629528045,0.4264705882352941,4,4,single,10.0,6.0,0.028675992540113493,8,"{0: 22, 1: 22, 2: 40, 3: 13, 4: 21, 5: 34, 6: 24, 7: 28}",2.2077836990356445,0.223300963640213,0.5994085669517517,0.3333333432674408,0.0631067976355552,2.0651280879974365,0.1617647111415863,0.5543438196182251,0.0,0.0,0.6176470518112183,,,,(11,,7.0
11.0,denoise,inception,kernel_size-(15_15)_sigma-0,0.2794117629528045,0.6029411764705882,7,7,single,10.0,6.0,0.028675992540113493,8,"{0: 21, 1: 20, 2: 44, 3: 28, 4: 22, 5: 22, 6: 28, 7: 19}",2.151196956634521,0.237864077091217,0.6133925914764404,0.3333333432674408,0.0388349518179893,2.024157762527466,0.2794117629528045,0.5951711535453796,0.0,0.0,0.7352941036224365,,,,(15,,0.0
15.0,denoise,inception,kernel_size-(15_15)_sigma-1,0.25,0.5441176470588235,7,7,single,14.0,10.0,-0.000735770412691017,8,"{0: 12, 1: 34, 2: 23, 3: 44, 4: 26, 5: 40, 6: 18, 7: 7}",2.145395278930664,0.1504854410886764,0.6048368811607361,0.304347813129425,0.0339805819094181,2.019387006759644,0.25,0.6181259751319885,0.0,0.0,0.779411792755127,,,,(15,,1.0
13.0,denoise,inception,kernel_size-(15_15)_sigma-3,0.2647058963775635,0.4411764705882353,11,11,single,12.0,8.0,0.01397012596487246,8,"{0: 18, 1: 20, 2: 23, 3: 26, 4: 33, 5: 38, 6: 25, 7: 21}",1.8386714458465576,0.3640776574611664,0.7152501344680786,0.6363636255264282,0.0679611638188362,2.0781707763671875,0.1176470592617988,0.5657439827919006,0.0,0.0,0.7352941036224365,,,,(15,,3.0
10.0,denoise,inception,kernel_size-(15_15)_sigma-5,0.2898550629615783,0.5294117647058824,14,14,single,9.0,5.0,0.0391192925488873,8,"{0: 20, 1: 51, 2: 25, 3: 24, 4: 16, 5: 12, 6: 28, 7: 28}",1.7692066431045532,0.3446601927280426,0.7478404641151428,0.53125,0.0825242698192596,1.9830259084701536,0.2205882370471954,0.6379140019416809,0.0,0.0,0.7647058963775635,,,,(15,,5.0
10.0,denoise,inception,kernel_size-(15_15)_sigma-7,0.2898550629615783,0.4852941176470588,12,12,single,9.0,5.0,0.0391192925488873,8,"{0: 27, 1: 25, 2: 25, 3: 26, 4: 12, 5: 41, 6: 21, 7: 27}",1.876757025718689,0.2961165010929107,0.702624499797821,0.5416666865348816,0.0631067976355552,2.018577337265014,0.2205882370471954,0.6055980920791626,0.0,0.0,0.779411792755127,,,,(15,,7.0
13.0,denoise,inception,kernel_size-(3_3)_sigma-0,0.2647058963775635,0.6176470588235294,15,15,single,12.0,8.0,0.01397012596487246,8,"{0: 28, 1: 17, 2: 36, 3: 35, 4: 22, 5: 12, 6: 32, 7: 22}",1.7207728624343872,0.3592233061790466,0.7626426219940186,0.5909090638160706,0.0631067976355552,1.940161108970642,0.2647058963775635,0.6764242053031921,0.0,0.0,0.7647058963775635,,,,(3,,0.0
17.0,denoise,inception,kernel_size-(3_3)_sigma-1,0.2352941185235977,0.45588235294117646,8,8,single,16.0,12.0,-0.015441651889093327,8,"{0: 24, 1: 8, 2: 17, 3: 29, 4: 23, 5: 38, 6: 36, 7: 29}",2.063659429550171,0.1990291327238083,0.6308508515357971,0.1764705926179886,0.014563106931746,2.035768747329712,0.1911764740943908,0.6014118790626526,0.0,0.0,0.7647058963775635,,,,(3,,1.0
10.0,denoise,inception,kernel_size-(3_3)_sigma-3,0.2898550629615783,0.5441176470588235,14,14,single,9.0,5.0,0.0391192925488873,8,"{0: 25, 1: 34, 2: 29, 3: 22, 4: 20, 5: 16, 6: 44, 7: 14}",1.8855838775634768,0.3009708821773529,0.6989920735359192,0.3684210479259491,0.0339805819094181,1.9767651557922363,0.2058823555707931,0.6557093262672424,0.0,0.0,0.8235294222831726,,,,(3,,3.0
6.0,denoise,inception,kernel_size-(3_3)_sigma-5,0.3188405930995941,0.5294117647058824,10,10,single,5.0,1.0,0.0681048226869031,8,"{0: 16, 1: 25, 2: 21, 3: 32, 4: 30, 5: 34, 6: 22, 7: 24}",1.9708341360092163,0.2330097109079361,0.663905680179596,0.5714285969734192,0.0388349518179893,1.9922534227371216,0.2205882370471954,0.6328781843185425,0.0,0.0,0.75,,,,(3,,5.0
8.0,denoise,inception,kernel_size-(3_3)_sigma-7,0.304347813129425,0.5588235294117647,9,9,single,7.0,3.0,0.053612042716733976,8,"{0: 25, 1: 6, 2: 44, 3: 44, 4: 22, 5: 15, 6: 32, 7: 16}",2.016822576522827,0.2572815418243408,0.6503776907920837,0.4210526347160339,0.0388349518179893,1.997087836265564,0.2058823555707931,0.6213544607162476,0.0,0.0,0.7941176295280457,,,,(3,,7.0
13.0,denoise,inception,kernel_size-(5_5)_sigma-0,0.2647058963775635,0.4852941176470588,14,14,single,12.0,8.0,0.01397012596487246,8,"{0: 27, 1: 16, 2: 17, 3: 46, 4: 26, 5: 19, 6: 25, 7: 28}",1.7740436792373655,0.3495145738124847,0.7498047351837158,0.4571428596973419,0.0776699036359787,2.0322961807250977,0.2058823555707931,0.5908304452896118,0.0,0.0,0.75,,,,(5,,0.0
11.0,denoise,inception,kernel_size-(5_5)_sigma-1,0.2794117629528045,0.5735294117647058,15,15,single,10.0,6.0,0.028675992540113493,8,"{0: 30, 1: 23, 2: 16, 3: 25, 4: 36, 5: 22, 6: 31, 7: 21}",1.7971948385238647,0.3106796145439148,0.7392644882202148,0.6086956262588501,0.0679611638188362,1.9540995359420776,0.2794117629528045,0.6414823532104492,0.0,0.0,0.75,,,,(5,,1.0
15.0,denoise,inception,kernel_size-(5_5)_sigma-3,0.25,0.45588235294117646,8,8,single,14.0,10.0,-0.000735770412691017,8,"{0: 25, 1: 30, 2: 11, 3: 33, 4: 27, 5: 21, 6: 29, 7: 28}",2.0245652198791504,0.2427184432744979,0.6509197354316711,0.375,0.0436893217265605,2.0578179359436035,0.147058829665184,0.5749505758285522,0.0,0.0,0.720588207244873,,,,(5,,3.0
8.0,denoise,inception,kernel_size-(5_5)_sigma-5,0.304347813129425,0.39705882352941174,2,2,single,7.0,3.0,0.053612042716733976,8,"{0: 22, 1: 17, 2: 23, 3: 41, 4: 18, 5: 26, 6: 28, 7: 29}",2.644761562347412,0.1067961156368255,0.5036373734474182,0.1914893686771392,0.0436893217265605,2.158690452575684,0.1764705926179886,0.493990957736969,0.0,0.0,0.6617646813392639,,,,(5,,5.0
14.0,denoise,inception,kernel_size-(5_5)_sigma-7,0.260869562625885,0.5147058823529411,9,9,single,13.0,9.0,0.010133792213193993,8,"{0: 18, 1: 8, 2: 38, 3: 36, 4: 33, 5: 39, 6: 22, 7: 10}",1.975972414016724,0.1796116530895233,0.6673477292060852,0.4117647111415863,0.0339805819094181,2.0411465167999268,0.1764705926179886,0.5842962265014648,0.0,0.0,0.720588207244873,,,,(5,,7.0
9.0,denoise,inception,kernel_size-(9_9)_sigma-0,0.294117659330368,0.5735294117647058,12,12,single,8.0,4.0,0.04338188891767697,8,"{0: 25, 1: 32, 2: 23, 3: 24, 4: 21, 5: 33, 6: 27, 7: 19}",1.9624004364013672,0.2475728094577789,0.6790696382522583,0.4799999892711639,0.058252427726984,1.985058307647705,0.294117659330368,0.6283984780311584,0.0,0.0,0.7941176295280457,,,,(9,,0.0
9.0,denoise,inception,kernel_size-(9_9)_sigma-1,0.294117659330368,0.5735294117647058,11,11,single,8.0,4.0,0.04338188891767697,8,"{0: 30, 1: 39, 2: 35, 3: 30, 4: 13, 5: 28, 6: 15, 7: 14}",1.94029438495636,0.2621359229087829,0.6809986233711243,0.5,0.058252427726984,2.012636184692383,0.294117659330368,0.6131055355072021,0.0,0.0,0.75,,,,(9,,1.0
15.0,denoise,inception,kernel_size-(9_9)_sigma-3,0.25,0.5441176470588235,10,10,single,14.0,10.0,-0.000735770412691017,8,"{0: 21, 1: 21, 2: 29, 3: 35, 4: 22, 5: 18, 6: 33, 7: 25}",1.894957184791565,0.2621359229087829,0.6958193182945251,0.4000000059604645,0.0194174759089946,2.0566306114196777,0.073529414832592,0.5737147927284241,0.0,0.0,0.720588207244873,,,,(9,,3.0
9.0,denoise,inception,kernel_size-(9_9)_sigma-5,0.294117659330368,0.4852941176470588,11,11,single,8.0,4.0,0.04338188891767697,8,"{0: 21, 1: 37, 2: 22, 3: 33, 4: 23, 5: 15, 6: 26, 7: 27}",1.9309641122817995,0.2815533876419067,0.6936411261558533,0.517241358757019,0.0728155374526977,1.99057412147522,0.294117659330368,0.6360139846801758,0.0,0.0,0.779411792755127,,,,(9,,5.0
8.0,denoise,inception,kernel_size-(9_9)_sigma-7,0.304347813129425,0.5,5,5,single,7.0,3.0,0.053612042716733976,8,"{0: 25, 1: 21, 2: 23, 3: 20, 4: 31, 5: 34, 6: 17, 7: 33}",2.1922762393951416,0.1893203854560852,0.5968803763389587,0.2258064448833465,0.0339805819094181,2.0241293907165527,0.1617647111415863,0.5935646295547485,0.0,0.0,0.6764705777168274,,,,(9,,7.0
28.0,denoise,mobilenetv3,kernel_size-(11_11)_sigma-0,0.159420296549797,0.39705882352941174,5,5,single,16.0,23.0,-0.02380118082473237,6,"{0: 3, 1: 42, 3: 68, 4: 4, 5: 22, 6: 65}",2.2495970726013184,0.1116504818201065,0.4732033312320709,0.0,0.0,2.091296672821045,0.1176470592617988,0.4718394577503204,0.0,0.0,0.5882353186607361,,,,(11,,0.0
17.0,denoise,mobilenetv3,kernel_size-(11_11)_sigma-1,0.2352941185235977,0.36764705882352944,8,8,single,5.0,12.0,0.052072641149068316,3,"{0: 68, 5: 68, 6: 68}",2.229931116104126,0.1262135952711105,0.4609142541885376,0.0,0.0,2.0802223682403564,0.1176470592617988,0.5067042112350464,0.0,0.0,0.6470588445663452,,,,(11,,1.0
28.0,denoise,mobilenetv3,kernel_size-(11_11)_sigma-3,0.159420296549797,0.38235294117647056,9,9,single,16.0,23.0,-0.02380118082473237,4,"{0: 68, 5: 54, 6: 68, 7: 14}",2.1624770164489746,0.097087375819683,0.4977596700191498,0.0,0.0,2.0895655155181885,0.1176470592617988,0.5023325681686401,0.0,0.0,0.6764705777168274,,,,(11,,3.0
29.0,denoise,mobilenetv3,kernel_size-(11_11)_sigma-5,0.147058829665184,0.38235294117647056,9,9,single,17.0,24.0,-0.03616264770934538,3,"{3: 68, 5: 68, 6: 68}",2.251272678375244,0.1310679614543914,0.4640803635120392,0.0,0.0,2.0868282318115234,0.1323529481887817,0.5028732419013977,0.0,0.0,0.6470588445663452,,,,(11,,5.0
30.0,denoise,mobilenetv3,kernel_size-(11_11)_sigma-7,0.1449275314807891,0.39705882352941174,7,7,single,18.0,25.0,-0.03829394589374027,3,"{1: 68, 3: 68, 5: 68}",2.1767868995666504,0.1116504818201065,0.4891736209392547,0.0,0.0,2.0816738605499268,0.1323529481887817,0.5078471899032593,0.0,0.0,0.6470588445663452,,,,(11,,7.0
27.0,denoise,mobilenetv3,kernel_size-(15_15)_sigma-0,0.1617647111415863,0.39705882352941174,2,2,single,15.0,22.0,-0.02145676623294307,3,"{1: 68, 3: 68, 5: 68}",2.2222909927368164,0.1262135952711105,0.5031155943870544,0.0,0.0,2.079263925552368,0.1617647111415863,0.5199271440505981,0.0,0.0,0.6764705777168274,,,,(15,,0.0
24.0,denoise,mobilenetv3,kernel_size-(15_15)_sigma-1,0.1884057968854904,0.36764705882352944,8,8,single,12.0,19.0,0.005184319510961016,3,"{0: 68, 2: 68, 7: 68}",2.14646053314209,0.1310679614543914,0.522965669631958,0.0,0.0,2.086193323135376,0.1176470592617988,0.4761338531970978,0.0,0.0,0.5735294222831726,,,,(15,,1.0
29.0,denoise,mobilenetv3,kernel_size-(15_15)_sigma-3,0.147058829665184,0.38235294117647056,12,12,single,17.0,24.0,-0.03616264770934538,3,"{2: 68, 5: 68, 6: 68}",2.091290235519409,0.1310679614543914,0.5425211191177368,0.0,0.0,2.079042196273804,0.147058829665184,0.515478253364563,0.0,0.0,0.6470588445663452,,,,(15,,3.0
29.0,denoise,mobilenetv3,kernel_size-(15_15)_sigma-5,0.147058829665184,0.4264705882352941,3,3,single,17.0,24.0,-0.03616264770934538,4,"{0: 68, 1: 52, 2: 16, 5: 68}",2.2273154258728027,0.1553398072719574,0.5194646120071411,0.0,0.0,2.1169066429138184,0.147058829665184,0.5024251937866211,0.0,0.0,0.6323529481887817,,,,(15,,5.0
30.0,denoise,mobilenetv3,kernel_size-(15_15)_sigma-7,0.1449275314807891,0.36764705882352944,3,3,single,18.0,25.0,-0.03829394589374027,3,"{3: 68, 6: 68, 7: 68}",2.214106559753418,0.1359223276376724,0.5158625245094299,0.0,0.0,2.08907413482666,0.1323529481887817,0.5032902956008911,0.0,0.0,0.6323529481887817,,,,(15,,7.0
19.0,denoise,mobilenetv3,kernel_size-(3_3)_sigma-0,0.2205882370471954,0.4117647058823529,9,9,single,7.0,14.0,0.03736675967266603,5,"{0: 9, 2: 14, 3: 58, 5: 68, 6: 55}",2.169459104537964,0.097087375819683,0.493824303150177,0.0,0.0,2.085597276687622,0.147058829665184,0.4960609376430511,0.0,0.0,0.6323529481887817,,,,(3,,0.0
22.0,denoise,mobilenetv3,kernel_size-(3_3)_sigma-1,0.2028985470533371,0.39705882352941174,10,10,single,10.0,17.0,0.019677069678807724,3,"{1: 68, 2: 68, 3: 68}",2.077106714248657,0.1407766938209533,0.5670471787452698,0.0,0.0,2.0807301998138428,0.1176470592617988,0.5046342015266418,0.0,0.0,0.6323529481887817,,,,(3,,1.0
21.0,denoise,mobilenetv3,kernel_size-(3_3)_sigma-3,0.2058823555707931,0.36764705882352944,13,13,single,9.0,16.0,0.022660878196263723,4,"{0: 68, 1: 68, 5: 17, 6: 51}",2.1401939392089844,0.1456310749053955,0.5179412961006165,0.0,0.0,2.080307960510254,0.1764705926179886,0.5113847255706787,0.0,0.0,0.6470588445663452,,,,(3,,3.0
27.0,denoise,mobilenetv3,kernel_size-(3_3)_sigma-5,0.1617647111415863,0.36764705882352944,7,7,single,15.0,22.0,-0.02145676623294307,3,"{4: 68, 5: 68, 6: 68}",2.190270185470581,0.097087375819683,0.4943191707134247,0.0,0.0,2.08344841003418,0.1617647111415863,0.5025333762168884,0.0,0.0,0.5882353186607361,,,,(3,,5.0
18.0,denoise,mobilenetv3,kernel_size-(3_3)_sigma-7,0.2318840622901916,0.38235294117647056,13,13,single,6.0,13.0,0.04866258491566222,3,"{1: 68, 3: 68, 6: 68}",2.159670829772949,0.116504855453968,0.485822319984436,0.0,0.0,2.0841236114501958,0.1323529481887817,0.5103805661201477,0.0,0.0,0.6176470518112183,,,,(3,,7.0
25.0,denoise,mobilenetv3,kernel_size-(5_5)_sigma-0,0.1764705926179886,0.39705882352941174,15,15,single,13.0,20.0,-0.006750884756540787,4,"{0: 7, 2: 68, 5: 62, 6: 67}",2.171560525894165,0.1067961156368255,0.4611347615718841,0.0,0.0,2.0784912109375,0.1764705926179886,0.5132538080215454,0.0,0.0,0.6176470518112183,,,,(5,,0.0
24.0,denoise,mobilenetv3,kernel_size-(5_5)_sigma-1,0.1884057968854904,0.36764705882352944,12,12,single,12.0,19.0,0.005184319510961016,4,"{1: 68, 2: 8, 5: 60, 6: 68}",2.1898231506347656,0.1359223276376724,0.4846895635128021,0.0,0.0,2.085302352905273,0.1323529481887817,0.4960145950317383,0.0,0.0,0.6323529481887817,,,,(5,,1.0
25.0,denoise,mobilenetv3,kernel_size-(5_5)_sigma-3,0.1764705926179886,0.36764705882352944,12,12,single,13.0,20.0,-0.006750884756540787,3,"{0: 68, 1: 68, 6: 68}",2.135087728500366,0.116504855453968,0.5354062914848328,0.0,0.0,2.0923290252685547,0.1176470592617988,0.4958600997924804,0.0,0.0,0.6176470518112183,,,,(5,,3.0
25.0,denoise,mobilenetv3,kernel_size-(5_5)_sigma-5,0.1764705926179886,0.39705882352941174,10,10,single,13.0,20.0,-0.006750884756540787,4,"{0: 68, 1: 61, 2: 68, 3: 7}",2.113084077835083,0.1699029058218002,0.5281432271003723,0.0,0.0,2.079549551010132,0.1764705926179886,0.5053447484970093,0.0,0.0,0.6323529481887817,,,,(5,,5.0
27.0,denoise,mobilenetv3,kernel_size-(5_5)_sigma-7,0.1617647111415863,0.4117647058823529,15,15,single,15.0,22.0,-0.02145676623294307,4,"{1: 43, 2: 68, 3: 25, 5: 68}",2.1718966960906982,0.1407766938209533,0.4828497767448425,0.0,0.0,2.079557180404663,0.1323529481887817,0.5324549078941345,0.0,0.0,0.6470588445663452,,,,(5,,7.0
26.0,denoise,mobilenetv3,kernel_size-(9_9)_sigma-0,0.1739130467176437,0.36764705882352944,12,12,single,14.0,21.0,-0.009308430656885663,3,"{0: 68, 5: 68, 6: 68}",2.173712968826294,0.1067961156368255,0.4928463697433471,0.0,0.0,2.0797972679138184,0.1323529481887817,0.5244686007499695,0.0,0.0,0.6323529481887817,,,,(9,,0.0
21.0,denoise,mobilenetv3,kernel_size-(9_9)_sigma-1,0.2058823555707931,0.4411764705882353,7,7,single,9.0,16.0,0.022660878196263723,4,"{0: 9, 3: 66, 5: 62, 6: 67}",2.1503496170043945,0.1310679614543914,0.50820392370224,0.0,0.0,2.082172155380249,0.1176470592617988,0.5081561803817749,0.0,0.0,0.6911764740943909,,,,(9,,1.0
26.0,denoise,mobilenetv3,kernel_size-(9_9)_sigma-3,0.1739130467176437,0.3382352941176471,7,7,single,14.0,21.0,-0.009308430656885663,4,"{0: 68, 3: 68, 4: 42, 5: 26}",2.168459892272949,0.1019417494535446,0.5135969519615173,0.0,0.0,2.082694292068481,0.1176470592617988,0.4843363761901855,0.0,0.0,0.6323529481887817,,,,(9,,3.0
21.0,denoise,mobilenetv3,kernel_size-(9_9)_sigma-5,0.2058823555707931,0.38235294117647056,14,14,single,9.0,16.0,0.022660878196263723,3,"{2: 68, 3: 68, 6: 68}",2.1747255325317383,0.1262135952711105,0.4869517982006073,0.0,0.0,2.083450555801392,0.1323529481887817,0.4960609078407287,0.0,0.0,0.6029411554336548,,,,(9,,5.0
25.0,denoise,mobilenetv3,kernel_size-(9_9)_sigma-7,0.1764705926179886,0.36764705882352944,4,4,single,13.0,20.0,-0.006750884756540787,3,"{4: 68, 5: 68, 6: 68}",2.247537136077881,0.1116504818201065,0.4758526980876922,0.0,0.0,2.080785751342773,0.1323529481887817,0.5001544952392578,0.0,0.0,0.6911764740943909,,,,(9,,7.0
14.0,denoise,nasnet,kernel_size-(11_11)_sigma-0,0.260869562625885,0.4117647058823529,15,15,single,9.0,9.0,0.027701301654433047,8,"{0: 32, 1: 25, 2: 25, 3: 29, 4: 17, 5: 29, 6: 22, 7: 25}",1.863325238227844,0.3058252334594726,0.7048159241676331,0.6666666865348816,0.0097087379544973,2.0821239948272705,0.1911764740943908,0.5496941208839417,0.0,0.0,0.6911764740943909,,,,(11,,0.0
14.0,denoise,nasnet,kernel_size-(11_11)_sigma-1,0.260869562625885,0.4852941176470588,11,11,single,9.0,9.0,0.027701301654433047,8,"{0: 28, 1: 31, 2: 27, 3: 34, 4: 22, 5: 24, 6: 19, 7: 19}",1.8919718265533447,0.2864077687263489,0.6904851794242859,1.0,0.014563106931746,2.0261895656585693,0.1764705926179886,0.592205286026001,0.0,0.0,0.75,,,,(11,,1.0
16.0,denoise,nasnet,kernel_size-(11_11)_sigma-3,0.2463768124580383,0.5147058823529411,14,14,single,11.0,11.0,0.01320855148658634,8,"{0: 35, 1: 12, 2: 40, 3: 31, 4: 19, 5: 26, 6: 27, 7: 14}",1.8552006483078003,0.2669903039932251,0.7113048434257507,0.6666666865348816,0.0194174759089946,2.062240600585937,0.1617647111415863,0.5838636755943298,0.0,0.0,0.720588207244873,,,,(11,,3.0
9.0,denoise,nasnet,kernel_size-(11_11)_sigma-5,0.294117659330368,0.5588235294117647,13,13,single,4.0,4.0,0.060949398358916024,8,"{0: 26, 1: 27, 2: 25, 3: 31, 4: 22, 5: 22, 6: 36, 7: 15}",1.904875636100769,0.291262149810791,0.6867753863334656,1.0,0.0048543689772486,2.016928434371948,0.294117659330368,0.6196088790893555,0.0,0.0,0.7647058963775635,,,,(11,,5.0
17.0,denoise,nasnet,kernel_size-(11_11)_sigma-7,0.2352941185235977,0.4264705882352941,15,15,single,12.0,12.0,0.002125857552145727,8,"{0: 20, 1: 27, 2: 29, 3: 41, 4: 19, 5: 21, 6: 32, 7: 15}",1.8987778425216677,0.2475728094577789,0.6998134851455688,0.0,0.0,2.0647130012512207,0.2352941185235977,0.5650333166122437,0.0,0.0,0.6911764740943909,,,,(11,,7.0
16.0,denoise,nasnet,kernel_size-(15_15)_sigma-0,0.2463768124580383,0.45588235294117646,13,13,single,11.0,11.0,0.01320855148658634,8,"{0: 34, 1: 20, 2: 30, 3: 47, 4: 17, 5: 9, 6: 27, 7: 20}",1.932223320007324,0.2330097109079361,0.6737439632415771,0.75,0.014563106931746,2.0317845344543457,0.2205882370471954,0.5973028540611267,0.0,0.0,0.7352941036224365,,,,(15,,0.0
14.0,denoise,nasnet,kernel_size-(15_15)_sigma-1,0.260869562625885,0.45588235294117646,15,15,single,9.0,9.0,0.027701301654433047,8,"{0: 38, 1: 22, 2: 13, 3: 38, 4: 17, 5: 29, 6: 24, 7: 23}",1.8086470365524288,0.3058252334594726,0.739269495010376,0.3333333432674408,0.0048543689772486,2.059782028198242,0.1617647111415863,0.5720464587211609,0.0,0.0,0.7058823704719543,,,,(15,,1.0
14.0,denoise,nasnet,kernel_size-(15_15)_sigma-3,0.260869562625885,0.5147058823529411,15,15,single,9.0,9.0,0.027701301654433047,8,"{0: 24, 1: 34, 2: 19, 3: 29, 4: 25, 5: 25, 6: 32, 7: 16}",1.8204814195632932,0.3203883469104767,0.7307373285293579,1.0,0.014563106931746,2.0477590560913086,0.1617647111415863,0.5904906392097473,0.0,0.0,0.720588207244873,,,,(15,,3.0
18.0,denoise,nasnet,kernel_size-(15_15)_sigma-5,0.2318840622901916,0.4852941176470588,6,6,single,13.0,13.0,-0.0012841986812603678,8,"{0: 23, 1: 22, 2: 22, 3: 33, 4: 18, 5: 43, 6: 20, 7: 23}",2.0626420974731445,0.1747572869062423,0.5916876196861267,0.0,0.0,2.0228846073150635,0.2205882370471954,0.603497326374054,0.0,0.0,0.7352941036224365,,,,(15,,5.0
15.0,denoise,nasnet,kernel_size-(15_15)_sigma-7,0.25,0.5441176470588235,8,8,single,10.0,10.0,0.016831739028548037,8,"{0: 24, 1: 20, 2: 17, 3: 41, 4: 21, 5: 28, 6: 33, 7: 20}",2.057945251464844,0.2281553447246551,0.6072555780410767,1.0,0.014563106931746,2.05373477935791,0.25,0.585084080696106,0.0,0.0,0.779411792755127,,,,(15,,7.0
14.0,denoise,nasnet,kernel_size-(3_3)_sigma-0,0.260869562625885,0.5147058823529411,14,14,single,9.0,9.0,0.027701301654433047,8,"{0: 22, 1: 18, 2: 25, 3: 27, 4: 23, 5: 27, 6: 38, 7: 24}",1.9430861473083496,0.223300963640213,0.6675598621368408,1.0,0.0048543689772486,2.0154757499694824,0.1617647111415863,0.605721652507782,0.0,0.0,0.779411792755127,,,,(3,,0.0
14.0,denoise,nasnet,kernel_size-(3_3)_sigma-1,0.260869562625885,0.4411764705882353,15,15,single,9.0,9.0,0.027701301654433047,8,"{0: 22, 1: 30, 2: 28, 3: 28, 4: 17, 5: 24, 6: 33, 7: 22}",1.9320781230926516,0.237864077091217,0.6802698373794556,0.5714285969734192,0.0194174759089946,2.035473585128784,0.2058823555707931,0.6010565161705017,0.0,0.0,0.720588207244873,,,,(3,,1.0
16.0,denoise,nasnet,kernel_size-(3_3)_sigma-3,0.2463768124580383,0.4852941176470588,11,11,single,11.0,11.0,0.01320855148658634,8,"{0: 40, 1: 18, 2: 28, 3: 35, 4: 23, 5: 24, 6: 25, 7: 11}",1.8957767486572263,0.2427184432744979,0.6916549801826477,0.4285714328289032,0.014563106931746,2.053386926651001,0.1764705926179886,0.5887141823768616,0.0,0.0,0.720588207244873,,,,(3,,3.0
11.0,denoise,nasnet,kernel_size-(3_3)_sigma-5,0.2794117629528045,0.47058823529411764,9,9,single,6.0,6.0,0.04624350198135255,8,"{0: 25, 1: 11, 2: 37, 3: 18, 4: 12, 5: 40, 6: 35, 7: 26}",2.035346269607544,0.2281553447246551,0.6280112266540527,0.25,0.0048543689772486,2.079685926437378,0.147058829665184,0.556490957736969,0.0,0.0,0.6764705777168274,,,,(3,,5.0
14.0,denoise,nasnet,kernel_size-(3_3)_sigma-7,0.260869562625885,0.5294117647058824,11,11,single,9.0,9.0,0.027701301654433047,8,"{0: 31, 1: 16, 2: 35, 3: 21, 4: 18, 5: 26, 6: 34, 7: 23}",1.9040933847427368,0.2815533876419067,0.6924124360084534,1.0,0.0048543689772486,2.0290210247039795,0.147058829665184,0.6152063608169556,0.0,0.0,0.75,,,,(3,,7.0
11.0,denoise,nasnet,kernel_size-(5_5)_sigma-0,0.2794117629528045,0.5441176470588235,8,8,single,6.0,6.0,0.04624350198135255,8,"{0: 26, 1: 23, 2: 23, 3: 38, 4: 17, 5: 25, 6: 29, 7: 23}",2.104114055633545,0.1699029058218002,0.5795702934265137,0.0,0.0,2.0018818378448486,0.2794117629528045,0.6402156352996826,0.0,0.0,0.75,,,,(5,,0.0
15.0,denoise,nasnet,kernel_size-(5_5)_sigma-1,0.25,0.47058823529411764,13,13,single,10.0,10.0,0.016831739028548037,8,"{0: 35, 1: 25, 2: 26, 3: 27, 4: 11, 5: 32, 6: 33, 7: 15}",1.9031249284744265,0.276699036359787,0.6816533803939819,0.5,0.0048543689772486,2.0577640533447266,0.25,0.5667788982391357,0.0,0.0,0.6323529481887817,,,,(5,,1.0
20.0,denoise,nasnet,kernel_size-(5_5)_sigma-3,0.2173912972211837,0.5441176470588235,15,15,single,15.0,15.0,-0.01577696375026827,8,"{0: 31, 1: 19, 2: 34, 3: 40, 4: 13, 5: 23, 6: 22, 7: 22}",1.925892233848572,0.3155339658260345,0.6762267351150513,0.3333333432674408,0.0048543689772486,2.083939790725708,0.147058829665184,0.578935980796814,0.0,0.0,0.75,,,,(5,,3.0
12.0,denoise,nasnet,kernel_size-(5_5)_sigma-5,0.2753623127937317,0.5735294117647058,13,13,single,7.0,7.0,0.04219405182227973,8,"{0: 26, 1: 25, 2: 38, 3: 28, 4: 17, 5: 25, 6: 28, 7: 17}",1.7699183225631714,0.2961165010929107,0.7496179342269897,0.8333333134651184,0.0242718439549207,2.032214879989624,0.2352941185235977,0.6193771362304688,0.0,0.0,0.7058823704719543,,,,(5,,5.0
7.0,denoise,nasnet,kernel_size-(5_5)_sigma-7,0.3088235259056091,0.5147058823529411,14,14,single,2.0,2.0,0.07565526493415711,8,"{0: 29, 1: 29, 2: 36, 3: 12, 4: 32, 5: 25, 6: 24, 7: 17}",1.8447386026382449,0.2669903039932251,0.7211835384368896,0.7142857313156128,0.0242718439549207,2.028209924697876,0.3088235259056091,0.6037598848342896,0.0,0.0,0.7352941036224365,,,,(5,,7.0
12.0,denoise,nasnet,kernel_size-(9_9)_sigma-0,0.2753623127937317,0.4852941176470588,14,14,single,7.0,7.0,0.04219405182227973,8,"{0: 36, 1: 26, 2: 29, 3: 32, 4: 12, 5: 15, 6: 32, 7: 22}",1.8481091260910036,0.3106796145439148,0.7216278314590454,0.5,0.0097087379544973,2.0684101581573486,0.1176470592617988,0.5777156352996826,0.0,0.0,0.6911764740943909,,,,(9,,0.0
8.0,denoise,nasnet,kernel_size-(9_9)_sigma-1,0.304347813129425,0.5735294117647058,15,15,single,3.0,3.0,0.07117955215797303,8,"{0: 25, 1: 22, 2: 30, 3: 25, 4: 27, 5: 25, 6: 35, 7: 15}",1.873989462852478,0.3058252334594726,0.6989567279815674,0.5,0.0194174759089946,1.987034559249878,0.25,0.6519865393638611,0.0,0.0,0.7941176295280457,,,,(9,,1.0
18.0,denoise,nasnet,kernel_size-(9_9)_sigma-3,0.2318840622901916,0.4411764705882353,14,14,single,13.0,13.0,-0.0012841986812603678,8,"{0: 21, 1: 19, 2: 22, 3: 47, 4: 24, 5: 37, 6: 21, 7: 13}",1.8881467580795288,0.276699036359787,0.6949843168258667,0.0,0.0,2.08203387260437,0.1764705926179886,0.5391590595245361,0.0,0.0,0.6470588445663452,,,,(9,,3.0
16.0,denoise,nasnet,kernel_size-(9_9)_sigma-5,0.2463768124580383,0.39705882352941174,12,12,single,11.0,11.0,0.01320855148658634,8,"{0: 28, 1: 29, 2: 34, 3: 33, 4: 22, 5: 27, 6: 21, 7: 10}",1.9369641542434688,0.237864077091217,0.6736716032028198,0.25,0.0048543689772486,2.1162233352661133,0.1029411777853965,0.5052366256713867,0.0,0.0,0.6470588445663452,,,,(9,,5.0
11.0,denoise,nasnet,kernel_size-(9_9)_sigma-7,0.2794117629528045,0.4852941176470588,15,15,single,6.0,6.0,0.04624350198135255,8,"{0: 22, 1: 22, 2: 38, 3: 51, 4: 19, 5: 22, 6: 16, 7: 14}",1.8610411882400515,0.2864077687263489,0.7058494687080383,0.75,0.014563106931746,2.080199241638184,0.147058829665184,0.5599356889724731,0.0,0.0,0.720588207244873,,,,(9,,7.0
27.0,denoise,resnet,kernel_size-(11_11)_sigma-0,0.1617647111415863,0.36764705882352944,10,10,single,14.0,22.0,-0.01263886959779828,3,"{0: 68, 1: 68, 7: 68}",2.3442158699035645,0.1456310749053955,0.524712860584259,0.0714285746216774,0.0048543689772486,2.088435649871826,0.1617647111415863,0.5018690824508667,0.0,0.0,0.6029411554336548,,,,(11,,0.0
30.0,denoise,resnet,kernel_size-(11_11)_sigma-1,0.1449275314807891,0.39705882352941174,14,14,single,17.0,25.0,-0.029476049258595483,4,"{0: 68, 2: 65, 3: 68, 7: 3}",2.281393527984619,0.1456310749053955,0.5068119168281555,0.0,0.0,2.0855042934417725,0.1176470592617988,0.5082798004150391,0.0,0.0,0.6323529481887817,,,,(11,,1.0
31.0,denoise,resnet,kernel_size-(11_11)_sigma-3,0.1323529481887817,0.36764705882352944,2,2,single,18.0,26.0,-0.04205063255060287,3,"{0: 68, 5: 68, 7: 68}",2.671025276184082,0.1262135952711105,0.5023211240768433,0.1000000014901161,0.0242718439549207,2.090791940689087,0.1176470592617988,0.504325270652771,0.0,0.0,0.6323529481887817,,,,(11,,3.0
28.0,denoise,resnet,kernel_size-(11_11)_sigma-5,0.159420296549797,0.36764705882352944,15,15,single,15.0,23.0,-0.014983284189587581,3,"{0: 68, 2: 68, 4: 68}",2.278149127960205,0.1067961156368255,0.5025231242179871,0.6666666865348816,0.0097087379544973,2.0910804271698,0.1176470592617988,0.4986097514629364,0.0,0.0,0.6323529481887817,,,,(11,,5.0
23.0,denoise,resnet,kernel_size-(11_11)_sigma-7,0.1911764740943908,0.38235294117647056,1,1,single,10.0,18.0,0.01677289335500623,3,"{0: 68, 2: 68, 5: 68}",2.819417953491211,0.1407766938209533,0.5088654160499573,0.1282051354646682,0.0485436879098415,2.112494468688965,0.1911764740943908,0.5154936909675598,0.0,0.0,0.6323529481887817,,,,(11,,7.0
29.0,denoise,resnet,kernel_size-(15_15)_sigma-0,0.147058829665184,0.35294117647058826,2,2,single,16.0,24.0,-0.02734475107420059,3,"{0: 68, 6: 68, 7: 68}",2.8304784297943115,0.1213592216372489,0.4692225456237793,0.2000000029802322,0.0388349518179893,2.10373330116272,0.1323529481887817,0.4986869990825653,0.0,0.0,0.6176470518112183,,,,(15,,0.0
26.0,denoise,resnet,kernel_size-(15_15)_sigma-1,0.1739130467176437,0.38235294117647056,11,11,single,13.0,21.0,-0.0004905340217408738,3,"{1: 68, 3: 68, 6: 68}",2.406616687774658,0.1310679614543914,0.4818213582038879,0.1111111119389534,0.0048543689772486,2.1022040843963623,0.1323529481887817,0.4978991746902466,0.0,0.0,0.6323529481887817,,,,(15,,1.0
27.0,denoise,resnet,kernel_size-(15_15)_sigma-3,0.1617647111415863,0.38235294117647056,1,1,single,14.0,22.0,-0.01263886959779828,3,"{0: 68, 1: 68, 3: 68}",2.869882583618164,0.1553398072719574,0.5090152621269226,0.159420296549797,0.0533980578184127,2.142267942428589,0.1617647111415863,0.5101334452629089,0.0,0.0,0.6323529481887817,,,,(15,,3.0
25.0,denoise,resnet,kernel_size-(15_15)_sigma-5,0.1764705926179886,0.38235294117647056,10,10,single,12.0,20.0,0.0020670118786040026,3,"{0: 68, 1: 68, 3: 68}",2.404230117797852,0.1116504818201065,0.481727123260498,0.1428571492433548,0.0048543689772486,2.093393564224243,0.1764705926179886,0.5162197351455688,0.0,0.0,0.6470588445663452,,,,(15,,5.0
28.0,denoise,resnet,kernel_size-(15_15)_sigma-7,0.159420296549797,0.38235294117647056,13,13,single,15.0,23.0,-0.014983284189587581,3,"{2: 68, 3: 68, 4: 68}",2.3161866664886475,0.1213592216372489,0.4755581319332123,0.25,0.0048543689772486,2.0835280418396,0.1323529481887817,0.5126359462738037,0.0,0.0,0.6617646813392639,,,,(15,,7.0
27.0,denoise,resnet,kernel_size-(3_3)_sigma-0,0.1617647111415863,0.35294117647058826,1,1,single,14.0,22.0,-0.01263886959779828,4,"{0: 68, 1: 1, 2: 67, 6: 68}",2.887115478515625,0.1359223276376724,0.5223025679588318,0.0985915511846542,0.0339805819094181,2.1019365787506104,0.1323529481887817,0.5081716775894165,0.0,0.0,0.6323529481887817,,,,(3,,0.0
27.0,denoise,resnet,kernel_size-(3_3)_sigma-1,0.1617647111415863,0.36764705882352944,5,5,single,14.0,22.0,-0.01263886959779828,3,"{3: 68, 6: 68, 7: 68}",2.6289267539978027,0.1067961156368255,0.4811009466648102,0.0967741906642913,0.014563106931746,2.09291410446167,0.1617647111415863,0.5136245489120483,0.0,0.0,0.6617646813392639,,,,(3,,1.0
27.0,denoise,resnet,kernel_size-(3_3)_sigma-3,0.1617647111415863,0.36764705882352944,14,14,single,14.0,22.0,-0.01263886959779828,3,"{1: 68, 4: 68, 6: 68}",2.255377531051636,0.1456310749053955,0.5160577893257141,0.3333333432674408,0.0048543689772486,2.0878891944885254,0.1617647111415863,0.5003861784934998,0.0,0.0,0.6470588445663452,,,,(3,,3.0
27.0,denoise,resnet,kernel_size-(3_3)_sigma-5,0.1617647111415863,0.36764705882352944,10,10,single,14.0,22.0,-0.01263886959779828,4,"{0: 63, 2: 68, 3: 7, 4: 66}",2.331151247024536,0.1116504818201065,0.5041070580482483,0.1818181872367859,0.0097087379544973,2.095463514328003,0.1617647111415863,0.5050358772277832,0.0,0.0,0.6323529481887817,,,,(3,,5.0
21.0,denoise,resnet,kernel_size-(3_3)_sigma-7,0.2058823555707931,0.35294117647058826,13,13,single,8.0,16.0,0.03147877483140851,4,"{0: 68, 2: 1, 3: 68, 4: 67}",2.3431813716888428,0.116504855453968,0.4830955266952514,0.1666666716337204,0.0048543689772486,2.093835830688477,0.1323529481887817,0.4993821084499359,0.0,0.0,0.6176470518112183,,,,(3,,7.0
27.0,denoise,resnet,kernel_size-(5_5)_sigma-0,0.1617647111415863,0.39705882352941174,15,15,single,14.0,22.0,-0.01263886959779828,4,"{0: 3, 1: 68, 3: 65, 5: 68}",2.2917160987854004,0.1456310749053955,0.4938916563987732,0.0,0.0,2.081446647644043,0.1617647111415863,0.5171929001808167,0.0,0.0,0.6323529481887817,,,,(5,,0.0
25.0,denoise,resnet,kernel_size-(5_5)_sigma-1,0.1764705926179886,0.47058823529411764,1,1,single,12.0,20.0,0.0020670118786040026,6,"{1: 4, 2: 28, 3: 45, 4: 15, 6: 68, 7: 44}",2.7405154705047607,0.1262135952711105,0.5368083715438843,0.109375,0.0339805819094181,2.1316044330596924,0.1323529481887817,0.5104115009307861,0.0,0.0,0.6323529481887817,,,,(5,,1.0
28.0,denoise,resnet,kernel_size-(5_5)_sigma-3,0.159420296549797,0.38235294117647056,4,4,single,15.0,23.0,-0.014983284189587581,3,"{2: 68, 3: 68, 6: 68}",2.5027406215667725,0.1359223276376724,0.5013179779052734,0.1388888955116272,0.0242718439549207,2.1051065921783447,0.1323529481887817,0.5022707581520081,0.0,0.0,0.6176470518112183,,,,(5,,3.0
27.0,denoise,resnet,kernel_size-(5_5)_sigma-5,0.1617647111415863,0.36764705882352944,2,2,single,14.0,22.0,-0.01263886959779828,5,"{0: 62, 3: 4, 4: 67, 5: 68, 6: 3}",2.7817013263702397,0.1650485396385193,0.5026139616966248,0.1791044771671295,0.058252427726984,2.0948493480682373,0.1617647111415863,0.495937317609787,0.0,0.0,0.6176470518112183,,,,(5,,5.0
31.0,denoise,resnet,kernel_size-(5_5)_sigma-7,0.1323529481887817,0.36764705882352944,6,6,single,18.0,26.0,-0.04205063255060287,4,"{0: 68, 2: 68, 5: 66, 7: 2}",2.6203556060791016,0.1407766938209533,0.4687983989715576,0.1538461595773697,0.0194174759089946,2.1048901081085205,0.1176470592617988,0.5013130307197571,0.0,0.0,0.6323529481887817,,,,(5,,7.0
29.0,denoise,resnet,kernel_size-(9_9)_sigma-0,0.147058829665184,0.38235294117647056,12,12,single,16.0,24.0,-0.02734475107420059,3,"{0: 68, 1: 68, 3: 68}",2.3400206565856934,0.0922330096364021,0.5006598234176636,0.0,0.0,2.0908539295196533,0.147058829665184,0.5123115181922913,0.0,0.0,0.6470588445663452,,,,(9,,0.0
28.0,denoise,resnet,kernel_size-(9_9)_sigma-1,0.159420296549797,0.35294117647058826,7,7,single,15.0,23.0,-0.014983284189587581,3,"{0: 68, 4: 68, 6: 68}",2.4801273345947266,0.1553398072719574,0.51495361328125,0.190476194024086,0.0194174759089946,2.126255750656128,0.1176470592617988,0.4937438070774078,0.0,0.0,0.6029411554336548,,,,(9,,1.0
29.0,denoise,resnet,kernel_size-(9_9)_sigma-3,0.147058829665184,0.36764705882352944,3,3,single,16.0,24.0,-0.02734475107420059,3,"{0: 68, 2: 68, 7: 68}",2.63289475440979,0.1650485396385193,0.5026291608810425,0.0666666701436042,0.014563106931746,2.0962533950805664,0.1323529481887817,0.5002471804618835,0.0,0.0,0.6176470518112183,,,,(9,,3.0
26.0,denoise,resnet,kernel_size-(9_9)_sigma-5,0.1739130467176437,0.35294117647058826,13,13,single,13.0,21.0,-0.0004905340217408738,3,"{0: 68, 4: 68, 6: 68}",2.352933883666992,0.1116504818201065,0.4992627799510956,0.0833333358168602,0.0048543689772486,2.1104490756988525,0.1176470592617988,0.4920291900634765,0.0,0.0,0.6029411554336548,,,,(9,,5.0
29.0,denoise,resnet,kernel_size-(9_9)_sigma-7,0.147058829665184,0.36764705882352944,6,6,single,16.0,24.0,-0.02734475107420059,3,"{0: 68, 2: 68, 6: 68}",2.644666910171509,0.0922330096364021,0.4612677097320556,0.0333333350718021,0.0048543689772486,2.1090755462646484,0.1323529481887817,0.494284451007843,0.0,0.0,0.6176470518112183,,,,(9,,7.0
20.0,dilate,chexnet,kernel_size-(3_3)_iterations-5,0.2173912972211837,0.35294117647058826,10,10,single,12.0,14.0,0.013191502362775276,8,"{0: 27, 1: 24, 2: 31, 3: 36, 4: 21, 5: 10, 6: 28, 7: 27}",2.445786714553833,0.1310679614543914,0.5535831451416016,0.1463414579629898,0.029126213863492,2.18355131149292,0.0882352963089943,0.5076618790626526,0.0,0.0,0.6764705777168274,,,,(3,5.0,
11.0,dilate,chexnet,kernel_size-(11_11)_iterations-1,0.2794117629528045,0.5294117647058824,12,12,single,4.0,5.0,0.07521196809439609,8,"{0: 26, 1: 27, 2: 25, 3: 26, 4: 25, 5: 26, 6: 26, 7: 23}",2.407773494720459,0.1359223276376724,0.5549349188804626,0.1500000059604644,0.029126213863492,2.053734302520752,0.2794117629528045,0.6053354740142822,0.0,0.0,0.6617646813392639,,,,(11,1.0,
25.0,dilate,chexnet,kernel_size-(11_11)_iterations-2,0.1764705926179886,0.45588235294117646,14,14,single,17.0,19.0,-0.02772920224041983,8,"{0: 29, 1: 27, 2: 26, 3: 23, 4: 16, 5: 26, 6: 31, 7: 26}",2.405370712280273,0.1601941734552383,0.5521995425224304,0.1538461595773697,0.029126213863492,2.067564010620117,0.1176470592617988,0.5695285201072693,0.0,0.0,0.720588207244873,,,,(11,2.0,
23.0,dilate,chexnet,kernel_size-(11_11)_iterations-3,0.1911764740943908,0.45588235294117646,12,12,single,15.0,17.0,-0.013023320764017604,8,"{0: 24, 1: 22, 2: 24, 3: 44, 4: 14, 5: 29, 6: 28, 7: 19}",2.3990421295166016,0.1747572869062423,0.5561552047729492,0.1621621549129486,0.029126213863492,2.108119249343872,0.1911764740943908,0.5344321727752686,0.0,0.0,0.6617646813392639,,,,(11,3.0,
23.0,dilate,chexnet,kernel_size-(11_11)_iterations-5,0.1911764740943908,0.47058823529411764,11,11,single,15.0,17.0,-0.013023320764017604,8,"{0: 24, 1: 30, 2: 28, 3: 33, 4: 14, 5: 28, 6: 21, 7: 26}",2.518882751464844,0.1553398072719574,0.5163943767547607,0.1842105239629745,0.0339805819094181,2.042235851287842,0.1911764740943908,0.5912784337997437,0.0,0.0,0.7352941036224365,,,,(11,5.0,
21.0,dilate,chexnet,kernel_size-(11_11)_iterations-7,0.2058823555707931,0.36764705882352944,7,7,single,13.0,15.0,0.0016825607123846786,8,"{0: 34, 1: 22, 2: 27, 3: 21, 4: 26, 5: 16, 6: 28, 7: 30}",2.596330404281616,0.1262135952711105,0.485733151435852,0.1000000014901161,0.014563106931746,2.1799440383911133,0.2058823555707931,0.4973585307598114,0.0,0.0,0.6176470518112183,,,,(11,7.0,
21.0,dilate,chexnet,kernel_size-(15_15)_iterations-1,0.2058823555707931,0.3088235294117647,2,2,single,13.0,15.0,0.0016825607123846786,8,"{0: 30, 1: 22, 2: 31, 3: 29, 4: 14, 5: 35, 6: 22, 7: 21}",2.7449047565460205,0.1407766938209533,0.4884514808654785,0.1960784345865249,0.0485436879098415,2.355438709259033,0.0588235296308994,0.438751220703125,0.0,0.0,0.5588235259056091,,,,(15,1.0,
22.0,dilate,chexnet,kernel_size-(15_15)_iterations-2,0.2028985470533371,0.35294117647058826,10,10,single,14.0,16.0,-0.0013012478050713205,8,"{0: 25, 1: 29, 2: 38, 3: 22, 4: 16, 5: 21, 6: 29, 7: 24}",2.425203800201416,0.1359223276376724,0.5303397178649902,0.2068965584039688,0.029126213863492,2.174612045288086,0.0882352963089943,0.5018691420555115,0.0,0.0,0.6029411554336548,,,,(15,2.0,
19.0,dilate,chexnet,kernel_size-(15_15)_iterations-3,0.2205882370471954,0.4264705882352941,3,3,single,11.0,13.0,0.01638844218878699,8,"{0: 30, 1: 22, 2: 35, 3: 26, 4: 21, 5: 20, 6: 24, 7: 26}",2.4901273250579834,0.1650485396385193,0.5408161282539368,0.2173912972211837,0.0485436879098415,2.1917099952697754,0.1029411777853965,0.5147367715835571,0.0,0.0,0.6911764740943909,,,,(15,3.0,
19.0,dilate,chexnet,kernel_size-(15_15)_iterations-5,0.2205882370471954,0.39705882352941174,3,3,single,11.0,13.0,0.01638844218878699,8,"{0: 28, 1: 23, 2: 37, 3: 26, 4: 18, 5: 35, 6: 23, 7: 14}",2.804166078567505,0.1262135952711105,0.4721159934997558,0.0625,0.014563106931746,2.208375930786133,0.2205882370471954,0.5007878541946411,0.0,0.0,0.5882353186607361,,,,(15,5.0,
14.0,dilate,chexnet,kernel_size-(15_15)_iterations-7,0.260869562625885,0.4117647058823529,5,5,single,6.0,8.0,0.05666976776747659,8,"{0: 23, 1: 25, 2: 36, 3: 25, 4: 26, 5: 21, 6: 33, 7: 15}",2.412742376327514,0.1747572869062423,0.5428696274757385,0.1794871836900711,0.0339805819094181,2.168322324752808,0.1029411777853965,0.4786208570003509,0.0,0.0,0.5588235259056091,,,,(15,7.0,
17.0,dilate,chexnet,kernel_size-(3_3)_iterations-1,0.2352941185235977,0.5294117647058824,13,13,single,9.0,11.0,0.031094323665189272,8,"{0: 40, 1: 18, 2: 27, 3: 26, 4: 21, 5: 25, 6: 30, 7: 17}",2.438007116317749,0.1699029058218002,0.5565641522407532,0.1621621549129486,0.029126213863492,2.063854932785034,0.2352941185235977,0.5930240154266357,0.0,0.0,0.7352941036224365,,,,(3,1.0,
23.0,dilate,chexnet,kernel_size-(3_3)_iterations-2,0.1911764740943908,0.4117647058823529,1,1,single,15.0,17.0,-0.013023320764017604,8,"{0: 28, 1: 27, 2: 27, 3: 27, 4: 25, 5: 29, 6: 23, 7: 18}",2.8045241832733154,0.1456310749053955,0.5246689915657043,0.1147540956735611,0.0339805819094181,2.3671133518218994,0.0882352963089943,0.4864217638969421,0.0,0.0,0.6323529481887817,,,,(3,2.0,
24.0,dilate,chexnet,kernel_size-(3_3)_iterations-3,0.1884057968854904,0.4411764705882353,10,10,single,16.0,18.0,-0.015793997972918028,8,"{0: 33, 1: 26, 2: 25, 3: 28, 4: 22, 5: 31, 6: 21, 7: 18}",2.678309679031372,0.0873786434531211,0.4791198372840881,0.1282051354646682,0.0242718439549207,2.102946519851685,0.1029411777853965,0.5477322936058044,0.0,0.0,0.720588207244873,,,,(3,3.0,
25.0,dilate,chexnet,kernel_size-(3_3)_iterations-7,0.1764705926179886,0.4117647058823529,1,1,single,17.0,19.0,-0.02772920224041983,8,"{0: 25, 1: 29, 2: 23, 3: 31, 4: 16, 5: 34, 6: 31, 7: 15}",2.73933744430542,0.1456310749053955,0.4859553277492523,0.1016949117183685,0.029126213863492,2.1914186477661133,0.1764705926179886,0.5158798694610596,0.0,0.0,0.5735294222831726,,,,(3,7.0,
25.0,dilate,chexnet,kernel_size-(5_5)_iterations-1,0.1764705926179886,0.36764705882352944,3,3,single,17.0,19.0,-0.02772920224041983,8,"{0: 26, 1: 40, 2: 32, 3: 24, 4: 7, 5: 21, 6: 30, 7: 24}",2.6492373943328857,0.1504854410886764,0.5222452282905579,0.072727270424366,0.0194174759089946,2.2392611503601074,0.0882352963089943,0.4950568377971649,0.0,0.0,0.6470588445663452,,,,(5,1.0,
18.0,dilate,chexnet,kernel_size-(5_5)_iterations-2,0.2318840622901916,0.47058823529411764,6,6,single,10.0,12.0,0.027684267431783177,8,"{0: 31, 1: 24, 2: 28, 3: 34, 4: 26, 5: 20, 6: 23, 7: 18}",2.545863389968872,0.1310679614543914,0.5155965685844421,0.1111111119389534,0.0194174759089946,2.1198291778564453,0.1029411777853965,0.5525054931640625,0.0,0.0,0.6323529481887817,,,,(5,2.0,
13.0,dilate,chexnet,kernel_size-(5_5)_iterations-3,0.2647058963775635,0.5441176470588235,12,12,single,5.0,7.0,0.06050610151915506,8,"{0: 33, 1: 14, 2: 32, 3: 26, 4: 20, 5: 25, 6: 26, 7: 28}",2.4971683025360107,0.1504854410886764,0.5318731665611267,0.1041666641831398,0.0242718439549207,2.035325288772583,0.2647058963775635,0.6119624376296997,0.0,0.0,0.7352941036224365,,,,(5,3.0,
22.0,dilate,chexnet,kernel_size-(5_5)_iterations-5,0.2028985470533371,0.5441176470588235,2,2,single,14.0,16.0,-0.0013012478050713205,8,"{0: 26, 1: 38, 2: 27, 3: 31, 4: 12, 5: 27, 6: 21, 7: 22}",2.538562297821045,0.1213592216372489,0.536106526851654,0.1489361673593521,0.0339805819094181,2.132570505142212,0.1617647111415863,0.554807186126709,0.0,0.0,0.720588207244873,,,,(5,5.0,
17.0,dilate,chexnet,kernel_size-(5_5)_iterations-7,0.2352941185235977,0.35294117647058826,11,11,single,9.0,11.0,0.031094323665189272,8,"{0: 33, 1: 30, 2: 40, 3: 16, 4: 16, 5: 32, 6: 23, 7: 14}",2.442495584487915,0.1553398072719574,0.5375338196754456,0.3103448152542114,0.0436893217265605,2.180656909942627,0.1029411777853965,0.4943926036357879,0.0,0.0,0.6323529481887817,,,,(5,7.0,
30.0,dilate,chexnet,kernel_size-(9_9)_iterations-1,0.1449275314807891,0.39705882352941174,1,1,single,21.0,24.0,-0.059272263377619316,8,"{0: 21, 1: 32, 2: 42, 3: 26, 4: 8, 5: 26, 6: 36, 7: 13}",2.8394570350646973,0.1310679614543914,0.4948089718818664,0.1486486494541168,0.0533980578184127,2.2531511783599854,0.1323529481887817,0.5148293972015381,0.0,0.0,0.6764705777168274,,,,(9,1.0,
25.0,dilate,chexnet,kernel_size-(9_9)_iterations-2,0.1764705926179886,0.4852941176470588,11,11,single,17.0,19.0,-0.02772920224041983,8,"{0: 34, 1: 28, 2: 26, 3: 27, 4: 22, 5: 29, 6: 14, 7: 24}",2.3981645107269287,0.1941747516393661,0.5637396574020386,0.2682926952838897,0.0533980578184127,2.1545557975769043,0.147058829665184,0.5443956851959229,0.0,0.0,0.6470588445663452,,,,(9,2.0,
18.0,dilate,chexnet,kernel_size-(9_9)_iterations-3,0.2318840622901916,0.5147058823529411,9,9,single,10.0,12.0,0.027684267431783177,8,"{0: 35, 1: 27, 2: 25, 3: 33, 4: 17, 5: 23, 6: 25, 7: 19}",2.471682548522949,0.1553398072719574,0.5191043615341187,0.0625,0.0097087379544973,2.0280420780181885,0.2058823555707931,0.6073746085166931,0.0,0.0,0.7941176295280457,,,,(9,3.0,
17.0,dilate,chexnet,kernel_size-(9_9)_iterations-5,0.2352941185235977,0.4411764705882353,8,8,single,9.0,11.0,0.031094323665189272,8,"{0: 26, 1: 21, 2: 34, 3: 26, 4: 27, 5: 25, 6: 29, 7: 16}",2.3322575092315674,0.1601941734552383,0.5782270431518555,0.1351351290941238,0.0242718439549207,2.158269166946411,0.1323529481887817,0.5006796717643738,0.0,0.0,0.6323529481887817,,,,(9,5.0,
13.0,dilate,chexnet,kernel_size-(9_9)_iterations-7,0.2647058963775635,0.38235294117647056,6,6,single,5.0,7.0,0.06050610151915506,8,"{0: 29, 1: 32, 2: 25, 3: 19, 4: 12, 5: 29, 6: 33, 7: 25}",2.7147915363311768,0.1310679614543914,0.454277366399765,0.0357142873108387,0.0048543689772486,2.1872663497924805,0.1029411777853965,0.4807062149047851,0.0,0.0,0.5882353186607361,,,,(9,7.0,
24.0,dilate,custom cnn,kernel_size-(3_3)_iterations-5,0.1884057968854904,0.36764705882352944,8,8,single,6.0,18.0,0.03245307339562309,3,"{0: 68, 1: 68, 6: 68}",2.039506196975708,0.1553398072719574,0.5952122211456299,0.0,0.0,2.193376302719116,0.1323529481887817,0.4943307936191559,0.0,0.0,0.6176470518112183,,,,(3,5.0,
27.0,dilate,custom cnn,kernel_size-(11_11)_iterations-1,0.1617647111415863,0.35294117647058826,6,6,single,9.0,21.0,0.005811987651719003,4,"{0: 63, 1: 68, 3: 5, 6: 68}",2.0774412155151367,0.1699029058218002,0.5658100247383118,0.0,0.0,2.085097551345825,0.1617647111415863,0.5120180249214172,0.0,0.0,0.6323529481887817,,,,(11,1.0,
31.0,dilate,custom cnn,kernel_size-(11_11)_iterations-2,0.1323529481887817,0.38235294117647056,1,1,single,13.0,25.0,-0.02359977530108559,4,"{0: 58, 1: 68, 3: 10, 6: 68}",2.6277015209198,0.097087375819683,0.4974920153617859,0.1428571492433548,0.014563106931746,2.0829131603240967,0.1323529481887817,0.4968487322330475,0.0,0.0,0.6176470518112183,,,,(11,2.0,
30.0,dilate,custom cnn,kernel_size-(11_11)_iterations-3,0.1449275314807891,0.36764705882352944,12,12,single,12.0,24.0,-0.0110251920090782,5,"{1: 68, 3: 3, 5: 51, 6: 68, 7: 14}",2.04702377319336,0.2281553447246551,0.5971344709396362,0.0,0.0,2.123898983001709,0.1176470592617988,0.5292572379112244,0.0,0.0,0.6617646813392639,,,,(11,3.0,
24.0,dilate,custom cnn,kernel_size-(11_11)_iterations-5,0.1884057968854904,0.39705882352941174,8,8,single,6.0,18.0,0.03245307339562309,4,"{0: 8, 1: 68, 5: 60, 6: 68}",2.043092966079712,0.1990291327238083,0.5944346785545349,1.0,0.0097087379544973,2.153167486190796,0.1176470592617988,0.4936974346637726,0.0,0.0,0.6029411554336548,,,,(11,5.0,
31.0,dilate,custom cnn,kernel_size-(11_11)_iterations-7,0.1323529481887817,0.38235294117647056,1,1,single,13.0,25.0,-0.02359977530108559,4,"{0: 40, 1: 68, 5: 28, 6: 68}",2.4262821674346924,0.1407766938209533,0.5163742303848267,0.1666666716337204,0.0194174759089946,2.080615520477295,0.1176470592617988,0.5053756833076477,0.0,0.0,0.6323529481887817,,,,(11,7.0,
30.0,dilate,custom cnn,kernel_size-(15_15)_iterations-1,0.1449275314807891,0.38235294117647056,10,10,single,12.0,24.0,-0.0110251920090782,4,"{0: 62, 1: 68, 3: 6, 6: 68}",2.0394673347473145,0.1747572869062423,0.5879577398300171,0.0,0.0,2.164849042892456,0.1176470592617988,0.5151075124740601,0.0,0.0,0.6323529481887817,,,,(15,1.0,
27.0,dilate,custom cnn,kernel_size-(15_15)_iterations-2,0.1617647111415863,0.38235294117647056,4,4,single,9.0,21.0,0.005811987651719003,3,"{1: 68, 5: 68, 6: 68}",2.1273272037506104,0.1601941734552383,0.5413681864738464,0.0,0.0,2.089263677597046,0.1617647111415863,0.5159879922866821,0.0,0.0,0.6323529481887817,,,,(15,2.0,
27.0,dilate,custom cnn,kernel_size-(15_15)_iterations-3,0.1617647111415863,0.39705882352941174,8,8,single,9.0,21.0,0.005811987651719003,4,"{1: 68, 3: 3, 5: 65, 6: 68}",2.066691398620605,0.223300963640213,0.5917852520942688,0.3333333432674408,0.0048543689772486,2.228810787200928,0.1323529481887817,0.5108749270439148,0.0,0.0,0.6176470518112183,,,,(15,3.0,
30.0,dilate,custom cnn,kernel_size-(15_15)_iterations-5,0.1449275314807891,0.38235294117647056,1,1,single,12.0,24.0,-0.0110251920090782,6,"{0: 57, 1: 67, 3: 4, 5: 7, 6: 68, 7: 1}",2.433161973953247,0.1553398072719574,0.4987123608589172,0.1666666716337204,0.0097087379544973,2.0803327560424805,0.1323529481887817,0.5094537734985352,0.0,0.0,0.6323529481887817,,,,(15,5.0,
29.0,dilate,custom cnn,kernel_size-(15_15)_iterations-7,0.147058829665184,0.39705882352941174,1,1,single,11.0,23.0,-0.008893893824683308,5,"{1: 7, 2: 19, 5: 63, 6: 68, 7: 47}",2.4630885124206543,0.1213592216372489,0.4946272075176239,0.1578947305679321,0.014563106931746,2.0786995887756348,0.147058829665184,0.5099635124206543,0.0,0.0,0.6323529481887817,,,,(15,7.0,
31.0,dilate,custom cnn,kernel_size-(3_3)_iterations-1,0.1323529481887817,0.38235294117647056,8,8,single,13.0,25.0,-0.02359977530108559,3,"{1: 68, 3: 68, 6: 68}",2.049492359161377,0.1504854410886764,0.5911321640014648,1.0,0.0048543689772486,2.255027532577514,0.1176470592617988,0.5045569539070129,0.0,0.0,0.6323529481887817,,,,(3,1.0,
31.0,dilate,custom cnn,kernel_size-(3_3)_iterations-2,0.1323529481887817,0.36764705882352944,1,1,single,13.0,25.0,-0.02359977530108559,4,"{1: 68, 2: 67, 5: 1, 6: 68}",2.439289331436157,0.1019417494535446,0.5055848956108093,0.1363636404275894,0.014563106931746,2.081573963165283,0.1323529481887817,0.4976211190223694,0.0,0.0,0.6176470518112183,,,,(3,2.0,
29.0,dilate,custom cnn,kernel_size-(3_3)_iterations-3,0.147058829665184,0.39705882352941174,6,6,single,11.0,23.0,-0.008893893824683308,4,"{1: 68, 3: 67, 5: 1, 6: 68}",2.0703749656677246,0.1796116530895233,0.5814201235771179,0.0,0.0,2.115074634552002,0.1176470592617988,0.4954893589019775,0.0,0.0,0.6323529481887817,,,,(3,3.0,
24.0,dilate,custom cnn,kernel_size-(3_3)_iterations-7,0.1884057968854904,0.38235294117647056,8,8,single,6.0,18.0,0.03245307339562309,3,"{1: 68, 3: 68, 6: 68}",2.0199503898620605,0.2087378650903701,0.604572594165802,0.0,0.0,2.1973609924316406,0.1176470592617988,0.5094537734985352,0.0,0.0,0.6323529481887817,,,,(3,7.0,
28.0,dilate,custom cnn,kernel_size-(5_5)_iterations-1,0.159420296549797,0.38235294117647056,13,13,single,10.0,22.0,0.0034675730599297017,4,"{0: 36, 1: 68, 5: 32, 6: 68}",2.041761636734009,0.1601941734552383,0.5893462896347046,0.0,0.0,2.199415683746338,0.1176470592617988,0.5132692456245422,0.0,0.0,0.6323529481887817,,,,(5,1.0,
27.0,dilate,custom cnn,kernel_size-(5_5)_iterations-2,0.1617647111415863,0.38235294117647056,2,2,single,9.0,21.0,0.005811987651719003,3,"{1: 68, 2: 68, 6: 68}",2.234309434890747,0.1407766938209533,0.524448573589325,0.0,0.0,2.0914862155914307,0.1323529481887817,0.5133928656578064,0.0,0.0,0.6470588445663452,,,,(5,2.0,
25.0,dilate,custom cnn,kernel_size-(5_5)_iterations-3,0.1764705926179886,0.36764705882352944,6,6,single,7.0,19.0,0.020517869128121285,5,"{0: 16, 1: 68, 3: 5, 4: 47, 6: 68}",2.05857515335083,0.1893203854560852,0.586084246635437,0.0,0.0,2.1085305213928223,0.1764705926179886,0.516065239906311,0.0,0.0,0.6323529481887817,,,,(5,3.0,
29.0,dilate,custom cnn,kernel_size-(5_5)_iterations-5,0.147058829665184,0.38235294117647056,4,4,single,11.0,23.0,-0.008893893824683308,3,"{1: 68, 5: 68, 6: 68}",2.143353223800659,0.1262135952711105,0.5228326916694641,0.0,0.0,2.101227283477783,0.1176470592617988,0.506673276424408,0.0,0.0,0.6470588445663452,,,,(5,5.0,
23.0,dilate,custom cnn,kernel_size-(5_5)_iterations-7,0.1911764740943908,0.38235294117647056,6,6,single,5.0,17.0,0.03522375060452351,3,"{1: 68, 2: 68, 6: 68}",2.0764975547790527,0.1650485396385193,0.5757173895835876,0.5,0.0048543689772486,2.1255757808685303,0.1911764740943908,0.5051594376564026,0.0,0.0,0.6176470518112183,,,,(5,7.0,
31.0,dilate,custom cnn,kernel_size-(9_9)_iterations-1,0.1323529481887817,0.38235294117647056,1,1,single,13.0,25.0,-0.02359977530108559,4,"{0: 66, 1: 68, 3: 2, 6: 68}",2.370086193084717,0.1116504818201065,0.4700473248958587,0.2000000029802322,0.0048543689772486,2.080473661422729,0.1176470592617988,0.5116164088249207,0.0,0.0,0.6323529481887817,,,,(9,1.0,
30.0,dilate,custom cnn,kernel_size-(9_9)_iterations-2,0.1449275314807891,0.36764705882352944,3,3,single,12.0,24.0,-0.0110251920090782,4,"{0: 67, 1: 68, 2: 1, 6: 68}",2.102827310562134,0.1553398072719574,0.5610633492469788,0.0,0.0,2.092729330062866,0.1323529481887817,0.4865608215332031,0.0,0.0,0.6029411554336548,,,,(9,2.0,
27.0,dilate,custom cnn,kernel_size-(9_9)_iterations-3,0.1617647111415863,0.38235294117647056,1,1,single,9.0,21.0,0.005811987651719003,4,"{0: 1, 1: 68, 2: 67, 6: 68}",2.389106512069702,0.0922330096364021,0.497996985912323,0.0,0.0,2.079121828079224,0.1323529481887817,0.517980694770813,0.0,0.0,0.6470588445663452,,,,(9,3.0,
31.0,dilate,custom cnn,kernel_size-(9_9)_iterations-5,0.1323529481887817,0.38235294117647056,6,6,single,13.0,25.0,-0.02359977530108559,4,"{1: 68, 3: 67, 6: 68, 7: 1}",2.05711030960083,0.1407766938209533,0.5829770565032959,0.0,0.0,2.1489007472991943,0.1176470592617988,0.5070440173149109,0.0,0.0,0.6029411554336548,,,,(9,5.0,
24.0,dilate,custom cnn,kernel_size-(9_9)_iterations-7,0.1884057968854904,0.39705882352941174,10,10,single,6.0,18.0,0.03245307339562309,6,"{0: 7, 1: 53, 3: 2, 5: 15, 6: 67, 7: 60}",2.011549472808838,0.1990291327238083,0.611091673374176,0.25,0.0048543689772486,2.158498764038086,0.1176470592617988,0.5114927887916565,0.0,0.0,0.6470588445663452,,,,(9,7.0,
21.0,dilate,densenet,kernel_size-(3_3)_iterations-5,0.2058823555707931,0.4264705882352941,14,14,single,12.0,15.0,-0.011842217842105096,8,"{0: 10, 1: 29, 2: 10, 3: 48, 4: 20, 5: 8, 6: 36, 7: 43}",2.150649070739746,0.1359223276376724,0.5693464279174805,0.0,0.0,2.0627808570861816,0.2058823555707931,0.555517852306366,0.0,0.0,0.6764705777168274,,,,(3,5.0,
18.0,dilate,densenet,kernel_size-(11_11)_iterations-1,0.2318840622901916,0.5294117647058824,6,6,single,9.0,12.0,0.014159488877293402,8,"{0: 28, 1: 24, 2: 27, 3: 30, 4: 9, 5: 32, 6: 31, 7: 23}",2.558417558670044,0.1456310749053955,0.5165189504623413,0.1621621549129486,0.029126213863492,2.1145336627960205,0.1323529481887817,0.5082643628120422,0.0,0.0,0.6764705777168274,,,,(11,1.0,
17.0,dilate,densenet,kernel_size-(11_11)_iterations-2,0.2352941185235977,0.47058823529411764,10,10,single,8.0,11.0,0.017569545110699497,8,"{0: 19, 1: 34, 2: 42, 3: 38, 4: 16, 5: 29, 6: 9, 7: 17}",2.4248697757720947,0.1116504818201065,0.4954788982868194,0.1363636404275894,0.014563106931746,2.043687105178833,0.2352941185235977,0.5961597561836243,0.0,0.0,0.7647058963775635,,,,(11,2.0,
9.0,dilate,densenet,kernel_size-(11_11)_iterations-3,0.294117659330368,0.5588235294117647,8,8,single,1.0,3.0,0.0763930859174698,8,"{0: 23, 1: 11, 2: 19, 3: 41, 4: 28, 5: 27, 6: 32, 7: 23}",2.407106637954712,0.116504855453968,0.517594575881958,0.0,0.0,2.02156662940979,0.294117659330368,0.6296651363372803,0.0,0.0,0.7647058963775635,,,,(11,3.0,
19.0,dilate,densenet,kernel_size-(11_11)_iterations-5,0.2205882370471954,0.38235294117647056,1,1,single,10.0,13.0,0.0028636636342972144,8,"{0: 10, 1: 17, 2: 39, 3: 4, 4: 58, 5: 26, 6: 48, 7: 2}",3.208643913269043,0.1601941734552383,0.5026274919509888,0.1443298906087875,0.0679611638188362,2.21614408493042,0.1617647111415863,0.4784354567527771,0.0,0.0,0.5441176295280457,,,,(11,5.0,
16.0,dilate,densenet,kernel_size-(11_11)_iterations-7,0.2463768124580383,0.5,15,15,single,7.0,10.0,0.02865223904514011,8,"{0: 31, 1: 48, 2: 31, 3: 27, 4: 20, 5: 12, 6: 14, 7: 21}",2.2273354530334477,0.1310679614543914,0.529509961605072,0.2000000029802322,0.0048543689772486,2.070108413696289,0.2058823555707931,0.5552860498428345,0.0,0.0,0.6617646813392639,,,,(11,7.0,
17.0,dilate,densenet,kernel_size-(15_15)_iterations-1,0.2352941185235977,0.39705882352941174,6,6,single,8.0,11.0,0.017569545110699497,8,"{0: 45, 1: 18, 2: 25, 3: 14, 4: 41, 5: 4, 6: 30, 7: 27}",2.5588228702545166,0.1359223276376724,0.5082578659057617,0.1199999973177909,0.029126213863492,2.1175856590271,0.073529414832592,0.5004788637161255,0.0,0.0,0.6764705777168274,,,,(15,1.0,
19.0,dilate,densenet,kernel_size-(15_15)_iterations-2,0.2205882370471954,0.4117647058823529,14,14,single,10.0,13.0,0.0028636636342972144,8,"{0: 30, 1: 15, 2: 19, 3: 29, 4: 30, 5: 18, 6: 46, 7: 17}",2.20266056060791,0.1601941734552383,0.5462342500686646,0.2727272808551788,0.014563106931746,2.074790000915528,0.1764705926179886,0.5457087159156799,0.0,0.0,0.7058823704719543,,,,(15,2.0,
16.0,dilate,densenet,kernel_size-(15_15)_iterations-3,0.2463768124580383,0.4117647058823529,9,9,single,7.0,10.0,0.02865223904514011,8,"{0: 10, 1: 16, 2: 25, 3: 21, 4: 12, 5: 56, 6: 31, 7: 33}",2.3857972621917725,0.1262135952711105,0.5063877701759338,0.0833333358168602,0.0048543689772486,2.0590288639068604,0.147058829665184,0.587740957736969,0.0,0.0,0.75,,,,(15,3.0,
20.0,dilate,densenet,kernel_size-(15_15)_iterations-5,0.2173912972211837,0.45588235294117646,8,8,single,11.0,14.0,-0.00033327619171449885,8,"{0: 61, 1: 40, 2: 36, 3: 22, 4: 4, 5: 5, 6: 5, 7: 31}",2.468549966812134,0.1116504818201065,0.5041642189025879,0.1052631586790084,0.0097087379544973,2.0669054985046387,0.1176470592617988,0.5574795603752136,0.0,0.0,0.6470588445663452,,,,(15,5.0,
17.0,dilate,densenet,kernel_size-(15_15)_iterations-7,0.2352941185235977,0.39705882352941174,7,7,single,8.0,11.0,0.017569545110699497,8,"{0: 43, 1: 18, 2: 1, 3: 46, 4: 19, 5: 15, 6: 39, 7: 23}",2.4083139896392822,0.1310679614543914,0.5381279587745667,0.1923076957464218,0.0242718439549207,2.1169512271881104,0.1176470592617988,0.4911950528621673,0.0,0.0,0.6470588445663452,,,,(15,7.0,
22.0,dilate,densenet,kernel_size-(3_3)_iterations-1,0.2028985470533371,0.5441176470588235,13,13,single,13.0,16.0,-0.014826026359561095,8,"{0: 21, 1: 39, 2: 13, 3: 22, 4: 23, 5: 33, 6: 27, 7: 26}",2.275259733200073,0.1553398072719574,0.5218934416770935,0.5,0.0097087379544973,2.0603911876678467,0.147058829665184,0.5766960978507996,0.0,0.0,0.7647058963775635,,,,(3,1.0,
14.0,dilate,densenet,kernel_size-(3_3)_iterations-2,0.260869562625885,0.4852941176470588,6,6,single,5.0,8.0,0.04314498921298682,8,"{0: 27, 1: 17, 2: 33, 3: 16, 4: 37, 5: 41, 6: 27, 7: 6}",2.602515459060669,0.1601941734552383,0.5232602953910828,0.0930232554674148,0.0194174759089946,2.081329584121704,0.1029411777853965,0.5563364624977112,0.0,0.0,0.7058823704719543,,,,(3,2.0,
20.0,dilate,densenet,kernel_size-(3_3)_iterations-3,0.2173912972211837,0.4264705882352941,11,11,single,11.0,14.0,-0.00033327619171449885,8,"{0: 19, 1: 30, 2: 25, 3: 25, 4: 33, 5: 17, 6: 45, 7: 10}",2.293643951416016,0.116504855453968,0.5418108701705933,0.0833333358168602,0.0048543689772486,2.054531574249268,0.147058829665184,0.5759546756744385,0.0,0.0,0.720588207244873,,,,(3,3.0,
23.0,dilate,densenet,kernel_size-(3_3)_iterations-7,0.1911764740943908,0.38235294117647056,14,14,single,14.0,17.0,-0.02654809931850738,8,"{0: 38, 1: 18, 2: 13, 3: 26, 4: 29, 5: 18, 6: 32, 7: 30}",2.299643993377685,0.1067961156368255,0.503573477268219,0.4000000059604645,0.0097087379544973,2.071808338165283,0.1911764740943908,0.5340923070907593,0.0,0.0,0.6176470518112183,,,,(3,7.0,
17.0,dilate,densenet,kernel_size-(5_5)_iterations-1,0.2352941185235977,0.4411764705882353,5,5,single,8.0,11.0,0.017569545110699497,8,"{0: 23, 1: 49, 2: 45, 3: 9, 4: 16, 5: 15, 6: 33, 7: 14}",2.6646652221679688,0.1116504818201065,0.4877647757530212,0.125,0.0242718439549207,2.153932571411133,0.1617647111415863,0.5076773166656494,0.0,0.0,0.6323529481887817,,,,(5,1.0,
17.0,dilate,densenet,kernel_size-(5_5)_iterations-2,0.2352941185235977,0.4411764705882353,8,8,single,8.0,11.0,0.017569545110699497,8,"{0: 41, 1: 32, 2: 13, 3: 11, 4: 27, 5: 21, 6: 22, 7: 37}",2.2983815670013428,0.1747572869062423,0.5639365911483765,0.1304347813129425,0.014563106931746,2.090575695037842,0.1176470592617988,0.5154937505722046,0.0,0.0,0.5882353186607361,,,,(5,2.0,
20.0,dilate,densenet,kernel_size-(5_5)_iterations-3,0.2173912972211837,0.4411764705882353,5,5,single,11.0,14.0,-0.00033327619171449885,8,"{0: 25, 1: 22, 2: 47, 3: 11, 4: 1, 5: 49, 6: 9, 7: 40}",2.705279588699341,0.1504854410886764,0.4984952211380005,0.1147540956735611,0.0339805819094181,2.114896535873413,0.1617647111415863,0.5129140019416809,0.0,0.0,0.6323529481887817,,,,(5,3.0,
21.0,dilate,densenet,kernel_size-(5_5)_iterations-5,0.2058823555707931,0.35294117647058826,10,10,single,12.0,15.0,-0.011842217842105096,8,"{0: 38, 1: 32, 2: 26, 3: 21, 4: 27, 5: 4, 6: 23, 7: 33}",2.3655002117156982,0.116504855453968,0.5191851854324341,0.2777777910232544,0.0242718439549207,2.0842227935791016,0.1617647111415863,0.5276198983192444,0.0,0.0,0.6176470518112183,,,,(5,5.0,
16.0,dilate,densenet,kernel_size-(5_5)_iterations-7,0.2463768124580383,0.4264705882352941,9,9,single,7.0,10.0,0.02865223904514011,8,"{0: 24, 1: 8, 2: 43, 3: 29, 4: 11, 5: 13, 6: 48, 7: 28}",2.3033130168914795,0.1359223276376724,0.5345444679260254,0.1000000014901161,0.0048543689772486,2.0736210346221924,0.2058823555707931,0.5448900461196899,0.0,0.0,0.6764705777168274,,,,(5,7.0,
19.0,dilate,densenet,kernel_size-(9_9)_iterations-1,0.2205882370471954,0.4264705882352941,1,1,single,10.0,13.0,0.0028636636342972144,8,"{0: 39, 1: 21, 2: 40, 3: 34, 4: 11, 5: 13, 6: 22, 7: 24}",3.1482341289520264,0.1067961156368255,0.4787764847278595,0.0860215052962303,0.0388349518179893,2.2536163330078125,0.147058829665184,0.4937129318714142,0.0,0.0,0.6323529481887817,,,,(9,1.0,
21.0,dilate,densenet,kernel_size-(9_9)_iterations-2,0.2058823555707931,0.45588235294117646,5,5,single,12.0,15.0,-0.011842217842105096,8,"{0: 15, 1: 27, 2: 35, 3: 25, 4: 38, 5: 10, 6: 28, 7: 26}",2.536640882492065,0.1456310749053955,0.5168624520301819,0.190476194024086,0.0388349518179893,2.0908188819885254,0.2058823555707931,0.5255653858184814,0.0,0.0,0.6911764740943909,,,,(9,2.0,
17.0,dilate,densenet,kernel_size-(9_9)_iterations-3,0.2352941185235977,0.5441176470588235,9,9,single,8.0,11.0,0.017569545110699497,8,"{0: 13, 1: 37, 2: 49, 3: 29, 4: 26, 5: 19, 6: 22, 7: 9}",2.3506529331207275,0.1262135952711105,0.5220264792442322,0.0714285746216774,0.0048543689772486,2.07968544960022,0.2352941185235977,0.5404720902442932,0.0,0.0,0.6470588445663452,,,,(9,3.0,
17.0,dilate,densenet,kernel_size-(9_9)_iterations-5,0.2352941185235977,0.5,10,10,single,8.0,11.0,0.017569545110699497,8,"{0: 9, 1: 42, 2: 34, 3: 35, 4: 33, 5: 14, 6: 17, 7: 20}",2.2923879623413086,0.1407766938209533,0.5347363352775574,0.2666666805744171,0.0194174759089946,2.0482563972473145,0.2352941185235977,0.5782871842384338,0.0,0.0,0.7352941036224365,,,,(9,5.0,
21.0,dilate,densenet,kernel_size-(9_9)_iterations-7,0.2058823555707931,0.5294117647058824,4,4,single,12.0,15.0,-0.011842217842105096,8,"{0: 14, 1: 38, 2: 18, 3: 22, 4: 16, 5: 16, 6: 45, 7: 35}",2.522450685501098,0.1019417494535446,0.5478165149688721,0.1538461595773697,0.0388349518179893,2.098317623138428,0.1911764740943908,0.5374444127082825,0.0,0.0,0.6617646813392639,,,,(9,7.0,
29.0,dilate,efficientnet,kernel_size-(3_3)_iterations-5,0.147058829665184,0.35294117647058826,12,12,single,16.0,23.0,-0.017453476027318643,3,"{0: 68, 4: 68, 7: 68}",2.1074178218841557,0.1747572869062423,0.5036407709121704,0.0,0.0,2.0802180767059326,0.147058829665184,0.5035529136657715,0.0,0.0,0.6323529481887817,,,,(3,5.0,
28.0,dilate,efficientnet,kernel_size-(11_11)_iterations-1,0.159420296549797,0.36764705882352944,8,8,single,15.0,22.0,-0.0050920091427056335,3,"{0: 68, 5: 68, 7: 68}",2.127753973007202,0.1019417494535446,0.4721547365188598,0.0,0.0,2.0812673568725586,0.1176470592617988,0.4896502792835235,0.0,0.0,0.6176470518112183,,,,(11,1.0,
29.0,dilate,efficientnet,kernel_size-(11_11)_iterations-2,0.147058829665184,0.38235294117647056,6,6,single,16.0,23.0,-0.017453476027318643,3,"{3: 68, 5: 68, 6: 68}",2.1173689365386963,0.1116504818201065,0.5066688656806946,0.0,0.0,2.079506158828736,0.147058829665184,0.5037846565246582,0.0,0.0,0.6470588445663452,,,,(11,2.0,
27.0,dilate,efficientnet,kernel_size-(11_11)_iterations-3,0.1617647111415863,0.39705882352941174,3,3,single,14.0,21.0,-0.0027475945509163324,3,"{1: 68, 3: 68, 5: 68}",2.1234331130981445,0.1067961156368255,0.4997946619987488,0.0,0.0,2.080690383911133,0.1323529481887817,0.5090212821960449,0.0,0.0,0.6323529481887817,,,,(11,3.0,
30.0,dilate,efficientnet,kernel_size-(11_11)_iterations-5,0.1449275314807891,0.4264705882352941,8,8,single,17.0,24.0,-0.019584774211713535,4,"{0: 68, 2: 68, 3: 23, 5: 45}",2.120612621307373,0.1310679614543914,0.4825299680233001,0.0,0.0,2.084651470184326,0.1323529481887817,0.494577944278717,0.0,0.0,0.6029411554336548,,,,(11,5.0,
31.0,dilate,efficientnet,kernel_size-(11_11)_iterations-7,0.1323529481887817,0.38235294117647056,1,1,single,18.0,25.0,-0.032159357503720926,3,"{0: 68, 2: 68, 3: 68}",2.1523122787475586,0.1262135952711105,0.500240683555603,0.0,0.0,2.0831634998321533,0.1029411777853965,0.4956592917442322,0.0,0.0,0.6323529481887817,,,,(11,7.0,
25.0,dilate,efficientnet,kernel_size-(15_15)_iterations-1,0.1764705926179886,0.35294117647058826,8,8,single,12.0,19.0,0.01195828692548595,3,"{0: 68, 4: 68, 6: 68}",2.102848052978516,0.1407766938209533,0.5022234916687012,0.0,0.0,2.080493927001953,0.1176470592617988,0.4915966391563415,0.0,0.0,0.6176470518112183,,,,(15,1.0,
28.0,dilate,efficientnet,kernel_size-(15_15)_iterations-2,0.159420296549797,0.38235294117647056,8,8,single,15.0,22.0,-0.0050920091427056335,3,"{1: 68, 5: 68, 6: 68}",2.1338376998901367,0.1116504818201065,0.4701752960681915,0.0,0.0,2.078399419784546,0.1323529481887817,0.5130375623703003,0.0,0.0,0.6470588445663452,,,,(15,2.0,
25.0,dilate,efficientnet,kernel_size-(15_15)_iterations-3,0.1764705926179886,0.38235294117647056,8,8,single,12.0,19.0,0.01195828692548595,3,"{2: 68, 5: 68, 6: 68}",2.1112630367279053,0.1407766938209533,0.5042871236801147,0.0,0.0,2.0797762870788574,0.1323529481887817,0.499073177576065,0.0,0.0,0.6323529481887817,,,,(15,3.0,
30.0,dilate,efficientnet,kernel_size-(15_15)_iterations-5,0.1449275314807891,0.36764705882352944,10,10,single,17.0,24.0,-0.019584774211713535,3,"{0: 68, 5: 68, 6: 68}",2.097318410873413,0.1213592216372489,0.5181196928024292,0.0,0.0,2.0788278579711914,0.1323529481887817,0.5083261132240295,0.0,0.0,0.6323529481887817,,,,(15,5.0,
31.0,dilate,efficientnet,kernel_size-(15_15)_iterations-7,0.1323529481887817,0.38235294117647056,5,5,single,18.0,25.0,-0.032159357503720926,3,"{3: 68, 5: 68, 6: 68}",2.119097948074341,0.1359223276376724,0.4988638162612915,0.0,0.0,2.080366373062134,0.1323529481887817,0.5107668042182922,0.0,0.0,0.6323529481887817,,,,(15,7.0,
31.0,dilate,efficientnet,kernel_size-(3_3)_iterations-1,0.1323529481887817,0.39705882352941174,5,5,single,18.0,25.0,-0.032159357503720926,4,"{0: 68, 2: 68, 4: 3, 5: 65}",2.125558853149414,0.1262135952711105,0.4879162609577179,0.0,0.0,2.0802810192108154,0.1323529481887817,0.519432783126831,0.0,0.0,0.6323529481887817,,,,(3,1.0,
29.0,dilate,efficientnet,kernel_size-(3_3)_iterations-2,0.147058829665184,0.36764705882352944,10,10,single,16.0,23.0,-0.017453476027318643,4,"{0: 2, 2: 66, 4: 68, 6: 68}",2.108835935592652,0.1067961156368255,0.489427775144577,0.0,0.0,2.079196691513061,0.1323529481887817,0.5110757350921631,0.0,0.0,0.6323529481887817,,,,(3,2.0,
30.0,dilate,efficientnet,kernel_size-(3_3)_iterations-3,0.1449275314807891,0.36764705882352944,11,11,single,17.0,24.0,-0.019584774211713535,3,"{0: 68, 1: 68, 4: 68}",2.1153812408447266,0.1067961156368255,0.4846945703029632,0.0,0.0,2.080922365188598,0.1323529481887817,0.4904535412788391,0.0,0.0,0.6176470518112183,,,,(3,3.0,
21.0,dilate,efficientnet,kernel_size-(3_3)_iterations-7,0.2058823555707931,0.38235294117647056,9,9,single,8.0,15.0,0.04137004987829046,4,"{0: 52, 2: 68, 5: 68, 6: 16}",2.118350028991699,0.1456310749053955,0.4759756028652191,0.0,0.0,2.081108808517456,0.1323529481887817,0.4979455471038818,0.0,0.0,0.6323529481887817,,,,(3,7.0,
29.0,dilate,efficientnet,kernel_size-(5_5)_iterations-1,0.147058829665184,0.36764705882352944,3,3,single,16.0,23.0,-0.017453476027318643,4,"{1: 54, 3: 68, 6: 68, 7: 14}",2.146815776824951,0.1067961156368255,0.4891837239265442,0.0,0.0,2.0809054374694824,0.1176470592617988,0.5078163146972656,0.0,0.0,0.6176470518112183,,,,(5,1.0,
29.0,dilate,efficientnet,kernel_size-(5_5)_iterations-2,0.147058829665184,0.38235294117647056,11,11,single,16.0,23.0,-0.017453476027318643,3,"{0: 68, 2: 68, 5: 68}",2.0727334022521973,0.1601941734552383,0.5423494577407837,0.0,0.0,2.078701972961426,0.147058829665184,0.5124197006225586,0.0,0.0,0.6470588445663452,,,,(5,2.0,
30.0,dilate,efficientnet,kernel_size-(5_5)_iterations-3,0.1449275314807891,0.36764705882352944,10,10,single,17.0,24.0,-0.019584774211713535,3,"{1: 68, 4: 68, 6: 68}",2.123613119125366,0.1019417494535446,0.488453209400177,0.0,0.0,2.0790834426879883,0.1323529481887817,0.5149839520454407,0.0,0.0,0.6323529481887817,,,,(5,3.0,
31.0,dilate,efficientnet,kernel_size-(5_5)_iterations-5,0.1323529481887817,0.36764705882352944,1,1,single,18.0,25.0,-0.032159357503720926,3,"{0: 68, 2: 68, 6: 68}",2.1758389472961426,0.097087375819683,0.4881300330162048,0.0,0.0,2.083625555038452,0.1176470592617988,0.5014829635620117,0.0,0.0,0.6323529481887817,,,,(5,5.0,
25.0,dilate,efficientnet,kernel_size-(5_5)_iterations-7,0.1764705926179886,0.35294117647058826,11,11,single,12.0,19.0,0.01195828692548595,4,"{0: 68, 2: 5, 3: 68, 4: 63}",2.094935178756714,0.1407766938209533,0.5026695728302002,0.0,0.0,2.079339027404785,0.1764705926179886,0.5065497159957886,0.0,0.0,0.6323529481887817,,,,(5,7.0,
30.0,dilate,efficientnet,kernel_size-(9_9)_iterations-1,0.1449275314807891,0.36764705882352944,10,10,single,17.0,24.0,-0.019584774211713535,4,"{1: 1, 2: 68, 3: 67, 4: 68}",2.1164321899414062,0.1116504818201065,0.4873422682285309,0.0,0.0,2.0810797214508057,0.1323529481887817,0.5051903128623962,0.0,0.0,0.6323529481887817,,,,(9,1.0,
28.0,dilate,efficientnet,kernel_size-(9_9)_iterations-2,0.159420296549797,0.38235294117647056,5,5,single,15.0,22.0,-0.0050920091427056335,3,"{3: 68, 5: 68, 7: 68}",2.1386032104492188,0.1067961156368255,0.4803215861320495,0.0,0.0,2.0821001529693604,0.1176470592617988,0.4987487494945526,0.0,0.0,0.6176470518112183,,,,(9,2.0,
23.0,dilate,efficientnet,kernel_size-(9_9)_iterations-3,0.1911764740943908,0.38235294117647056,5,5,single,10.0,17.0,0.026664168401888177,3,"{0: 68, 2: 68, 3: 68}",2.130235195159912,0.0873786434531211,0.4811396300792694,0.0,0.0,2.0788278579711914,0.1911764740943908,0.4919673800468445,0.0,0.0,0.6323529481887817,,,,(9,3.0,
26.0,dilate,efficientnet,kernel_size-(9_9)_iterations-5,0.1739130467176437,0.39705882352941174,5,5,single,13.0,20.0,0.009400741025141074,4,"{0: 2, 3: 68, 5: 68, 7: 66}",2.1670145988464355,0.1019417494535446,0.4498909115791321,0.0,0.0,2.08093786239624,0.1323529481887817,0.5070594549179077,0.0,0.0,0.6323529481887817,,,,(9,5.0,
27.0,dilate,efficientnet,kernel_size-(9_9)_iterations-7,0.1617647111415863,0.36764705882352944,9,9,single,14.0,21.0,-0.0027475945509163324,3,"{0: 68, 1: 68, 6: 68}",2.112654447555542,0.116504855453968,0.4977091550827026,0.0,0.0,2.081422805786133,0.1617647111415863,0.5089285373687744,0.0,0.0,0.6323529481887817,,,,(9,7.0,
14.0,dilate,inception,kernel_size-(3_3)_iterations-5,0.260869562625885,0.39705882352941174,11,11,single,13.0,8.0,0.010133792213193993,8,"{0: 30, 1: 26, 2: 29, 3: 20, 4: 24, 5: 39, 6: 11, 7: 25}",1.9229695796966555,0.276699036359787,0.6776439547538757,0.4210526347160339,0.0388349518179893,2.063440322875977,0.1911764740943908,0.5460177063941956,0.0,0.0,0.6911764740943909,,,,(3,5.0,
6.0,dilate,inception,kernel_size-(11_11)_iterations-1,0.3188405930995941,0.4264705882352941,14,14,single,5.0,1.0,0.0681048226869031,8,"{0: 24, 1: 8, 2: 23, 3: 20, 4: 38, 5: 9, 6: 50, 7: 32}",1.919804930686951,0.252427190542221,0.6876490712165833,0.3125,0.0242718439549207,2.053416967391968,0.1617647111415863,0.5605381727218628,0.0,0.0,0.6911764740943909,,,,(11,1.0,
24.0,dilate,inception,kernel_size-(11_11)_iterations-2,0.1884057968854904,0.45588235294117646,10,10,single,23.0,18.0,-0.06232997352720063,8,"{0: 29, 1: 16, 2: 27, 3: 20, 4: 16, 5: 45, 6: 40, 7: 11}",2.052391290664673,0.2427184432744979,0.6346111297607422,0.25,0.014563106931746,2.0995781421661377,0.1323529481887817,0.5223369002342224,0.0,0.0,0.6911764740943909,,,,(11,2.0,
19.0,dilate,inception,kernel_size-(11_11)_iterations-3,0.2205882370471954,0.39705882352941174,5,5,single,18.0,13.0,-0.03014753336549561,8,"{0: 33, 1: 20, 2: 14, 3: 32, 4: 22, 5: 19, 6: 34, 7: 30}",2.2264087200164795,0.1553398072719574,0.5822465419769287,0.1724137961864471,0.0242718439549207,2.1526191234588623,0.147058829665184,0.4704028367996216,0.0,0.0,0.5882353186607361,,,,(11,3.0,
15.0,dilate,inception,kernel_size-(11_11)_iterations-5,0.25,0.4264705882352941,14,14,single,14.0,9.0,-0.000735770412691017,8,"{0: 25, 1: 24, 2: 14, 3: 39, 4: 31, 5: 16, 6: 34, 7: 21}",1.838324785232544,0.3495145738124847,0.7096030712127686,0.7272727489471436,0.0388349518179893,2.0574536323547363,0.25,0.5578503608703613,0.0,0.0,0.6764705777168274,,,,(11,5.0,
17.0,dilate,inception,kernel_size-(11_11)_iterations-7,0.2352941185235977,0.45588235294117646,6,6,single,16.0,11.0,-0.015441651889093327,8,"{0: 27, 1: 20, 2: 25, 3: 16, 4: 31, 5: 35, 6: 22, 7: 28}",2.1980013847351074,0.1601941734552383,0.5773013234138489,0.3333333432674408,0.0339805819094181,2.096174716949463,0.2352941185235977,0.5342931151390076,0.0,0.0,0.6764705777168274,,,,(11,7.0,
15.0,dilate,inception,kernel_size-(15_15)_iterations-1,0.25,0.4117647058823529,7,7,single,14.0,9.0,-0.000735770412691017,8,"{0: 31, 1: 12, 2: 30, 3: 7, 4: 22, 5: 35, 6: 35, 7: 32}",2.085648775100708,0.237864077091217,0.6437947750091553,0.3461538553237915,0.0436893217265605,2.07700252532959,0.1323529481887817,0.544812798500061,1.0,0.0147058824077248,0.6323529481887817,,,,(15,1.0,
17.0,dilate,inception,kernel_size-(15_15)_iterations-2,0.2352941185235977,0.4852941176470588,10,10,single,16.0,11.0,-0.015441651889093327,8,"{0: 37, 1: 30, 2: 24, 3: 21, 4: 32, 5: 21, 6: 25, 7: 14}",2.1474292278289795,0.1699029058218002,0.5938606858253479,0.3333333432674408,0.0097087379544973,2.0665218830108643,0.2352941185235977,0.5611560344696045,0.0,0.0,0.75,,,,(15,2.0,
17.0,dilate,inception,kernel_size-(15_15)_iterations-3,0.2352941185235977,0.5,13,13,single,16.0,11.0,-0.015441651889093327,8,"{0: 31, 1: 22, 2: 21, 3: 44, 4: 26, 5: 18, 6: 21, 7: 21}",2.0117592811584477,0.223300963640213,0.6404333114624023,0.4285714328289032,0.014563106931746,2.0523011684417725,0.2352941185235977,0.5748887658119202,0.0,0.0,0.75,,,,(15,3.0,
15.0,dilate,inception,kernel_size-(15_15)_iterations-5,0.25,0.5,7,7,single,14.0,9.0,-0.000735770412691017,8,"{0: 33, 1: 20, 2: 26, 3: 35, 4: 19, 5: 11, 6: 28, 7: 32}",2.080080032348633,0.2135922312736511,0.623826801776886,0.3571428656578064,0.0242718439549207,2.080529928207397,0.25,0.5478404760360718,0.0,0.0,0.6764705777168274,,,,(15,5.0,
19.0,dilate,inception,kernel_size-(15_15)_iterations-7,0.2205882370471954,0.47058823529411764,13,13,single,18.0,13.0,-0.03014753336549561,8,"{0: 34, 1: 30, 2: 19, 3: 20, 4: 27, 5: 23, 6: 30, 7: 21}",1.8949190378189087,0.276699036359787,0.6882431507110596,0.6000000238418579,0.029126213863492,2.0694773197174072,0.2205882370471954,0.567412257194519,0.0,0.0,0.6764705777168274,,,,(15,7.0,
9.0,dilate,inception,kernel_size-(3_3)_iterations-1,0.294117659330368,0.5,15,15,single,8.0,3.0,0.04338188891767697,8,"{0: 15, 1: 5, 2: 36, 3: 39, 4: 28, 5: 24, 6: 25, 7: 32}",1.8584038019180296,0.2815533876419067,0.7138060331344604,0.6111111044883728,0.0533980578184127,2.0320773124694824,0.1911764740943908,0.6005004644393921,0.0,0.0,0.7058823704719543,,,,(3,1.0,
12.0,dilate,inception,kernel_size-(3_3)_iterations-2,0.2753623127937317,0.5441176470588235,13,13,single,11.0,6.0,0.024626542381040673,8,"{0: 25, 1: 25, 2: 34, 3: 27, 4: 25, 5: 16, 6: 15, 7: 37}",1.891632318496704,0.2475728094577789,0.702065646648407,0.3499999940395355,0.0339805819094181,1.998334288597107,0.147058829665184,0.6206901669502258,0.0,0.0,0.7647058963775635,,,,(3,2.0,
15.0,dilate,inception,kernel_size-(3_3)_iterations-3,0.25,0.38235294117647056,7,7,single,14.0,9.0,-0.000735770412691017,8,"{0: 25, 1: 20, 2: 28, 3: 19, 4: 21, 5: 29, 6: 25, 7: 37}",2.178807258605957,0.1941747516393661,0.6086560487747192,0.1666666716337204,0.0242718439549207,2.08038330078125,0.1764705926179886,0.5416151285171509,0.0,0.0,0.6911764740943909,,,,(3,3.0,
14.0,dilate,inception,kernel_size-(3_3)_iterations-7,0.260869562625885,0.4264705882352941,15,15,single,13.0,8.0,0.010133792213193993,8,"{0: 10, 1: 23, 2: 26, 3: 28, 4: 21, 5: 38, 6: 15, 7: 43}",1.909517884254456,0.2961165010929107,0.6880915760993958,0.5,0.0436893217265605,2.035341501235962,0.1617647111415863,0.5938735604286194,0.0,0.0,0.8088235259056091,,,,(3,7.0,
11.0,dilate,inception,kernel_size-(5_5)_iterations-1,0.2794117629528045,0.5441176470588235,6,6,single,10.0,5.0,0.028675992540113493,8,"{0: 19, 1: 11, 2: 43, 3: 26, 4: 25, 5: 30, 6: 26, 7: 24}",2.291377067565918,0.2038834989070892,0.580216646194458,0.2222222238779068,0.029126213863492,2.042053699493408,0.1617647111415863,0.5892239212989807,0.0,0.0,0.7352941036224365,,,,(5,1.0,
16.0,dilate,inception,kernel_size-(5_5)_iterations-2,0.2463768124580383,0.4852941176470588,8,8,single,15.0,10.0,-0.004358957954652715,8,"{0: 21, 1: 26, 2: 24, 3: 22, 4: 16, 5: 39, 6: 31, 7: 25}",2.070509433746338,0.2281553447246551,0.6373648047447205,0.375,0.0436893217265605,2.0487303733825684,0.147058829665184,0.577978253364563,0.0,0.0,0.7058823704719543,,,,(5,2.0,
14.0,dilate,inception,kernel_size-(5_5)_iterations-3,0.260869562625885,0.47058823529411764,13,13,single,13.0,8.0,0.010133792213193993,8,"{0: 19, 1: 29, 2: 25, 3: 27, 4: 29, 5: 22, 6: 24, 7: 29}",1.8491851091384888,0.3446601927280426,0.7155110836029053,0.4705882370471954,0.0388349518179893,2.0519368648529053,0.1323529481887817,0.5607852935791016,0.0,0.0,0.75,,,,(5,3.0,
20.0,dilate,inception,kernel_size-(5_5)_iterations-5,0.2173912972211837,0.3382352941176471,15,15,single,19.0,14.0,-0.03334447319150732,8,"{0: 21, 1: 30, 2: 29, 3: 20, 4: 35, 5: 33, 6: 19, 7: 17}",1.9033308029174805,0.2815533876419067,0.6861425042152405,0.625,0.0242718439549207,2.092151403427124,0.1176470592617988,0.5177490711212158,0.0,0.0,0.6470588445663452,,,,(5,5.0,
16.0,dilate,inception,kernel_size-(5_5)_iterations-7,0.2463768124580383,0.4264705882352941,9,9,single,15.0,10.0,-0.004358957954652715,8,"{0: 29, 1: 22, 2: 27, 3: 18, 4: 20, 5: 32, 6: 25, 7: 31}",1.995234966278076,0.2669903039932251,0.647916853427887,0.2727272808551788,0.014563106931746,2.08571720123291,0.147058829665184,0.5343086123466492,0.0,0.0,0.6617646813392639,,,,(5,7.0,
14.0,dilate,inception,kernel_size-(9_9)_iterations-1,0.260869562625885,0.4264705882352941,15,15,single,13.0,8.0,0.010133792213193993,8,"{0: 10, 1: 21, 2: 22, 3: 35, 4: 25, 5: 32, 6: 47, 7: 12}",1.7732526063919067,0.3203883469104767,0.748698890209198,0.6842105388641357,0.0631067976355552,2.069299697875977,0.147058829665184,0.558607280254364,0.0,0.0,0.6764705777168274,,,,(9,1.0,
12.0,dilate,inception,kernel_size-(9_9)_iterations-2,0.2753623127937317,0.4264705882352941,3,3,single,11.0,6.0,0.024626542381040673,8,"{0: 32, 1: 20, 2: 12, 3: 12, 4: 41, 5: 37, 6: 36, 7: 14}",2.52160906791687,0.1504854410886764,0.5239807367324829,0.2380952388048172,0.0485436879098415,2.1473827362060547,0.1176470592617988,0.5021317601203918,0.0,0.0,0.5588235259056091,,,,(9,2.0,
16.0,dilate,inception,kernel_size-(9_9)_iterations-3,0.2463768124580383,0.4117647058823529,14,14,single,15.0,10.0,-0.004358957954652715,8,"{0: 23, 1: 37, 2: 13, 3: 26, 4: 28, 5: 13, 6: 32, 7: 32}",1.844084620475769,0.3446601927280426,0.7104681730270386,0.6315789222717285,0.058252427726984,2.11003851890564,0.1617647111415863,0.50923752784729,0.0,0.0,0.6029411554336548,,,,(9,3.0,
18.0,dilate,inception,kernel_size-(9_9)_iterations-5,0.2318840622901916,0.39705882352941174,13,13,single,17.0,12.0,-0.018851708122499422,8,"{0: 40, 1: 32, 2: 20, 3: 18, 4: 25, 5: 15, 6: 40, 7: 14}",2.0183491706848145,0.2475728094577789,0.645642876625061,0.1428571492433548,0.0048543689772486,2.099522352218628,0.1617647111415863,0.5235418081283569,0.0,0.0,0.6470588445663452,,,,(9,5.0,
17.0,dilate,inception,kernel_size-(9_9)_iterations-7,0.2352941185235977,0.4264705882352941,2,2,single,16.0,11.0,-0.015441651889093327,8,"{0: 27, 1: 8, 2: 44, 3: 21, 4: 32, 5: 37, 6: 20, 7: 15}",2.688627004623413,0.1262135952711105,0.5077882409095764,0.0681818202137947,0.014563106931746,2.119194507598877,0.1323529481887817,0.5171774625778198,0.0,0.0,0.6764705777168274,,,,(9,7.0,
21.0,dilate,mobilenetv3,kernel_size-(3_3)_iterations-5,0.2058823555707931,0.4411764705882353,6,6,single,9.0,15.0,0.022660878196263723,6,"{0: 1, 1: 34, 2: 32, 3: 68, 5: 1, 6: 68}",2.185989618301392,0.116504855453968,0.4830484390258789,0.0,0.0,2.080368757247925,0.1323529481887817,0.5048967599868774,0.0,0.0,0.6617646813392639,,,,(3,5.0,
22.0,dilate,mobilenetv3,kernel_size-(11_11)_iterations-1,0.2028985470533371,0.38235294117647056,14,14,single,10.0,16.0,0.019677069678807724,6,"{0: 18, 2: 16, 3: 1, 4: 33, 6: 68, 7: 68}",2.136547565460205,0.1407766938209533,0.5112016797065735,0.0,0.0,2.0813112258911133,0.1176470592617988,0.5006796717643738,0.0,0.0,0.5882353186607361,,,,(11,1.0,
21.0,dilate,mobilenetv3,kernel_size-(11_11)_iterations-2,0.2058823555707931,0.36764705882352944,13,13,single,9.0,15.0,0.022660878196263723,4,"{0: 68, 3: 13, 5: 68, 6: 55}",2.11353611946106,0.1844660192728042,0.5248154997825623,0.0,0.0,2.077087879180908,0.1323529481887817,0.5190620422363281,0.0,0.0,0.6470588445663452,,,,(11,2.0,
19.0,dilate,mobilenetv3,kernel_size-(11_11)_iterations-3,0.2205882370471954,0.38235294117647056,11,11,single,7.0,13.0,0.03736675967266603,4,"{0: 68, 1: 64, 2: 68, 5: 4}",2.182891607284546,0.1019417494535446,0.4710858762264251,0.0,0.0,2.078062057495117,0.2205882370471954,0.5182124376296997,0.0,0.0,0.6323529481887817,,,,(11,3.0,
24.0,dilate,mobilenetv3,kernel_size-(11_11)_iterations-5,0.1884057968854904,0.39705882352941174,14,14,single,12.0,18.0,0.005184319510961016,3,"{1: 68, 2: 68, 3: 68}",2.1316380500793457,0.1407766938209533,0.5167900323867798,0.0,0.0,2.0775070190429688,0.1323529481887817,0.523758053779602,0.0,0.0,0.6617646813392639,,,,(11,5.0,
27.0,dilate,mobilenetv3,kernel_size-(11_11)_iterations-7,0.1617647111415863,0.36764705882352944,5,5,single,15.0,21.0,-0.02145676623294307,5,"{1: 15, 2: 68, 3: 68, 5: 14, 6: 39}",2.20306658744812,0.1553398072719574,0.5168556571006775,0.0,0.0,2.079293966293335,0.1617647111415863,0.5094537734985352,0.0,0.0,0.6176470518112183,,,,(11,7.0,
21.0,dilate,mobilenetv3,kernel_size-(15_15)_iterations-1,0.2058823555707931,0.38235294117647056,13,13,single,9.0,15.0,0.022660878196263723,7,"{0: 25, 1: 68, 2: 2, 4: 2, 5: 3, 6: 38, 7: 66}",2.1616978645324707,0.1019417494535446,0.5022689700126648,0.0,0.0,2.0813252925872803,0.1176470592617988,0.5185831785202026,0.0,0.0,0.5882353186607361,,,,(15,1.0,
22.0,dilate,mobilenetv3,kernel_size-(15_15)_iterations-2,0.2028985470533371,0.36764705882352944,5,5,single,10.0,16.0,0.019677069678807724,5,"{0: 68, 2: 68, 5: 29, 6: 38, 7: 1}",2.235790014266968,0.1116504818201065,0.4752837717533111,0.0,0.0,2.0867159366607666,0.1176470592617988,0.5054529309272766,0.0,0.0,0.6617646813392639,,,,(15,2.0,
27.0,dilate,mobilenetv3,kernel_size-(15_15)_iterations-3,0.1617647111415863,0.36764705882352944,4,4,single,15.0,21.0,-0.02145676623294307,5,"{0: 68, 1: 9, 3: 46, 5: 13, 6: 68}",2.195118904113769,0.1262135952711105,0.5151572227478027,0.0,0.0,2.0803847312927246,0.1617647111415863,0.515184760093689,0.0,0.0,0.6617646813392639,,,,(15,3.0,
27.0,dilate,mobilenetv3,kernel_size-(15_15)_iterations-5,0.1617647111415863,0.35294117647058826,4,4,single,15.0,21.0,-0.02145676623294307,4,"{0: 68, 1: 2, 4: 68, 6: 66}",2.178490400314331,0.1067961156368255,0.5215181112289429,0.0,0.0,2.090235471725464,0.1176470592617988,0.4880282878875732,0.0,0.0,0.6176470518112183,,,,(15,5.0,
28.0,dilate,mobilenetv3,kernel_size-(15_15)_iterations-7,0.159420296549797,0.35294117647058826,10,10,single,16.0,22.0,-0.02380118082473237,4,"{0: 68, 3: 6, 5: 68, 6: 62}",2.157341957092285,0.1310679614543914,0.5187913179397583,0.0,0.0,2.081840753555298,0.1323529481887817,0.509330153465271,0.0,0.0,0.6911764740943909,,,,(15,7.0,
23.0,dilate,mobilenetv3,kernel_size-(3_3)_iterations-1,0.1911764740943908,0.36764705882352944,4,4,single,11.0,17.0,0.00795499671986144,6,"{0: 68, 1: 67, 2: 3, 3: 7, 5: 32, 6: 27}",2.194570779800415,0.1359223276376724,0.5040363073348999,0.0,0.0,2.093803882598877,0.1323529481887817,0.4901909232139587,0.0,0.0,0.6029411554336548,,,,(3,1.0,
22.0,dilate,mobilenetv3,kernel_size-(3_3)_iterations-2,0.2028985470533371,0.36764705882352944,12,12,single,10.0,16.0,0.019677069678807724,4,"{3: 64, 4: 68, 5: 68, 7: 4}",2.1643166542053223,0.116504855453968,0.4945952296257019,0.0,0.0,2.0813918113708496,0.1323529481887817,0.513701856136322,0.0,0.0,0.6029411554336548,,,,(3,2.0,
28.0,dilate,mobilenetv3,kernel_size-(3_3)_iterations-3,0.159420296549797,0.38235294117647056,4,4,single,16.0,22.0,-0.02380118082473237,5,"{0: 2, 2: 65, 3: 68, 4: 2, 6: 67}",2.2381722927093506,0.1067961156368255,0.4985204637050628,0.0,0.0,2.089439630508423,0.1176470592617988,0.4882599711418152,0.0,0.0,0.6176470518112183,,,,(3,3.0,
27.0,dilate,mobilenetv3,kernel_size-(3_3)_iterations-7,0.1617647111415863,0.36764705882352944,3,3,single,15.0,21.0,-0.02145676623294307,5,"{0: 22, 1: 68, 5: 52, 6: 58, 7: 4}",2.2611188888549805,0.1067961156368255,0.4898620247840881,0.0,0.0,2.087259531021118,0.147058829665184,0.4838729500770569,0.0,0.0,0.6176470518112183,,,,(3,7.0,
30.0,dilate,mobilenetv3,kernel_size-(5_5)_iterations-1,0.1449275314807891,0.36764705882352944,3,3,single,18.0,24.0,-0.03829394589374027,4,"{0: 67, 3: 68, 5: 1, 6: 68}",2.199028730392456,0.1359223276376724,0.5065560936927795,1.0,0.0048543689772486,2.088899612426758,0.1176470592617988,0.4975284337997436,0.0,0.0,0.6323529481887817,,,,(5,1.0,
28.0,dilate,mobilenetv3,kernel_size-(5_5)_iterations-2,0.159420296549797,0.39705882352941174,13,13,single,16.0,22.0,-0.02380118082473237,4,"{0: 68, 3: 49, 6: 68, 7: 19}",2.1320669651031494,0.1504854410886764,0.5199392437934875,0.0,0.0,2.0818748474121094,0.1176470592617988,0.5148912668228149,0.0,0.0,0.6176470518112183,,,,(5,2.0,
25.0,dilate,mobilenetv3,kernel_size-(5_5)_iterations-3,0.1764705926179886,0.38235294117647056,4,4,single,13.0,19.0,-0.006750884756540787,6,"{1: 63, 2: 44, 3: 7, 5: 68, 6: 20, 7: 2}",2.279571294784546,0.097087375819683,0.4436176121234894,0.0,0.0,2.0844502449035645,0.1029411777853965,0.5038309097290039,0.0,0.0,0.6323529481887817,,,,(5,3.0,
22.0,dilate,mobilenetv3,kernel_size-(5_5)_iterations-5,0.2028985470533371,0.38235294117647056,8,8,single,10.0,16.0,0.019677069678807724,5,"{0: 1, 1: 68, 2: 29, 6: 68, 7: 38}",2.166189193725586,0.1213592216372489,0.4979835152626037,0.0,0.0,2.083855152130127,0.1176470592617988,0.5120334625244141,0.0,0.0,0.6176470518112183,,,,(5,5.0,
19.0,dilate,mobilenetv3,kernel_size-(5_5)_iterations-7,0.2205882370471954,0.35294117647058826,15,15,single,7.0,13.0,0.03736675967266603,7,"{0: 44, 1: 68, 2: 8, 4: 3, 5: 55, 6: 23, 7: 3}",2.122809171676636,0.1310679614543914,0.5168960094451904,0.0,0.0,2.0814287662506104,0.1323529481887817,0.4979918301105499,0.0,0.0,0.6029411554336548,,,,(5,7.0,
18.0,dilate,mobilenetv3,kernel_size-(9_9)_iterations-1,0.2318840622901916,0.38235294117647056,13,13,single,6.0,12.0,0.04866258491566222,5,"{0: 1, 1: 67, 4: 1, 5: 68, 7: 67}",2.1285817623138428,0.1456310749053955,0.517796516418457,0.0,0.0,2.085020065307617,0.147058829665184,0.493759274482727,0.0,0.0,0.6176470518112183,,,,(9,1.0,
25.0,dilate,mobilenetv3,kernel_size-(9_9)_iterations-2,0.1764705926179886,0.35294117647058826,13,13,single,13.0,19.0,-0.006750884756540787,4,"{0: 67, 2: 60, 3: 10, 7: 67}",2.2000739574432373,0.0728155374526977,0.4619897902011871,0.0,0.0,2.077291965484619,0.1176470592617988,0.5102107524871826,0.0,0.0,0.6176470518112183,,,,(9,2.0,
26.0,dilate,mobilenetv3,kernel_size-(9_9)_iterations-3,0.1739130467176437,0.38235294117647056,13,13,single,14.0,20.0,-0.009308430656885663,5,"{0: 68, 2: 8, 3: 11, 4: 53, 6: 64}",2.13732647895813,0.1262135952711105,0.5233796834945679,0.0,0.0,2.0815701484680176,0.1176470592617988,0.4898664951324463,0.0,0.0,0.5882353186607361,,,,(9,3.0,
25.0,dilate,mobilenetv3,kernel_size-(9_9)_iterations-5,0.1764705926179886,0.39705882352941174,8,8,single,13.0,19.0,-0.006750884756540787,3,"{2: 68, 3: 68, 5: 68}",2.2185890674591064,0.0873786434531211,0.4683758914470672,0.0,0.0,2.0809226036071777,0.1764705926179886,0.520684003829956,0.0,0.0,0.6323529481887817,,,,(9,5.0,
25.0,dilate,mobilenetv3,kernel_size-(9_9)_iterations-7,0.1764705926179886,0.39705882352941174,11,11,single,13.0,19.0,-0.006750884756540787,6,"{0: 68, 1: 39, 2: 9, 3: 23, 5: 8, 6: 57}",2.153377056121826,0.1310679614543914,0.5161184072494507,0.0,0.0,2.075550079345703,0.1764705926179886,0.5274962782859802,0.0,0.0,0.6323529481887817,,,,(9,7.0,
16.0,dilate,nasnet,kernel_size-(3_3)_iterations-5,0.2463768124580383,0.4852941176470588,11,11,single,11.0,10.0,0.01320855148658634,8,"{0: 28, 1: 18, 2: 25, 3: 24, 4: 26, 5: 30, 6: 25, 7: 28}",1.9936076402664185,0.218446597456932,0.6396505832672119,1.0,0.0097087379544973,2.054687976837158,0.1323529481887817,0.5785806775093079,0.0,0.0,0.6764705777168274,,,,(3,5.0,
14.0,dilate,nasnet,kernel_size-(11_11)_iterations-1,0.260869562625885,0.4411764705882353,13,13,single,9.0,8.0,0.027701301654433047,8,"{0: 22, 1: 17, 2: 36, 3: 28, 4: 27, 5: 13, 6: 31, 7: 30}",1.8910259008407595,0.3009708821773529,0.6900441646575928,0.5,0.0097087379544973,2.104426622390747,0.073529414832592,0.5463575124740601,0.0,0.0,0.7352941036224365,,,,(11,1.0,
23.0,dilate,nasnet,kernel_size-(11_11)_iterations-2,0.1911764740943908,0.5,3,3,single,18.0,17.0,-0.04199178687706115,8,"{0: 26, 1: 20, 2: 33, 3: 24, 4: 28, 5: 15, 6: 33, 7: 25}",2.2086706161499023,0.1747572869062423,0.5525514483451843,0.2857142984867096,0.0097087379544973,2.0889549255371094,0.1911764740943908,0.536532998085022,0.0,0.0,0.6617646813392639,,,,(11,2.0,
21.0,dilate,nasnet,kernel_size-(11_11)_iterations-3,0.2058823555707931,0.35294117647058826,1,1,single,16.0,15.0,-0.027285905400658866,8,"{0: 22, 1: 28, 2: 40, 3: 21, 4: 19, 5: 24, 6: 23, 7: 27}",2.4781744480133057,0.1553398072719574,0.5125837326049805,0.2758620679378509,0.0388349518179893,2.147043228149414,0.1176470592617988,0.5062562227249146,0.0,0.0,0.6176470518112183,,,,(11,3.0,
16.0,dilate,nasnet,kernel_size-(11_11)_iterations-5,0.2463768124580383,0.35294117647058826,4,4,single,11.0,10.0,0.01320855148658634,8,"{0: 22, 1: 18, 2: 29, 3: 41, 4: 24, 5: 28, 6: 18, 7: 24}",2.0709996223449707,0.1699029058218002,0.6015344262123108,0.0,0.0,2.07690691947937,0.1764705926179886,0.5467900037765503,0.0,0.0,0.6176470518112183,,,,(11,5.0,
14.0,dilate,nasnet,kernel_size-(11_11)_iterations-7,0.260869562625885,0.45588235294117646,5,5,single,9.0,8.0,0.027701301654433047,8,"{0: 23, 1: 34, 2: 42, 3: 11, 4: 20, 5: 24, 6: 25, 7: 25}",2.181626558303833,0.1796116530895233,0.5454903841018677,0.0,0.0,2.0623931884765625,0.1764705926179886,0.56331866979599,0.0,0.0,0.6764705777168274,,,,(11,7.0,
13.0,dilate,nasnet,kernel_size-(15_15)_iterations-1,0.2647058963775635,0.45588235294117646,12,12,single,8.0,7.0,0.031537635406111514,8,"{0: 34, 1: 40, 2: 20, 3: 21, 4: 21, 5: 24, 6: 21, 7: 23}",1.9248462915420528,0.276699036359787,0.6671306490898132,0.6666666865348816,0.0194174759089946,2.094346284866333,0.073529414832592,0.5457087159156799,0.0,0.0,0.6764705777168274,,,,(15,1.0,
20.0,dilate,nasnet,kernel_size-(15_15)_iterations-2,0.2173912972211837,0.4117647058823529,10,10,single,15.0,14.0,-0.01577696375026827,8,"{0: 19, 1: 20, 2: 45, 3: 21, 4: 15, 5: 36, 6: 27, 7: 21}",2.026254892349243,0.1747572869062423,0.6168196201324463,0.0,0.0,2.105930805206299,0.1029411777853965,0.5191083550453186,0.0,0.0,0.6470588445663452,,,,(15,2.0,
15.0,dilate,nasnet,kernel_size-(15_15)_iterations-3,0.25,0.4264705882352941,9,9,single,10.0,9.0,0.016831739028548037,8,"{0: 16, 1: 15, 2: 27, 3: 31, 4: 22, 5: 43, 6: 29, 7: 21}",2.061674833297729,0.1893203854560852,0.5831419825553894,0.5,0.0048543689772486,2.08603310585022,0.1323529481887817,0.5384485125541687,0.0,0.0,0.6470588445663452,,,,(15,3.0,
15.0,dilate,nasnet,kernel_size-(15_15)_iterations-5,0.25,0.5588235294117647,4,4,single,10.0,9.0,0.016831739028548037,8,"{0: 28, 1: 20, 2: 30, 3: 16, 4: 22, 5: 20, 6: 29, 7: 39}",2.2256736755371094,0.1601941734552383,0.5378098487854004,0.25,0.0048543689772486,2.0055179595947266,0.25,0.6317813396453857,0.0,0.0,0.8088235259056091,,,,(15,5.0,
23.0,dilate,nasnet,kernel_size-(15_15)_iterations-7,0.1911764740943908,0.4411764705882353,11,11,single,18.0,17.0,-0.04199178687706115,8,"{0: 21, 1: 28, 2: 49, 3: 16, 4: 4, 5: 30, 6: 37, 7: 19}",2.070566177368164,0.1990291327238083,0.5956129431724548,0.0,0.0,2.069746732711792,0.1911764740943908,0.5465120077133179,0.0,0.0,0.7058823704719543,,,,(15,7.0,
13.0,dilate,nasnet,kernel_size-(3_3)_iterations-1,0.2647058963775635,0.47058823529411764,2,2,single,8.0,7.0,0.031537635406111514,8,"{0: 22, 1: 34, 2: 29, 3: 21, 4: 29, 5: 25, 6: 25, 7: 19}",2.323566198348999,0.1262135952711105,0.5198129415512085,0.2307692319154739,0.014563106931746,2.10581636428833,0.1323529481887817,0.5103651881217957,0.0,0.0,0.6029411554336548,,,,(3,1.0,
7.0,dilate,nasnet,kernel_size-(3_3)_iterations-2,0.3088235259056091,0.4411764705882353,14,14,single,2.0,2.0,0.07565526493415711,8,"{0: 24, 1: 37, 2: 24, 3: 38, 4: 13, 5: 24, 6: 28, 7: 16}",1.848972201347351,0.291262149810791,0.7160143256187439,1.0,0.014563106931746,2.0441336631774902,0.1911764740943908,0.5798937082290649,0.0,0.0,0.720588207244873,,,,(3,2.0,
15.0,dilate,nasnet,kernel_size-(3_3)_iterations-3,0.25,0.4264705882352941,5,5,single,10.0,9.0,0.016831739028548037,8,"{0: 23, 1: 35, 2: 14, 3: 21, 4: 31, 5: 33, 6: 19, 7: 28}",2.199702739715576,0.1456310749053955,0.5493566989898682,0.0,0.0,2.0862011909484863,0.1911764740943908,0.5391436219215393,0.0,0.0,0.6617646813392639,,,,(3,3.0,
23.0,dilate,nasnet,kernel_size-(3_3)_iterations-7,0.1911764740943908,0.36764705882352944,7,7,single,18.0,17.0,-0.04199178687706115,8,"{0: 32, 1: 35, 2: 27, 3: 19, 4: 20, 5: 30, 6: 19, 7: 22}",2.1502938270568848,0.1844660192728042,0.5538912415504456,0.3333333432674408,0.0048543689772486,2.1286208629608154,0.1029411777853965,0.4901291131973266,0.0,0.0,0.6176470518112183,,,,(3,7.0,
14.0,dilate,nasnet,kernel_size-(5_5)_iterations-1,0.260869562625885,0.4264705882352941,13,13,single,9.0,8.0,0.027701301654433047,8,"{0: 36, 1: 25, 2: 38, 3: 19, 4: 13, 5: 22, 6: 29, 7: 22}",1.9340758323669436,0.2718446552753448,0.665703296661377,0.4000000059604645,0.0097087379544973,2.088010787963867,0.1029411777853965,0.5388346314430237,0.0,0.0,0.6323529481887817,,,,(5,1.0,
13.0,dilate,nasnet,kernel_size-(5_5)_iterations-2,0.2647058963775635,0.5294117647058824,3,3,single,8.0,7.0,0.031537635406111514,8,"{0: 33, 1: 15, 2: 25, 3: 29, 4: 29, 5: 27, 6: 24, 7: 22}",2.234323501586914,0.1310679614543914,0.5250090956687927,0.0,0.0,1.990934491157532,0.2647058963775635,0.6448652148246765,0.0,0.0,0.8088235259056091,,,,(5,2.0,
22.0,dilate,nasnet,kernel_size-(5_5)_iterations-3,0.2028985470533371,0.5147058823529411,14,14,single,17.0,16.0,-0.030269713918114866,8,"{0: 22, 1: 34, 2: 25, 3: 21, 4: 26, 5: 33, 6: 24, 7: 19}",1.905449390411377,0.2961165010929107,0.6840603351593018,0.7142857313156128,0.0242718439549207,2.081518650054932,0.0882352963089943,0.564322829246521,0.0,0.0,0.7058823704719543,,,,(5,3.0,
19.0,dilate,nasnet,kernel_size-(5_5)_iterations-5,0.2205882370471954,0.4852941176470588,10,10,single,14.0,13.0,-0.012580023924256556,8,"{0: 27, 1: 21, 2: 36, 3: 31, 4: 20, 5: 16, 6: 31, 7: 22}",2.033910036087036,0.1941747516393661,0.6121083498001099,0.0,0.0,2.058929443359375,0.1323529481887817,0.5713976621627808,0.0,0.0,0.6764705777168274,,,,(5,5.0,
19.0,dilate,nasnet,kernel_size-(5_5)_iterations-7,0.2205882370471954,0.47058823529411764,9,9,single,14.0,13.0,-0.012580023924256556,8,"{0: 24, 1: 27, 2: 29, 3: 34, 4: 19, 5: 18, 6: 25, 7: 28}",2.138499975204468,0.1699029058218002,0.5762678384780884,0.0,0.0,2.090443849563598,0.2205882370471954,0.5522274971008301,0.0,0.0,0.6911764740943909,,,,(5,7.0,
14.0,dilate,nasnet,kernel_size-(9_9)_iterations-1,0.260869562625885,0.5,13,13,single,9.0,8.0,0.027701301654433047,8,"{0: 24, 1: 25, 2: 34, 3: 22, 4: 22, 5: 25, 6: 22, 7: 30}",1.895453095436096,0.2621359229087829,0.6914647817611694,0.8333333134651184,0.0242718439549207,2.050748825073242,0.1764705926179886,0.5902434587478638,0.0,0.0,0.6911764740943909,,,,(9,1.0,
10.0,dilate,nasnet,kernel_size-(9_9)_iterations-2,0.2898550629615783,0.38235294117647056,15,15,single,5.0,4.0,0.05668680199012635,8,"{0: 29, 1: 24, 2: 32, 3: 20, 4: 31, 5: 27, 6: 19, 7: 22}",1.8986930847167969,0.2961165010929107,0.6829746961593628,0.0,0.0,2.0558223724365234,0.2205882370471954,0.5551316142082214,0.0,0.0,0.6323529481887817,,,,(9,2.0,
20.0,dilate,nasnet,kernel_size-(9_9)_iterations-3,0.2173912972211837,0.4117647058823529,8,8,single,15.0,14.0,-0.01577696375026827,8,"{0: 36, 1: 19, 2: 29, 3: 38, 4: 18, 5: 11, 6: 32, 7: 21}",2.0531368255615234,0.1699029058218002,0.5956162810325623,0.0,0.0,2.071166753768921,0.1617647111415863,0.5516560077667236,0.0,0.0,0.720588207244873,,,,(9,3.0,
19.0,dilate,nasnet,kernel_size-(9_9)_iterations-5,0.2205882370471954,0.5147058823529411,8,8,single,14.0,13.0,-0.012580023924256556,8,"{0: 14, 1: 25, 2: 11, 3: 20, 4: 19, 5: 51, 6: 36, 7: 28}",2.078150987625122,0.1747572869062423,0.589672863483429,0.0,0.0,2.0993618965148926,0.2205882370471954,0.5326248407363892,0.0,0.0,0.6764705777168274,,,,(9,5.0,
16.0,dilate,nasnet,kernel_size-(9_9)_iterations-7,0.2463768124580383,0.4411764705882353,14,14,single,11.0,10.0,0.01320855148658634,8,"{0: 31, 1: 25, 2: 41, 3: 15, 4: 20, 5: 26, 6: 25, 7: 21}",1.9587664604187007,0.223300963640213,0.6467907428741455,1.0,0.0097087379544973,2.0929951667785645,0.2058823555707931,0.540178656578064,0.0,0.0,0.6470588445663452,,,,(9,7.0,
24.0,dilate,resnet,kernel_size-(3_3)_iterations-5,0.1884057968854904,0.36764705882352944,3,3,single,11.0,18.0,0.014002216146105806,3,"{3: 68, 6: 68, 7: 68}",2.7154932022094727,0.1019417494535446,0.4920014441013336,0.1162790730595588,0.0242718439549207,2.098459482192993,0.1323529481887817,0.5013130307197571,0.0,0.0,0.6323529481887817,,,,(3,5.0,
29.0,dilate,resnet,kernel_size-(11_11)_iterations-1,0.147058829665184,0.36764705882352944,3,3,single,16.0,23.0,-0.02734475107420059,4,"{0: 68, 1: 59, 2: 53, 5: 24}",2.63980484008789,0.0922330096364021,0.5025467276573181,0.1041666641831398,0.0242718439549207,2.1130623817443848,0.1176470592617988,0.4839192628860473,0.0,0.0,0.6029411554336548,,,,(11,1.0,
24.0,dilate,resnet,kernel_size-(11_11)_iterations-2,0.1884057968854904,0.38235294117647056,4,4,single,11.0,18.0,0.014002216146105806,4,"{1: 66, 2: 2, 3: 68, 6: 68}",2.659346580505371,0.1262135952711105,0.4815318584442138,0.0540540553629398,0.0097087379544973,2.102909564971924,0.1323529481887817,0.5111684799194336,0.0,0.0,0.6323529481887817,,,,(11,2.0,
27.0,dilate,resnet,kernel_size-(11_11)_iterations-3,0.1617647111415863,0.39705882352941174,11,11,single,14.0,21.0,-0.01263886959779828,3,"{1: 68, 2: 68, 3: 68}",2.240990161895752,0.1456310749053955,0.5420330762863159,0.0,0.0,2.10119366645813,0.1323529481887817,0.5142887830734253,0.0,0.0,0.6323529481887817,,,,(11,3.0,
24.0,dilate,resnet,kernel_size-(11_11)_iterations-5,0.1884057968854904,0.38235294117647056,13,13,single,11.0,18.0,0.014002216146105806,3,"{1: 68, 2: 68, 6: 68}",2.323336124420166,0.1601941734552383,0.5079110264778137,0.1000000014901161,0.0048543689772486,2.0933408737182617,0.1323529481887817,0.496261715888977,0.0,0.0,0.6764705777168274,,,,(11,5.0,
22.0,dilate,resnet,kernel_size-(11_11)_iterations-7,0.2028985470533371,0.38235294117647056,15,15,single,9.0,16.0,0.028494966313952513,3,"{3: 68, 5: 68, 6: 68}",2.289492607116699,0.1456310749053955,0.4749319851398468,0.0,0.0,2.0817692279815674,0.1176470592617988,0.5039081573486328,0.0,0.0,0.6617646813392639,,,,(11,7.0,
30.0,dilate,resnet,kernel_size-(15_15)_iterations-1,0.1449275314807891,0.38235294117647056,10,10,single,17.0,24.0,-0.029476049258595483,5,"{1: 1, 2: 59, 3: 68, 5: 66, 7: 10}",2.482682704925537,0.1456310749053955,0.4828026890754699,0.125,0.0097087379544973,2.0851404666900635,0.1323529481887817,0.5190929174423218,0.0,0.0,0.6470588445663452,,,,(15,1.0,
22.0,dilate,resnet,kernel_size-(15_15)_iterations-2,0.2028985470533371,0.36764705882352944,3,3,single,9.0,16.0,0.028494966313952513,4,"{0: 68, 4: 68, 5: 63, 6: 5}",2.8834340572357178,0.116504855453968,0.4691872000694275,0.0983606576919555,0.029126213863492,2.103055953979492,0.1323529481887817,0.51005619764328,0.0,0.0,0.6176470518112183,,,,(15,2.0,
26.0,dilate,resnet,kernel_size-(15_15)_iterations-3,0.1739130467176437,0.38235294117647056,9,9,single,13.0,20.0,-0.0004905340217408738,3,"{1: 68, 5: 68, 7: 68}",2.306362628936768,0.1359223276376724,0.5080037117004395,0.2222222238779068,0.0097087379544973,2.0885493755340576,0.1176470592617988,0.5085887312889099,0.0,0.0,0.6764705777168274,,,,(15,3.0,
25.0,dilate,resnet,kernel_size-(15_15)_iterations-5,0.1764705926179886,0.38235294117647056,11,11,single,12.0,19.0,0.0020670118786040026,4,"{0: 33, 1: 35, 3: 68, 6: 68}",2.2863099575042725,0.1650485396385193,0.5449281334877014,0.0,0.0,2.0948686599731445,0.1029411777853965,0.4954121112823486,0.0,0.0,0.6176470518112183,,,,(15,5.0,
27.0,dilate,resnet,kernel_size-(15_15)_iterations-7,0.1617647111415863,0.4117647058823529,10,10,single,14.0,21.0,-0.01263886959779828,4,"{1: 67, 2: 1, 3: 68, 5: 68}",2.394334316253662,0.097087375819683,0.4873119592666626,0.1538461595773697,0.0097087379544973,2.087131977081299,0.1617647111415863,0.5199733972549438,0.0,0.0,0.6470588445663452,,,,(15,7.0,
26.0,dilate,resnet,kernel_size-(3_3)_iterations-1,0.1739130467176437,0.38235294117647056,3,3,single,13.0,20.0,-0.0004905340217408738,4,"{1: 68, 3: 65, 6: 68, 7: 3}",2.615492105484009,0.116504855453968,0.4942046999931335,0.1219512224197387,0.0242718439549207,2.102396249771118,0.1323529481887817,0.4919519126415252,0.0,0.0,0.6029411554336548,,,,(3,1.0,
19.0,dilate,resnet,kernel_size-(3_3)_iterations-2,0.2205882370471954,0.39705882352941174,13,13,single,6.0,13.0,0.04618465630781082,5,"{1: 68, 2: 68, 3: 2, 5: 1, 6: 65}",2.3462655544281006,0.1213592216372489,0.486946702003479,0.2000000029802322,0.0048543689772486,2.0770456790924072,0.2205882370471954,0.526260495185852,0.0,0.0,0.6323529481887817,,,,(3,2.0,
25.0,dilate,resnet,kernel_size-(3_3)_iterations-3,0.1764705926179886,0.38235294117647056,8,8,single,12.0,19.0,0.0020670118786040026,3,"{1: 68, 2: 68, 6: 68}",2.408385753631592,0.116504855453968,0.4964197874069214,0.0909090936183929,0.0048543689772486,2.081865072250366,0.1764705926179886,0.5209466218948364,0.0,0.0,0.6470588445663452,,,,(3,3.0,
21.0,dilate,resnet,kernel_size-(3_3)_iterations-7,0.2058823555707931,0.36764705882352944,9,9,single,8.0,15.0,0.03147877483140851,4,"{0: 68, 2: 5, 4: 68, 6: 63}",2.311808586120605,0.1747572869062423,0.5223445296287537,0.1666666716337204,0.0097087379544973,2.102001190185547,0.1176470592617988,0.493465781211853,0.0,0.0,0.6029411554336548,,,,(3,7.0,
25.0,dilate,resnet,kernel_size-(5_5)_iterations-1,0.1764705926179886,0.39705882352941174,12,12,single,12.0,19.0,0.0020670118786040026,3,"{1: 68, 3: 68, 5: 68}",2.328184127807617,0.1504854410886764,0.519176721572876,0.1428571492433548,0.0097087379544973,2.0837693214416504,0.1764705926179886,0.5157408714294434,0.0,0.0,0.6470588445663452,,,,(5,1.0,
26.0,dilate,resnet,kernel_size-(5_5)_iterations-2,0.1739130467176437,0.36764705882352944,5,5,single,13.0,20.0,-0.0004905340217408738,3,"{3: 68, 6: 68, 7: 68}",2.470778226852417,0.1456310749053955,0.5071603059768677,0.1599999964237213,0.0194174759089946,2.125016689300537,0.1176470592617988,0.4896657168865204,0.0,0.0,0.6176470518112183,,,,(5,2.0,
27.0,dilate,resnet,kernel_size-(5_5)_iterations-3,0.1617647111415863,0.36764705882352944,11,11,single,14.0,21.0,-0.01263886959779828,5,"{0: 68, 2: 21, 5: 67, 6: 33, 7: 15}",2.317215919494629,0.1262135952711105,0.5063474178314209,0.0,0.0,2.094470262527466,0.1176470592617988,0.4900982677936554,0.0,0.0,0.6029411554336548,,,,(5,3.0,
30.0,dilate,resnet,kernel_size-(5_5)_iterations-5,0.1449275314807891,0.36764705882352944,12,12,single,17.0,24.0,-0.029476049258595483,5,"{2: 68, 3: 3, 4: 2, 6: 63, 7: 68}",2.3701908588409424,0.097087375819683,0.5019155740737915,0.2000000029802322,0.014563106931746,2.0945959091186523,0.1176470592617988,0.5072138905525208,0.0,0.0,0.6029411554336548,,,,(5,5.0,
25.0,dilate,resnet,kernel_size-(5_5)_iterations-7,0.1764705926179886,0.4117647058823529,5,5,single,12.0,19.0,0.0020670118786040026,4,"{1: 40, 2: 28, 4: 68, 7: 68}",2.6217939853668213,0.116504855453968,0.4673979878425598,0.1153846159577369,0.014563106931746,2.123680591583252,0.147058829665184,0.4957673847675323,0.0,0.0,0.6176470518112183,,,,(5,7.0,
23.0,dilate,resnet,kernel_size-(9_9)_iterations-1,0.1911764740943908,0.36764705882352944,13,13,single,10.0,17.0,0.01677289335500623,3,"{0: 68, 2: 68, 7: 68}",2.2345690727233887,0.1650485396385193,0.5280624628067017,0.125,0.0048543689772486,2.0970795154571533,0.1029411777853965,0.5073683857917786,0.0,0.0,0.6176470518112183,,,,(9,1.0,
27.0,dilate,resnet,kernel_size-(9_9)_iterations-2,0.1617647111415863,0.35294117647058826,13,13,single,14.0,21.0,-0.01263886959779828,3,"{0: 68, 6: 68, 7: 68}",2.323922872543335,0.1310679614543914,0.506377637386322,0.4000000059604645,0.0097087379544973,2.0865073204040527,0.1176470592617988,0.4997373819351196,0.0,0.0,0.6029411554336548,,,,(9,2.0,
21.0,dilate,resnet,kernel_size-(9_9)_iterations-3,0.2058823555707931,0.38235294117647056,2,2,single,8.0,15.0,0.03147877483140851,4,"{0: 61, 3: 63, 5: 68, 6: 12}",2.769062042236328,0.1262135952711105,0.4931577742099762,0.1230769231915474,0.0388349518179893,2.10581374168396,0.2058823555707931,0.533072829246521,0.0,0.0,0.6323529481887817,,,,(9,3.0,
29.0,dilate,resnet,kernel_size-(9_9)_iterations-5,0.147058829665184,0.36764705882352944,5,5,single,16.0,23.0,-0.02734475107420059,3,"{0: 68, 1: 68, 7: 68}",2.5152463912963867,0.116504855453968,0.5095168352127075,0.1500000059604644,0.029126213863492,2.1063191890716557,0.1323529481887817,0.4753923714160919,0.0,0.0,0.6323529481887817,,,,(9,5.0,
27.0,dilate,resnet,kernel_size-(9_9)_iterations-7,0.1617647111415863,0.38235294117647056,6,6,single,14.0,21.0,-0.01263886959779828,3,"{1: 68, 3: 68, 6: 68}",2.593425273895264,0.0922330096364021,0.4757921695709228,0.147058829665184,0.0242718439549207,2.096762180328369,0.1617647111415863,0.5013439059257507,0.0,0.0,0.6323529481887817,,,,(9,7.0,
20.0,erode,chexnet,kernel_size-(3_3)_iterations-5,0.2173912972211837,0.4117647058823529,10,10,single,12.0,11.0,0.013191502362775276,8,"{0: 26, 1: 25, 2: 22, 3: 25, 4: 27, 5: 24, 6: 34, 7: 21}",2.548125743865967,0.1262135952711105,0.5166805982589722,0.1500000059604644,0.029126213863492,2.1561145782470703,0.147058829665184,0.5204214453697205,0.0,0.0,0.6617646813392639,,,,(3,5.0,
21.0,erode,chexnet,kernel_size-(11_11)_iterations-1,0.2058823555707931,0.4264705882352941,12,12,single,13.0,12.0,0.0016825607123846786,8,"{0: 33, 1: 28, 2: 31, 3: 15, 4: 23, 5: 28, 6: 27, 7: 19}",2.3760814666748047,0.1553398072719574,0.5539619326591492,0.1944444477558136,0.0339805819094181,2.133082389831543,0.2058823555707931,0.5389273166656494,0.0,0.0,0.7352941036224365,,,,(11,1.0,
21.0,erode,chexnet,kernel_size-(11_11)_iterations-2,0.2058823555707931,0.35294117647058826,10,10,single,13.0,12.0,0.0016825607123846786,8,"{0: 33, 1: 18, 2: 36, 3: 22, 4: 15, 5: 32, 6: 22, 7: 26}",2.431102514266968,0.2135922312736511,0.5446639657020569,0.1842105239629745,0.0339805819094181,2.198247194290161,0.1323529481887817,0.4989032447338104,0.0,0.0,0.6323529481887817,,,,(11,2.0,
21.0,erode,chexnet,kernel_size-(11_11)_iterations-3,0.2058823555707931,0.35294117647058826,4,4,single,13.0,12.0,0.0016825607123846786,8,"{0: 34, 1: 24, 2: 25, 3: 27, 4: 18, 5: 28, 6: 29, 7: 19}",2.5587849617004395,0.1067961156368255,0.5101042985916138,0.078947365283966,0.014563106931746,2.232734441757202,0.0882352963089943,0.451618880033493,0.0,0.0,0.5147058963775635,,,,(11,3.0,
23.0,erode,chexnet,kernel_size-(11_11)_iterations-5,0.1911764740943908,0.35294117647058826,6,6,single,15.0,14.0,-0.013023320764017604,8,"{0: 26, 1: 31, 2: 26, 3: 16, 4: 21, 5: 30, 6: 21, 7: 33}",2.4624311923980717,0.1116504818201065,0.511444091796875,0.0833333358168602,0.0097087379544973,2.142217874526977,0.147058829665184,0.5212092399597168,0.0,0.0,0.5882353186607361,,,,(11,5.0,
22.0,erode,chexnet,kernel_size-(11_11)_iterations-7,0.2028985470533371,0.3382352941176471,14,14,single,14.0,13.0,-0.0013012478050713205,8,"{0: 29, 1: 29, 2: 25, 3: 24, 4: 8, 5: 40, 6: 36, 7: 13}",2.2383501529693604,0.1699029058218002,0.5681934356689453,0.1333333402872085,0.0097087379544973,2.1501810550689697,0.1176470592617988,0.4883990287780761,0.0,0.0,0.6029411554336548,,,,(11,7.0,
23.0,erode,chexnet,kernel_size-(15_15)_iterations-1,0.1911764740943908,0.47058823529411764,8,8,single,15.0,14.0,-0.013023320764017604,8,"{0: 26, 1: 27, 2: 29, 3: 33, 4: 20, 5: 18, 6: 28, 7: 23}",2.541357517242432,0.1213592216372489,0.5170474648475647,0.1111111119389534,0.0194174759089946,2.068063974380493,0.1911764740943908,0.5635658502578735,0.0,0.0,0.720588207244873,,,,(15,1.0,
26.0,erode,chexnet,kernel_size-(15_15)_iterations-2,0.1739130467176437,0.38235294117647056,15,15,single,18.0,17.0,-0.030286748140764708,8,"{0: 29, 1: 26, 2: 26, 3: 27, 4: 13, 5: 37, 6: 21, 7: 25}",2.401149034500122,0.1941747516393661,0.5458691120147705,0.1875,0.029126213863492,2.182555675506592,0.073529414832592,0.4995365738868713,0.0,0.0,0.6176470518112183,,,,(15,2.0,
21.0,erode,chexnet,kernel_size-(15_15)_iterations-3,0.2058823555707931,0.4117647058823529,4,4,single,13.0,12.0,0.0016825607123846786,8,"{0: 33, 1: 18, 2: 25, 3: 20, 4: 33, 5: 27, 6: 24, 7: 24}",2.452185869216919,0.1456310749053955,0.5323057770729065,0.2000000029802322,0.0339805819094181,2.177330255508423,0.2058823555707931,0.4939291477203369,0.0,0.0,0.5735294222831726,,,,(15,3.0,
20.0,erode,chexnet,kernel_size-(15_15)_iterations-5,0.2173912972211837,0.3088235294117647,7,7,single,12.0,11.0,0.013191502362775276,8,"{0: 35, 1: 27, 2: 21, 3: 18, 4: 12, 5: 35, 6: 35, 7: 21}",2.360193014144897,0.1262135952711105,0.5265526175498962,0.125,0.0097087379544973,2.247450351715088,0.073529414832592,0.4313055872917175,0.0,0.0,0.6029411554336548,,,,(15,5.0,
17.0,erode,chexnet,kernel_size-(15_15)_iterations-7,0.2352941185235977,0.4852941176470588,6,6,single,9.0,8.0,0.031094323665189272,8,"{0: 30, 1: 28, 2: 31, 3: 31, 4: 24, 5: 13, 6: 35, 7: 12}",2.324770450592041,0.1213592216372489,0.5087778568267822,0.2727272808551788,0.014563106931746,2.040372610092163,0.2205882370471954,0.6100778579711914,0.0,0.0,0.75,,,,(15,7.0,
24.0,erode,chexnet,kernel_size-(3_3)_iterations-1,0.1884057968854904,0.4117647058823529,4,4,single,16.0,15.0,-0.015793997972918028,8,"{0: 31, 1: 28, 2: 22, 3: 32, 4: 19, 5: 24, 6: 31, 7: 17}",2.6689376831054688,0.116504855453968,0.4948426485061645,0.1500000059604644,0.0436893217265605,2.2002105712890625,0.1029411777853965,0.5116318464279175,0.0,0.0,0.6764705777168274,,,,(3,1.0,
27.0,erode,chexnet,kernel_size-(3_3)_iterations-2,0.1617647111415863,0.3235294117647059,1,1,single,19.0,18.0,-0.042435083716822114,8,"{0: 29, 1: 26, 2: 23, 3: 19, 4: 26, 5: 27, 6: 31, 7: 23}",3.072750329971313,0.0776699036359787,0.4359556436538696,0.0454545468091964,0.014563106931746,2.2959461212158203,0.1176470592617988,0.4518042802810669,0.0,0.0,0.5588235259056091,,,,(3,2.0,
20.0,erode,chexnet,kernel_size-(3_3)_iterations-3,0.2173912972211837,0.45588235294117646,2,2,single,12.0,11.0,0.013191502362775276,8,"{0: 35, 1: 26, 2: 24, 3: 17, 4: 13, 5: 36, 6: 32, 7: 21}",2.7854654788970947,0.1067961156368255,0.4696854650974273,0.0740740746259689,0.0194174759089946,2.24804949760437,0.1323529481887817,0.496400773525238,0.0,0.0,0.6764705777168274,,,,(3,3.0,
24.0,erode,chexnet,kernel_size-(3_3)_iterations-7,0.1884057968854904,0.4852941176470588,1,1,single,16.0,15.0,-0.015793997972918028,8,"{0: 26, 1: 24, 2: 24, 3: 34, 4: 19, 5: 26, 6: 27, 7: 24}",2.735666036605835,0.1504854410886764,0.5283586382865906,0.1954022943973541,0.0825242698192596,2.1916756629943848,0.1323529481887817,0.5544518828392029,0.6666666865348816,0.0294117648154497,0.6617646813392639,,,,(3,7.0,
22.0,erode,chexnet,kernel_size-(5_5)_iterations-1,0.2028985470533371,0.3088235294117647,8,8,single,14.0,13.0,-0.0013012478050713205,8,"{0: 26, 1: 18, 2: 35, 3: 24, 4: 23, 5: 31, 6: 20, 7: 27}",2.722822666168213,0.097087375819683,0.4828565120697021,0.0750000029802322,0.014563106931746,2.311612844467163,0.073529414832592,0.4458570182323456,0.0,0.0,0.5441176295280457,,,,(5,1.0,
25.0,erode,chexnet,kernel_size-(5_5)_iterations-2,0.1764705926179886,0.4411764705882353,15,15,single,17.0,16.0,-0.02772920224041983,8,"{0: 32, 1: 27, 2: 27, 3: 24, 4: 19, 5: 32, 6: 30, 7: 13}",2.4086623191833496,0.1796116530895233,0.5511071681976318,0.2162162214517593,0.0388349518179893,2.1030495166778564,0.1764705926179886,0.5656203627586365,0.0,0.0,0.7352941036224365,,,,(5,2.0,
23.0,erode,chexnet,kernel_size-(5_5)_iterations-3,0.1911764740943908,0.4852941176470588,15,15,single,15.0,14.0,-0.013023320764017604,8,"{0: 23, 1: 31, 2: 23, 3: 24, 4: 18, 5: 31, 6: 38, 7: 16}",2.5169920921325684,0.097087375819683,0.5138090252876282,0.0810810774564743,0.014563106931746,2.082674026489258,0.1764705926179886,0.5786424875259399,0.0,0.0,0.720588207244873,,,,(5,3.0,
25.0,erode,chexnet,kernel_size-(5_5)_iterations-5,0.1764705926179886,0.5147058823529411,3,3,single,17.0,16.0,-0.02772920224041983,8,"{0: 27, 1: 34, 2: 29, 3: 22, 4: 21, 5: 19, 6: 29, 7: 23}",2.655693531036377,0.116504855453968,0.4864787757396698,0.145454540848732,0.0388349518179893,2.105168342590332,0.1764705926179886,0.5726798176765442,0.0,0.0,0.6911764740943909,,,,(5,5.0,
23.0,erode,chexnet,kernel_size-(5_5)_iterations-7,0.1911764740943908,0.39705882352941174,6,6,single,15.0,14.0,-0.013023320764017604,8,"{0: 27, 1: 12, 2: 35, 3: 18, 4: 25, 5: 33, 6: 33, 7: 21}",2.527682065963745,0.1504854410886764,0.5080642104148865,0.147058829665184,0.0242718439549207,2.230957508087158,0.1176470592617988,0.4664483368396759,0.0,0.0,0.6029411554336548,,,,(5,7.0,
18.0,erode,chexnet,kernel_size-(9_9)_iterations-1,0.2318840622901916,0.5588235294117647,13,13,single,10.0,9.0,0.027684267431783177,8,"{0: 27, 1: 33, 2: 30, 3: 18, 4: 20, 5: 22, 6: 34, 7: 20}",2.3689680099487305,0.1553398072719574,0.5731925368309021,0.2000000029802322,0.0339805819094181,1.9919787645339968,0.1764705926179886,0.6373733282089233,0.0,0.0,0.779411792755127,,,,(9,1.0,
22.0,erode,chexnet,kernel_size-(9_9)_iterations-2,0.2028985470533371,0.36764705882352944,10,10,single,14.0,13.0,-0.0013012478050713205,8,"{0: 30, 1: 15, 2: 32, 3: 27, 4: 24, 5: 32, 6: 26, 7: 18}",2.476850986480713,0.1310679614543914,0.5256134271621704,0.0967741906642913,0.014563106931746,2.1799657344818115,0.1764705926179886,0.5004479885101318,0.0,0.0,0.6323529481887817,,,,(9,2.0,
22.0,erode,chexnet,kernel_size-(9_9)_iterations-3,0.2028985470533371,0.4264705882352941,5,5,single,14.0,13.0,-0.0013012478050713205,8,"{0: 33, 1: 37, 2: 28, 3: 19, 4: 15, 5: 28, 6: 23, 7: 21}",2.412341594696045,0.1844660192728042,0.5536353588104248,0.2162162214517593,0.0388349518179893,2.1714963912963867,0.1323529481887817,0.5021780729293823,0.0,0.0,0.6176470518112183,,,,(9,3.0,
33.0,erode,chexnet,kernel_size-(9_9)_iterations-5,0.1159420311450958,0.47058823529411764,1,1,single,23.0,23.0,-0.08825776371331262,8,"{0: 39, 1: 28, 2: 33, 3: 27, 4: 18, 5: 17, 6: 17, 7: 25}",2.7116003036499023,0.1116504818201065,0.5180659294128418,0.0909090936183929,0.0242718439549207,2.306882381439209,0.0882352963089943,0.4818184673786163,0.0,0.0,0.5882353186607361,,,,(9,5.0,
19.0,erode,chexnet,kernel_size-(9_9)_iterations-7,0.2205882370471954,0.4264705882352941,1,1,single,11.0,10.0,0.01638844218878699,8,"{0: 32, 1: 34, 2: 35, 3: 21, 4: 16, 5: 13, 6: 21, 7: 32}",2.5716757774353027,0.1359223276376724,0.4951860606670379,0.1724137961864471,0.0242718439549207,2.2455859184265137,0.1323529481887817,0.5019463896751404,0.0,0.0,0.6323529481887817,,,,(9,7.0,
23.0,erode,custom cnn,kernel_size-(3_3)_iterations-5,0.1911764740943908,0.38235294117647056,12,12,single,5.0,14.0,0.03522375060452351,4,"{0: 4, 1: 68, 5: 64, 6: 68}",2.0212931632995605,0.1990291327238083,0.5934938192367554,0.0,0.0,2.2058205604553223,0.1911764740943908,0.5175790786743164,0.0,0.0,0.6176470518112183,,,,(3,5.0,
30.0,erode,custom cnn,kernel_size-(11_11)_iterations-1,0.1449275314807891,0.38235294117647056,5,5,single,12.0,21.0,-0.0110251920090782,3,"{1: 68, 3: 68, 6: 68}",2.1166107654571533,0.1213592216372489,0.540319561958313,0.0,0.0,2.133460521697998,0.0882352963089943,0.5002471208572388,0.0,0.0,0.6323529481887817,,,,(11,1.0,
26.0,erode,custom cnn,kernel_size-(11_11)_iterations-2,0.1739130467176437,0.38235294117647056,15,15,single,8.0,17.0,0.01796032322777641,3,"{1: 68, 3: 68, 6: 68}",1.9798521995544436,0.2281553447246551,0.6379708051681519,0.0,0.0,2.2135324478149414,0.1323529481887817,0.5135781764984131,0.0,0.0,0.5735294222831726,,,,(11,2.0,
27.0,erode,custom cnn,kernel_size-(11_11)_iterations-3,0.1617647111415863,0.38235294117647056,13,13,single,9.0,18.0,0.005811987651719003,3,"{1: 68, 3: 68, 6: 68}",2.0202598571777344,0.1796116530895233,0.6083548069000244,0.0,0.0,2.144740581512451,0.1617647111415863,0.5150766372680664,0.0,0.0,0.6470588445663452,,,,(11,3.0,
27.0,erode,custom cnn,kernel_size-(11_11)_iterations-5,0.1617647111415863,0.38235294117647056,9,9,single,9.0,18.0,0.005811987651719003,3,"{1: 68, 5: 68, 6: 68}",2.050206661224365,0.1601941734552383,0.5889777541160583,0.0,0.0,2.103366613388061,0.1617647111415863,0.5054838061332703,0.0,0.0,0.6323529481887817,,,,(11,5.0,
25.0,erode,custom cnn,kernel_size-(11_11)_iterations-7,0.1764705926179886,0.3382352941176471,15,15,single,7.0,16.0,0.020517869128121285,5,"{1: 35, 3: 30, 4: 46, 5: 25, 6: 68}",2.062509536743164,0.1990291327238083,0.5710514783859253,0.0,0.0,2.091804027557373,0.1176470592617988,0.5165132880210876,0.0,0.0,0.6323529481887817,,,,(11,7.0,
26.0,erode,custom cnn,kernel_size-(15_15)_iterations-1,0.1739130467176437,0.38235294117647056,2,2,single,8.0,17.0,0.01796032322777641,3,"{1: 68, 3: 68, 6: 68}",2.213512659072876,0.116504855453968,0.5161503553390503,0.5,0.0048543689772486,2.093435764312744,0.1323529481887817,0.5052520632743835,0.0,0.0,0.6176470518112183,,,,(15,1.0,
27.0,erode,custom cnn,kernel_size-(15_15)_iterations-2,0.1617647111415863,0.38235294117647056,8,8,single,9.0,18.0,0.005811987651719003,3,"{1: 68, 3: 68, 6: 68}",2.0522329807281494,0.2135922312736511,0.5976445078849792,0.0,0.0,2.101776123046875,0.1617647111415863,0.5080480575561523,0.0,0.0,0.6323529481887817,,,,(15,2.0,
29.0,erode,custom cnn,kernel_size-(15_15)_iterations-3,0.147058829665184,0.38235294117647056,12,12,single,11.0,20.0,-0.008893893824683308,3,"{1: 68, 3: 68, 6: 68}",1.9911476373672483,0.252427190542221,0.628455638885498,0.0,0.0,2.122451066970825,0.1176470592617988,0.5095618963241577,0.0,0.0,0.6323529481887817,,,,(15,3.0,
31.0,erode,custom cnn,kernel_size-(15_15)_iterations-5,0.1323529481887817,0.36764705882352944,1,1,single,13.0,22.0,-0.02359977530108559,3,"{4: 68, 5: 68, 6: 68}",2.27310562133789,0.1116504818201065,0.4891837239265442,0.2000000029802322,0.0048543689772486,2.079744338989258,0.1323529481887817,0.5052521228790283,0.0,0.0,0.6323529481887817,,,,(15,5.0,
25.0,erode,custom cnn,kernel_size-(15_15)_iterations-7,0.1764705926179886,0.36764705882352944,14,14,single,7.0,16.0,0.020517869128121285,5,"{1: 8, 2: 67, 4: 43, 5: 18, 6: 68}",2.040121793746948,0.1699029058218002,0.5882892608642578,0.0,0.0,2.083641529083252,0.1764705926179886,0.5164669156074524,0.0,0.0,0.6323529481887817,,,,(15,7.0,
31.0,erode,custom cnn,kernel_size-(3_3)_iterations-1,0.1323529481887817,0.38235294117647056,1,1,single,13.0,22.0,-0.02359977530108559,3,"{1: 68, 3: 68, 6: 68}",2.3679118156433105,0.1504854410886764,0.4886854588985443,0.25,0.0097087379544973,2.0812323093414307,0.1323529481887817,0.4989495873451233,0.0,0.0,0.6176470518112183,,,,(3,1.0,
26.0,erode,custom cnn,kernel_size-(3_3)_iterations-2,0.1739130467176437,0.36764705882352944,10,10,single,8.0,17.0,0.01796032322777641,3,"{0: 68, 1: 68, 6: 68}",2.0228679180145264,0.2087378650903701,0.5973045229911804,0.0,0.0,2.232877016067505,0.1176470592617988,0.5066577792167664,0.0,0.0,0.6323529481887817,,,,(3,2.0,
24.0,erode,custom cnn,kernel_size-(3_3)_iterations-3,0.1884057968854904,0.36764705882352944,4,4,single,6.0,15.0,0.03245307339562309,4,"{0: 67, 1: 68, 3: 1, 6: 68}",2.0992696285247803,0.1553398072719574,0.5401023626327515,0.0,0.0,2.097046136856079,0.1176470592617988,0.4945625364780426,0.0,0.0,0.5735294222831726,,,,(3,3.0,
31.0,erode,custom cnn,kernel_size-(3_3)_iterations-7,0.1323529481887817,0.38235294117647056,1,1,single,13.0,22.0,-0.02359977530108559,3,"{1: 68, 3: 68, 6: 68}",2.428924083709717,0.1359223276376724,0.5026241540908813,0.1875,0.014563106931746,2.086435317993164,0.1176470592617988,0.4957982897758484,0.0,0.0,0.6323529481887817,,,,(3,7.0,
25.0,erode,custom cnn,kernel_size-(5_5)_iterations-1,0.1764705926179886,0.38235294117647056,5,5,single,7.0,16.0,0.020517869128121285,3,"{1: 68, 3: 68, 6: 68}",2.06921648979187,0.223300963640213,0.573310375213623,0.5,0.0097087379544973,2.1091465950012207,0.1764705926179886,0.5036455988883972,0.0,0.0,0.6764705777168274,,,,(5,1.0,
28.0,erode,custom cnn,kernel_size-(5_5)_iterations-2,0.159420296549797,0.38235294117647056,11,11,single,10.0,19.0,0.0034675730599297017,5,"{0: 18, 1: 68, 3: 36, 5: 14, 6: 68}",2.022794485092163,0.1504854410886764,0.6109266877174377,0.0,0.0,2.269242286682129,0.1176470592617988,0.5107822418212891,0.0,0.0,0.6323529481887817,,,,(5,2.0,
26.0,erode,custom cnn,kernel_size-(5_5)_iterations-3,0.1739130467176437,0.39705882352941174,12,12,single,8.0,17.0,0.01796032322777641,4,"{0: 4, 1: 68, 3: 64, 6: 68}",2.0049033164978027,0.1941747516393661,0.6230373382568359,1.0,0.0048543689772486,2.19783616065979,0.1176470592617988,0.5099171996116638,0.0,0.0,0.6176470518112183,,,,(5,3.0,
27.0,erode,custom cnn,kernel_size-(5_5)_iterations-5,0.1617647111415863,0.38235294117647056,3,3,single,9.0,18.0,0.005811987651719003,3,"{1: 68, 3: 68, 6: 68}",2.1744277477264404,0.1893203854560852,0.5331944823265076,0.0,0.0,2.089041233062744,0.1176470592617988,0.4974048137664795,0.0,0.0,0.6323529481887817,,,,(5,5.0,
30.0,erode,custom cnn,kernel_size-(5_5)_iterations-7,0.1449275314807891,0.38235294117647056,15,15,single,12.0,21.0,-0.0110251920090782,3,"{1: 68, 3: 68, 6: 68}",1.992886304855347,0.223300963640213,0.6361579895019531,0.0,0.0,2.170092821121216,0.1176470592617988,0.5089130997657776,0.0,0.0,0.6323529481887817,,,,(5,7.0,
26.0,erode,custom cnn,kernel_size-(9_9)_iterations-1,0.1739130467176437,0.36764705882352944,9,9,single,8.0,17.0,0.01796032322777641,3,"{0: 68, 1: 68, 6: 68}",2.030071258544922,0.2087378650903701,0.5969560146331787,0.0,0.0,2.1553211212158203,0.1323529481887817,0.5172237753868103,0.0,0.0,0.6323529481887817,,,,(9,1.0,
27.0,erode,custom cnn,kernel_size-(9_9)_iterations-2,0.1617647111415863,0.36764705882352944,5,5,single,9.0,18.0,0.005811987651719003,3,"{0: 68, 1: 68, 6: 68}",2.0775187015533447,0.1601941734552383,0.5724418759346008,0.0,0.0,2.133239984512329,0.1176470592617988,0.4949023723602295,0.0,0.0,0.6176470518112183,,,,(9,2.0,
28.0,erode,custom cnn,kernel_size-(9_9)_iterations-3,0.159420296549797,0.36764705882352944,10,10,single,10.0,19.0,0.0034675730599297017,4,"{1: 68, 3: 7, 5: 61, 6: 68}",2.019537210464477,0.1941747516393661,0.6034347414970398,0.0,0.0,2.106590032577514,0.1176470592617988,0.5129294395446777,0.0,0.0,0.6470588445663452,,,,(9,3.0,
26.0,erode,custom cnn,kernel_size-(9_9)_iterations-5,0.1739130467176437,0.4117647058823529,15,15,single,8.0,17.0,0.01796032322777641,4,"{1: 68, 4: 67, 5: 40, 6: 29}",2.0308609008789062,0.2087378650903701,0.6060067415237427,0.0,0.0,2.102126359939575,0.147058829665184,0.5171774625778198,0.0,0.0,0.6323529481887817,,,,(9,5.0,
27.0,erode,custom cnn,kernel_size-(9_9)_iterations-7,0.1617647111415863,0.35294117647058826,15,15,single,9.0,18.0,0.005811987651719003,4,"{1: 68, 3: 4, 4: 64, 6: 68}",2.0527899265289307,0.1747572869062423,0.5844044089317322,0.0,0.0,2.106637716293335,0.1617647111415863,0.51005619764328,0.0,0.0,0.6176470518112183,,,,(9,7.0,
21.0,erode,densenet,kernel_size-(3_3)_iterations-5,0.2058823555707931,0.3382352941176471,14,14,single,12.0,12.0,-0.011842217842105096,8,"{0: 22, 1: 49, 2: 49, 3: 25, 4: 19, 5: 13, 6: 14, 7: 13}",2.186212539672852,0.1553398072719574,0.5693835616111755,0.4166666567325592,0.0242718439549207,2.0925984382629395,0.1029411777853965,0.5042943358421326,0.0,0.0,0.6323529481887817,,,,(3,5.0,
16.0,erode,densenet,kernel_size-(11_11)_iterations-1,0.2463768124580383,0.38235294117647056,14,14,single,7.0,7.0,0.02865223904514011,8,"{0: 38, 1: 5, 2: 10, 3: 10, 4: 24, 5: 59, 6: 22, 7: 36}",2.195963859558105,0.1699029058218002,0.5741116404533386,0.1428571492433548,0.0097087379544973,2.084045171737671,0.1617647111415863,0.520668625831604,0.0,0.0,0.6176470518112183,,,,(11,1.0,
25.0,erode,densenet,kernel_size-(11_11)_iterations-2,0.1764705926179886,0.4852941176470588,2,2,single,16.0,16.0,-0.041253980794909606,8,"{0: 32, 1: 22, 2: 5, 3: 38, 4: 28, 5: 13, 6: 42, 7: 24}",2.863144397735596,0.116504855453968,0.4777177274227142,0.15625,0.0485436879098415,2.1271939277648926,0.1764705926179886,0.4871478378772735,0.0,0.0,0.6176470518112183,,,,(11,2.0,
22.0,erode,densenet,kernel_size-(11_11)_iterations-3,0.2028985470533371,0.45588235294117646,4,4,single,13.0,13.0,-0.014826026359561095,8,"{0: 42, 1: 35, 2: 24, 3: 25, 4: 11, 5: 22, 6: 27, 7: 18}",2.6239497661590576,0.1262135952711105,0.5144638419151306,0.0930232554674148,0.0194174759089946,2.134199857711792,0.1029411777853965,0.5082024931907654,0.0,0.0,0.6323529481887817,,,,(11,3.0,
20.0,erode,densenet,kernel_size-(11_11)_iterations-5,0.2173912972211837,0.45588235294117646,4,4,single,11.0,11.0,-0.00033327619171449885,8,"{0: 32, 1: 34, 2: 32, 3: 25, 4: 11, 5: 38, 6: 20, 7: 12}",2.701662302017212,0.1262135952711105,0.5061740279197693,0.1568627506494522,0.0388349518179893,2.1456594467163086,0.1176470592617988,0.5102879405021667,0.0,0.0,0.6176470518112183,,,,(11,5.0,
24.0,erode,densenet,kernel_size-(11_11)_iterations-7,0.1884057968854904,0.39705882352941174,10,10,single,15.0,15.0,-0.029318776527407803,8,"{0: 34, 1: 13, 2: 53, 3: 30, 4: 10, 5: 29, 6: 19, 7: 16}",2.3663535118103027,0.1359223276376724,0.5096700191497803,0.0666666701436042,0.0048543689772486,2.09417986869812,0.1176470592617988,0.5144741535186768,0.0,0.0,0.6764705777168274,,,,(11,7.0,
21.0,erode,densenet,kernel_size-(15_15)_iterations-1,0.2058823555707931,0.38235294117647056,2,2,single,12.0,12.0,-0.011842217842105096,8,"{0: 15, 1: 41, 2: 24, 3: 41, 4: 44, 5: 7, 6: 22, 7: 10}",3.050062417984009,0.1310679614543914,0.4801179468631744,0.1323529481887817,0.0436893217265605,2.2369110584259038,0.1323529481887817,0.4603775143623352,0.0,0.0,0.6470588445663452,,,,(15,1.0,
23.0,erode,densenet,kernel_size-(15_15)_iterations-2,0.1911764740943908,0.35294117647058826,10,10,single,14.0,14.0,-0.02654809931850738,8,"{0: 17, 1: 22, 2: 35, 3: 23, 4: 6, 5: 42, 6: 27, 7: 32}",2.3177058696746826,0.1359223276376724,0.5233191251754761,0.2000000029802322,0.0194174759089946,2.088630199432373,0.1911764740943908,0.5176099538803101,0.0,0.0,0.6470588445663452,,,,(15,2.0,
22.0,erode,densenet,kernel_size-(15_15)_iterations-3,0.2028985470533371,0.47058823529411764,9,9,single,13.0,13.0,-0.014826026359561095,8,"{0: 18, 1: 22, 2: 43, 3: 19, 4: 21, 5: 48, 6: 22, 7: 11}",2.3295223712921143,0.1553398072719574,0.5286397337913513,0.3333333432674408,0.0242718439549207,2.0706450939178467,0.1323529481887817,0.5463420152664185,0.0,0.0,0.6176470518112183,,,,(15,3.0,
18.0,erode,densenet,kernel_size-(15_15)_iterations-5,0.2318840622901916,0.38235294117647056,5,5,single,9.0,9.0,0.014159488877293402,8,"{0: 34, 1: 16, 2: 22, 3: 40, 4: 14, 5: 42, 6: 20, 7: 16}",2.547529458999634,0.0873786434531211,0.4737789928913116,0.0869565233588218,0.0097087379544973,2.115953207015991,0.147058829665184,0.4912877082824707,0.0,0.0,0.6911764740943909,,,,(15,5.0,
19.0,erode,densenet,kernel_size-(15_15)_iterations-7,0.2205882370471954,0.5294117647058824,5,5,single,10.0,10.0,0.0028636636342972144,8,"{0: 32, 1: 23, 2: 28, 3: 29, 4: 19, 5: 45, 6: 13, 7: 15}",2.420982360839844,0.1407766938209533,0.5043729543685913,0.1739130467176437,0.0194174759089946,2.072237253189087,0.2205882370471954,0.5620056986808777,0.0,0.0,0.7058823704719543,,,,(15,7.0,
23.0,erode,densenet,kernel_size-(3_3)_iterations-1,0.1911764740943908,0.45588235294117646,9,9,single,14.0,14.0,-0.02654809931850738,8,"{0: 31, 1: 19, 2: 23, 3: 4, 4: 19, 5: 35, 6: 38, 7: 35}",2.380558013916016,0.1407766938209533,0.5321761965751648,0.095238097012043,0.0097087379544973,2.0683979988098145,0.1911764740943908,0.5578657388687134,0.0,0.0,0.6764705777168274,,,,(3,1.0,
17.0,erode,densenet,kernel_size-(3_3)_iterations-2,0.2352941185235977,0.47058823529411764,15,15,single,8.0,8.0,0.017569545110699497,8,"{0: 36, 1: 24, 2: 16, 3: 31, 4: 11, 5: 45, 6: 31, 7: 10}",2.176501035690308,0.1359223276376724,0.5564060211181641,0.2000000029802322,0.0048543689772486,2.0656838417053223,0.2352941185235977,0.5477014780044556,0.0,0.0,0.6470588445663452,,,,(3,2.0,
13.0,erode,densenet,kernel_size-(3_3)_iterations-3,0.2647058963775635,0.5147058823529411,7,7,single,4.0,4.0,0.046981322964665284,8,"{0: 34, 1: 31, 2: 19, 3: 47, 4: 31, 5: 9, 6: 16, 7: 17}",2.5985610485076904,0.1213592216372489,0.5090017914772034,0.0652173906564712,0.014563106931746,2.061659097671509,0.1176470592617988,0.5672732591629028,0.0,0.0,0.6764705777168274,,,,(3,3.0,
21.0,erode,densenet,kernel_size-(3_3)_iterations-7,0.2058823555707931,0.35294117647058826,1,1,single,12.0,12.0,-0.011842217842105096,8,"{0: 22, 1: 39, 2: 19, 3: 19, 4: 1, 5: 41, 6: 43, 7: 20}",3.1645450592041016,0.0922330096364021,0.471410721540451,0.0874999985098838,0.0339805819094181,2.13283634185791,0.2058823555707931,0.5434997081756592,0.0,0.0,0.6617646813392639,,,,(3,7.0,
11.0,erode,densenet,kernel_size-(5_5)_iterations-1,0.2794117629528045,0.38235294117647056,9,9,single,2.0,3.0,0.06168718953990632,8,"{0: 40, 1: 36, 2: 39, 3: 15, 4: 16, 5: 26, 6: 12, 7: 20}",2.2983686923980717,0.1116504818201065,0.5570674538612366,0.0454545468091964,0.0048543689772486,2.120696783065796,0.1176470592617988,0.4793159961700439,0.0,0.0,0.5735294222831726,,,,(5,1.0,
20.0,erode,densenet,kernel_size-(5_5)_iterations-2,0.2173912972211837,0.4264705882352941,14,14,single,11.0,11.0,-0.00033327619171449885,8,"{0: 33, 1: 30, 2: 16, 3: 25, 4: 23, 5: 36, 6: 26, 7: 15}",2.254697322845459,0.1407766938209533,0.532356321811676,0.0,0.0,2.064809799194336,0.1323529481887817,0.5605999827384949,0.0,0.0,0.720588207244873,,,,(5,2.0,
19.0,erode,densenet,kernel_size-(5_5)_iterations-3,0.2205882370471954,0.47058823529411764,1,1,single,10.0,10.0,0.0028636636342972144,8,"{0: 56, 1: 36, 2: 8, 3: 2, 4: 39, 5: 13, 6: 16, 7: 34}",3.553478956222534,0.1067961156368255,0.4924289286136627,0.1081081107258796,0.058252427726984,2.1647000312805176,0.2205882370471954,0.5406265258789062,0.0,0.0,0.6323529481887817,,,,(5,3.0,
20.0,erode,densenet,kernel_size-(5_5)_iterations-5,0.2173912972211837,0.3088235294117647,1,1,single,11.0,11.0,-0.00033327619171449885,8,"{0: 16, 1: 30, 2: 49, 3: 18, 4: 3, 5: 24, 6: 51, 7: 13}",3.1989188194274902,0.1504854410886764,0.505980372428894,0.1619047671556472,0.0825242698192596,2.244740724563598,0.147058829665184,0.4626637399196625,0.0,0.0,0.5588235259056091,,,,(5,5.0,
23.0,erode,densenet,kernel_size-(5_5)_iterations-7,0.1911764740943908,0.38235294117647056,3,3,single,14.0,14.0,-0.02654809931850738,8,"{0: 14, 1: 42, 2: 43, 3: 21, 4: 6, 5: 34, 6: 35, 7: 9}",2.59902572631836,0.1359223276376724,0.5133781433105469,0.1500000059604644,0.029126213863492,2.105501651763916,0.1617647111415863,0.5199425220489502,0.0,0.0,0.6470588445663452,,,,(5,7.0,
22.0,erode,densenet,kernel_size-(9_9)_iterations-1,0.2028985470533371,0.38235294117647056,8,8,single,13.0,13.0,-0.014826026359561095,8,"{0: 23, 1: 12, 2: 46, 3: 27, 4: 10, 5: 29, 6: 37, 7: 20}",2.468934774398804,0.1601941734552383,0.5234116911888123,0.1428571492433548,0.0194174759089946,2.1224496364593506,0.073529414832592,0.510040819644928,0.0,0.0,0.7058823704719543,,,,(9,1.0,
17.0,erode,densenet,kernel_size-(9_9)_iterations-2,0.2352941185235977,0.5441176470588235,5,5,single,8.0,8.0,0.017569545110699497,8,"{0: 14, 1: 19, 2: 24, 3: 31, 4: 30, 5: 22, 6: 30, 7: 34}",2.671790361404419,0.1407766938209533,0.4977327287197113,0.1886792480945587,0.0485436879098415,2.055461168289185,0.2352941185235977,0.5764025449752808,0.0,0.0,0.7352941036224365,,,,(9,2.0,
19.0,erode,densenet,kernel_size-(9_9)_iterations-3,0.2205882370471954,0.4117647058823529,2,2,single,10.0,10.0,0.0028636636342972144,8,"{0: 22, 1: 42, 2: 8, 3: 23, 4: 23, 5: 35, 6: 19, 7: 32}",3.022251844406128,0.1067961156368255,0.4785559475421905,0.0675675645470619,0.0242718439549207,2.0956172943115234,0.2205882370471954,0.5578657984733582,0.0,0.0,0.6911764740943909,,,,(9,3.0,
24.0,erode,densenet,kernel_size-(9_9)_iterations-5,0.1884057968854904,0.4117647058823529,4,4,single,15.0,15.0,-0.029318776527407803,8,"{0: 22, 1: 20, 2: 29, 3: 15, 4: 37, 5: 34, 6: 25, 7: 22}",2.580028533935547,0.1116504818201065,0.5200822949409485,0.1296296268701553,0.0339805819094181,2.1709346771240234,0.0588235296308994,0.4642548263072967,0.0,0.0,0.6029411554336548,,,,(9,5.0,
21.0,erode,densenet,kernel_size-(9_9)_iterations-7,0.2058823555707931,0.39705882352941174,12,12,single,12.0,12.0,-0.011842217842105096,8,"{0: 36, 1: 35, 2: 27, 3: 21, 4: 17, 5: 23, 6: 15, 7: 30}",2.197279214859009,0.1893203854560852,0.5811407566070557,0.2000000029802322,0.014563106931746,2.076669454574585,0.2058823555707931,0.5466665029525757,0.0,0.0,0.6617646813392639,,,,(9,7.0,
31.0,erode,efficientnet,kernel_size-(3_3)_iterations-5,0.1323529481887817,0.39705882352941174,1,1,single,18.0,22.0,-0.032159357503720926,3,"{1: 68, 3: 68, 5: 68}",2.1088407039642334,0.1359223276376724,0.5393012166023254,0.0,0.0,2.0849616527557373,0.1323529481887817,0.4955357313156128,0.0,0.0,0.6029411554336548,,,,(3,5.0,
30.0,erode,efficientnet,kernel_size-(11_11)_iterations-1,0.1449275314807891,0.4411764705882353,3,3,single,17.0,21.0,-0.019584774211713535,4,"{0: 21, 1: 68, 3: 47, 5: 68}",2.154331684112549,0.1067961156368255,0.4646981060504913,0.0,0.0,2.0789802074432373,0.1323529481887817,0.5158489942550659,0.0,0.0,0.6470588445663452,,,,(11,1.0,
26.0,erode,efficientnet,kernel_size-(11_11)_iterations-2,0.1739130467176437,0.38235294117647056,11,11,single,13.0,17.0,0.009400741025141074,3,"{0: 68, 1: 68, 2: 68}",2.104711532592773,0.1116504818201065,0.4978556036949157,0.0,0.0,2.0811526775360107,0.1176470592617988,0.5034447908401489,0.0,0.0,0.6323529481887817,,,,(11,2.0,
30.0,erode,efficientnet,kernel_size-(11_11)_iterations-3,0.1449275314807891,0.36764705882352944,6,6,single,17.0,21.0,-0.019584774211713535,3,"{0: 68, 3: 68, 6: 68}",2.1484477519989014,0.1213592216372489,0.4751272201538086,0.0,0.0,2.0843722820281982,0.1176470592617988,0.5040472149848938,0.0,0.0,0.6323529481887817,,,,(11,3.0,
31.0,erode,efficientnet,kernel_size-(11_11)_iterations-5,0.1323529481887817,0.35294117647058826,2,2,single,18.0,22.0,-0.032159357503720926,4,"{0: 33, 2: 35, 3: 68, 5: 68}",2.1640560626983643,0.1213592216372489,0.4840482473373413,0.0,0.0,2.081907033920288,0.1323529481887817,0.5059317946434021,0.0,0.0,0.6323529481887817,,,,(11,5.0,
29.0,erode,efficientnet,kernel_size-(11_11)_iterations-7,0.147058829665184,0.36764705882352944,1,1,single,16.0,20.0,-0.017453476027318643,4,"{4: 68, 5: 68, 6: 67, 7: 1}",2.1997530460357666,0.1067961156368255,0.4772615432739258,0.0,0.0,2.080615282058716,0.147058829665184,0.5054992437362671,0.0,0.0,0.6323529481887817,,,,(11,7.0,
29.0,erode,efficientnet,kernel_size-(15_15)_iterations-1,0.147058829665184,0.36764705882352944,14,14,single,16.0,20.0,-0.017453476027318643,3,"{0: 68, 1: 68, 6: 68}",2.0945138931274414,0.116504855453968,0.5080676078796387,0.0,0.0,2.0801782608032227,0.1176470592617988,0.4841201305389404,0.0,0.0,0.6176470518112183,,,,(15,1.0,
31.0,erode,efficientnet,kernel_size-(15_15)_iterations-2,0.1323529481887817,0.38235294117647056,2,2,single,18.0,22.0,-0.032159357503720926,4,"{2: 68, 4: 5, 5: 68, 6: 63}",2.117362260818481,0.1407766938209533,0.5133158564567566,0.0,0.0,2.0795063972473145,0.1323529481887817,0.50837242603302,0.0,0.0,0.6470588445663452,,,,(15,2.0,
31.0,erode,efficientnet,kernel_size-(15_15)_iterations-3,0.1323529481887817,0.38235294117647056,2,2,single,18.0,22.0,-0.032159357503720926,3,"{2: 68, 3: 68, 6: 68}",2.1334340572357178,0.1359223276376724,0.5151539444923401,0.0,0.0,2.0886898040771484,0.1176470592617988,0.4901600480079651,0.0,0.0,0.6176470518112183,,,,(15,3.0,
26.0,erode,efficientnet,kernel_size-(15_15)_iterations-5,0.1739130467176437,0.38235294117647056,5,5,single,13.0,17.0,0.009400741025141074,3,"{1: 68, 3: 68, 4: 68}",2.122921705245972,0.1213592216372489,0.5075054168701172,0.0,0.0,2.0878829956054688,0.1323529481887817,0.5023171305656433,0.0,0.0,0.6176470518112183,,,,(15,5.0,
31.0,erode,efficientnet,kernel_size-(15_15)_iterations-7,0.1323529481887817,0.38235294117647056,2,2,single,18.0,22.0,-0.032159357503720926,3,"{2: 68, 5: 68, 6: 68}",2.1783816814422607,0.1407766938209533,0.4784381091594696,0.0,0.0,2.085928678512573,0.1176470592617988,0.4852941036224365,0.0,0.0,0.6029411554336548,,,,(15,7.0,
27.0,erode,efficientnet,kernel_size-(3_3)_iterations-1,0.1617647111415863,0.36764705882352944,7,7,single,14.0,18.0,-0.0027475945509163324,3,"{1: 68, 6: 68, 7: 68}",2.119567394256592,0.1359223276376724,0.4983201324939728,0.0,0.0,2.082409620285034,0.1176470592617988,0.4948096871376037,0.0,0.0,0.6323529481887817,,,,(3,1.0,
25.0,erode,efficientnet,kernel_size-(3_3)_iterations-2,0.1764705926179886,0.36764705882352944,5,5,single,12.0,16.0,0.01195828692548595,3,"{0: 68, 1: 68, 7: 68}",2.130695581436157,0.1359223276376724,0.491334855556488,0.0,0.0,2.079703092575073,0.1323529481887817,0.5098708868026733,0.0,0.0,0.6470588445663452,,,,(3,2.0,
27.0,erode,efficientnet,kernel_size-(3_3)_iterations-3,0.1617647111415863,0.38235294117647056,5,5,single,14.0,18.0,-0.0027475945509163324,4,"{0: 1, 1: 68, 2: 67, 6: 68}",2.12414026260376,0.1456310749053955,0.5021646022796631,0.0,0.0,2.081628799438477,0.1617647111415863,0.4980536103248596,0.0,0.0,0.6470588445663452,,,,(3,3.0,
26.0,erode,efficientnet,kernel_size-(3_3)_iterations-7,0.1739130467176437,0.38235294117647056,13,13,single,13.0,17.0,0.009400741025141074,3,"{0: 68, 1: 68, 3: 68}",2.0953187942504883,0.1504854410886764,0.5044184327125549,0.0,0.0,2.0802481174468994,0.1176470592617988,0.4988259673118591,0.0,0.0,0.6323529481887817,,,,(3,7.0,
31.0,erode,efficientnet,kernel_size-(5_5)_iterations-1,0.1323529481887817,0.36764705882352944,2,2,single,18.0,22.0,-0.032159357503720926,5,"{0: 35, 2: 54, 4: 18, 5: 29, 6: 68}",2.1682920455932617,0.1310679614543914,0.4842552542686462,0.0,0.0,2.0809812545776367,0.1176470592617988,0.4970032274723053,0.0,0.0,0.6176470518112183,,,,(5,1.0,
29.0,erode,efficientnet,kernel_size-(5_5)_iterations-2,0.147058829665184,0.35294117647058826,1,1,single,16.0,20.0,-0.017453476027318643,3,"{0: 68, 4: 68, 7: 68}",2.152426242828369,0.1359223276376724,0.5158810615539551,0.0,0.0,2.081284284591675,0.1176470592617988,0.5045106410980225,0.0,0.0,0.6323529481887817,,,,(5,2.0,
29.0,erode,efficientnet,kernel_size-(5_5)_iterations-3,0.147058829665184,0.36764705882352944,13,13,single,16.0,20.0,-0.017453476027318643,3,"{0: 68, 1: 68, 6: 68}",2.1093544960021973,0.1213592216372489,0.4726074934005737,0.0,0.0,2.081085681915283,0.1176470592617988,0.4957983195781708,0.0,0.0,0.6323529481887817,,,,(5,3.0,
27.0,erode,efficientnet,kernel_size-(5_5)_iterations-5,0.1617647111415863,0.38235294117647056,3,3,single,14.0,18.0,-0.0027475945509163324,3,"{3: 68, 5: 68, 7: 68}",2.1308603286743164,0.1310679614543914,0.5039404034614563,0.0,0.0,2.0782806873321533,0.1323529481887817,0.526631236076355,0.0,0.0,0.6470588445663452,,,,(5,5.0,
28.0,erode,efficientnet,kernel_size-(5_5)_iterations-7,0.159420296549797,0.35294117647058826,10,10,single,15.0,19.0,-0.0050920091427056335,4,"{0: 34, 1: 68, 2: 34, 6: 68}",2.123927354812622,0.116504855453968,0.4587428867816925,0.0,0.0,2.0784289836883545,0.1323529481887817,0.5134546756744385,0.0,0.0,0.6470588445663452,,,,(5,7.0,
28.0,erode,efficientnet,kernel_size-(9_9)_iterations-1,0.159420296549797,0.38235294117647056,1,1,single,15.0,19.0,-0.0050920091427056335,3,"{0: 68, 1: 68, 2: 68}",2.1600453853607178,0.1456310749053955,0.506121814250946,0.0,0.0,2.096590995788574,0.1176470592617988,0.4890632629394531,0.0,0.0,0.6176470518112183,,,,(9,1.0,
23.0,erode,efficientnet,kernel_size-(9_9)_iterations-2,0.1911764740943908,0.38235294117647056,3,3,single,10.0,14.0,0.026664168401888177,3,"{0: 68, 1: 68, 5: 68}",2.1482183933258057,0.116504855453968,0.4792713522911072,0.0,0.0,2.0820648670196533,0.1323529481887817,0.506240725517273,0.0,0.0,0.6323529481887817,,,,(9,2.0,
30.0,erode,efficientnet,kernel_size-(9_9)_iterations-3,0.1449275314807891,0.36764705882352944,9,9,single,17.0,21.0,-0.019584774211713535,4,"{0: 68, 1: 10, 5: 58, 6: 68}",2.111912965774536,0.097087375819683,0.5005033016204834,0.0,0.0,2.082211494445801,0.1176470592617988,0.4964316487312317,0.0,0.0,0.6323529481887817,,,,(9,3.0,
25.0,erode,efficientnet,kernel_size-(9_9)_iterations-5,0.1764705926179886,0.36764705882352944,9,9,single,12.0,16.0,0.01195828692548595,3,"{0: 68, 2: 68, 6: 68}",2.1155707836151123,0.1067961156368255,0.4893200695514679,0.0,0.0,2.0806655883789062,0.1323529481887817,0.5062098503112793,0.0,0.0,0.6323529481887817,,,,(9,5.0,
24.0,erode,efficientnet,kernel_size-(9_9)_iterations-7,0.1884057968854904,0.38235294117647056,14,14,single,11.0,15.0,0.023893491192987754,3,"{3: 68, 5: 68, 6: 68}",2.099608421325684,0.1310679614543914,0.4943343102931976,0.0,0.0,2.0788207054138184,0.1323529481887817,0.5140416622161865,0.0,0.0,0.6470588445663452,,,,(9,7.0,
19.0,erode,inception,kernel_size-(3_3)_iterations-5,0.2205882370471954,0.36764705882352944,12,12,single,18.0,10.0,-0.03014753336549561,8,"{0: 26, 1: 18, 2: 23, 3: 27, 4: 25, 5: 35, 6: 20, 7: 30}",1.949661493301392,0.237864077091217,0.6761375069618225,0.5263158082962036,0.0485436879098415,2.087656021118164,0.2205882370471954,0.5245921611785889,0.0,0.0,0.6323529481887817,,,,(3,5.0,
19.0,erode,inception,kernel_size-(11_11)_iterations-1,0.2205882370471954,0.5,14,14,single,18.0,10.0,-0.03014753336549561,8,"{0: 20, 1: 17, 2: 45, 3: 39, 4: 21, 5: 17, 6: 16, 7: 29}",1.8958977460861208,0.3106796145439148,0.6987917423248291,0.3846153914928436,0.0485436879098415,2.0381922721862797,0.2205882370471954,0.5966695547103882,0.0,0.0,0.7058823704719543,,,,(11,1.0,
20.0,erode,inception,kernel_size-(11_11)_iterations-2,0.2173912972211837,0.4411764705882353,5,5,single,19.0,11.0,-0.03334447319150732,8,"{0: 31, 1: 35, 2: 18, 3: 34, 4: 17, 5: 24, 6: 20, 7: 25}",2.200263977050781,0.237864077091217,0.6116655468940735,0.3103448152542114,0.0436893217265605,2.123380422592163,0.1323529481887817,0.5259206295013428,0.0,0.0,0.6323529481887817,,,,(11,2.0,
16.0,erode,inception,kernel_size-(11_11)_iterations-3,0.2463768124580383,0.36764705882352944,15,15,single,15.0,7.0,-0.004358957954652715,8,"{0: 17, 1: 26, 2: 25, 3: 31, 4: 25, 5: 29, 6: 17, 7: 34}",1.863270163536072,0.2718446552753448,0.7047839760780334,0.4736842215061188,0.0436893217265605,2.1211323738098145,0.1323529481887817,0.5058081746101379,0.0,0.0,0.6029411554336548,,,,(11,3.0,
19.0,erode,inception,kernel_size-(11_11)_iterations-5,0.2205882370471954,0.47058823529411764,5,5,single,18.0,10.0,-0.03014753336549561,8,"{0: 22, 1: 24, 2: 44, 3: 26, 4: 17, 5: 25, 6: 35, 7: 11}",2.2671494483947754,0.1796116530895233,0.5689963102340698,0.2857142984867096,0.0388349518179893,2.076681137084961,0.1911764740943908,0.5458168387413025,0.0,0.0,0.6764705777168274,,,,(11,5.0,
18.0,erode,inception,kernel_size-(11_11)_iterations-7,0.2318840622901916,0.4117647058823529,5,5,single,17.0,9.0,-0.018851708122499422,8,"{0: 16, 1: 32, 2: 32, 3: 14, 4: 25, 5: 25, 6: 35, 7: 25}",2.163581132888794,0.2038834989070892,0.6017498970031738,0.2000000029802322,0.0242718439549207,2.0968174934387207,0.1617647111415863,0.5371817946434021,0.0,0.0,0.6176470518112183,,,,(11,7.0,
17.0,erode,inception,kernel_size-(15_15)_iterations-1,0.2352941185235977,0.39705882352941174,8,8,single,16.0,8.0,-0.015441651889093327,8,"{0: 23, 1: 34, 2: 36, 3: 21, 4: 38, 5: 18, 6: 17, 7: 17}",2.089500904083252,0.2087378650903701,0.6184725165367126,0.2857142984867096,0.0194174759089946,2.09084701538086,0.1911764740943908,0.5405338406562805,0.0,0.0,0.6176470518112183,,,,(15,1.0,
16.0,erode,inception,kernel_size-(15_15)_iterations-2,0.2463768124580383,0.4411764705882353,7,7,single,15.0,7.0,-0.004358957954652715,8,"{0: 52, 1: 31, 2: 18, 3: 28, 4: 10, 5: 18, 6: 26, 7: 21}",2.126049280166626,0.223300963640213,0.6258096098899841,0.3461538553237915,0.0436893217265605,2.041544914245605,0.1764705926179886,0.5836937427520752,0.0,0.0,0.6470588445663452,,,,(15,2.0,
16.0,erode,inception,kernel_size-(15_15)_iterations-3,0.2463768124580383,0.38235294117647056,1,1,single,15.0,7.0,-0.004358957954652715,8,"{0: 23, 1: 33, 2: 19, 3: 16, 4: 16, 5: 45, 6: 33, 7: 19}",2.79227614402771,0.1699029058218002,0.5220264196395874,0.1935483813285827,0.058252427726984,2.11191987991333,0.1029411777853965,0.5487209558486938,0.0,0.0,0.7352941036224365,,,,(15,3.0,
18.0,erode,inception,kernel_size-(15_15)_iterations-5,0.2318840622901916,0.4117647058823529,6,6,single,17.0,9.0,-0.018851708122499422,8,"{0: 21, 1: 38, 2: 23, 3: 28, 4: 19, 5: 28, 6: 25, 7: 22}",2.139209747314453,0.2038834989070892,0.6075872182846069,0.2352941185235977,0.0194174759089946,2.081226587295532,0.1764705926179886,0.5800945162773132,0.0,0.0,0.7352941036224365,,,,(15,5.0,
17.0,erode,inception,kernel_size-(15_15)_iterations-7,0.2352941185235977,0.47058823529411764,15,15,single,16.0,8.0,-0.015441651889093327,8,"{0: 23, 1: 10, 2: 34, 3: 24, 4: 23, 5: 51, 6: 15, 7: 24}",1.850330829620361,0.3009708821773529,0.7037606239318848,0.625,0.0485436879098415,2.0807101726531982,0.2352941185235977,0.5548689961433411,0.0,0.0,0.6470588445663452,,,,(15,7.0,
7.0,erode,inception,kernel_size-(3_3)_iterations-1,0.3088235259056091,0.5441176470588235,3,3,single,6.0,1.0,0.05808775549291806,8,"{0: 46, 1: 27, 2: 17, 3: 18, 4: 23, 5: 23, 6: 30, 7: 20}",2.502662181854248,0.1456310749053955,0.5488770008087158,0.159090906381607,0.0339805819094181,2.0329627990722656,0.3088235259056091,0.6079306602478027,0.0,0.0,0.6911764740943909,,,,(3,1.0,
10.0,erode,inception,kernel_size-(3_3)_iterations-2,0.2898550629615783,0.47058823529411764,12,12,single,9.0,2.0,0.0391192925488873,8,"{0: 20, 1: 17, 2: 17, 3: 29, 4: 41, 5: 34, 6: 27, 7: 19}",1.8467905521392824,0.3349514603614807,0.7244522571563721,0.3333333432674408,0.029126213863492,2.071705102920532,0.1911764740943908,0.5772985816001892,0.0,0.0,0.720588207244873,,,,(3,2.0,
15.0,erode,inception,kernel_size-(3_3)_iterations-3,0.25,0.4411764705882353,13,13,single,14.0,6.0,-0.000735770412691017,8,"{0: 31, 1: 25, 2: 18, 3: 24, 4: 18, 5: 43, 6: 15, 7: 30}",1.7986236810684204,0.3543689250946045,0.7371335625648499,0.5600000023841858,0.0679611638188362,2.022284030914306,0.1764705926179886,0.6013500690460205,0.0,0.0,0.779411792755127,,,,(3,3.0,
13.0,erode,inception,kernel_size-(3_3)_iterations-7,0.2647058963775635,0.45588235294117646,5,5,single,12.0,4.0,0.01397012596487246,8,"{0: 42, 1: 23, 2: 18, 3: 32, 4: 21, 5: 20, 6: 36, 7: 12}",2.3147292137146,0.1650485396385193,0.5530226826667786,0.2272727340459823,0.0242718439549207,2.113556385040283,0.1617647111415863,0.5239434242248535,0.0,0.0,0.6176470518112183,,,,(3,7.0,
15.0,erode,inception,kernel_size-(5_5)_iterations-1,0.25,0.5,8,8,single,14.0,6.0,-0.000735770412691017,8,"{0: 30, 1: 15, 2: 27, 3: 20, 4: 35, 5: 20, 6: 26, 7: 31}",2.262551784515381,0.1650485396385193,0.5724384784698486,0.2307692319154739,0.029126213863492,2.0231194496154785,0.2058823555707931,0.613553524017334,0.0,0.0,0.779411792755127,,,,(5,1.0,
13.0,erode,inception,kernel_size-(5_5)_iterations-2,0.2647058963775635,0.45588235294117646,9,9,single,12.0,4.0,0.01397012596487246,8,"{0: 28, 1: 21, 2: 33, 3: 33, 4: 26, 5: 22, 6: 21, 7: 20}",2.0579962730407715,0.2475728094577789,0.6313793063163757,0.3846153914928436,0.0242718439549207,2.0599584579467773,0.1323529481887817,0.5554096698760986,0.0,0.0,0.6764705777168274,,,,(5,2.0,
14.0,erode,inception,kernel_size-(5_5)_iterations-3,0.260869562625885,0.36764705882352944,14,14,single,13.0,5.0,0.010133792213193993,8,"{0: 33, 1: 43, 2: 25, 3: 34, 4: 11, 5: 17, 6: 18, 7: 23}",1.8269274234771729,0.3398058116436004,0.7201247215270996,0.5454545617103577,0.058252427726984,2.078899383544922,0.1323529481887817,0.5544673800468445,0.0,0.0,0.7058823704719543,,,,(5,3.0,
19.0,erode,inception,kernel_size-(5_5)_iterations-5,0.2205882370471954,0.45588235294117646,14,14,single,18.0,10.0,-0.03014753336549561,8,"{0: 19, 1: 25, 2: 33, 3: 35, 4: 26, 5: 30, 6: 22, 7: 14}",1.8354520797729488,0.2815533876419067,0.7237638831138611,0.5,0.058252427726984,2.061086416244507,0.2205882370471954,0.5764026045799255,0.0,0.0,0.6911764740943909,,,,(5,5.0,
15.0,erode,inception,kernel_size-(5_5)_iterations-7,0.25,0.47058823529411764,7,7,single,14.0,6.0,-0.000735770412691017,8,"{0: 25, 1: 20, 2: 22, 3: 36, 4: 27, 5: 27, 6: 24, 7: 23}",2.106766700744629,0.1941747516393661,0.6191071271896362,0.1666666716337204,0.014563106931746,2.082329750061035,0.147058829665184,0.5309255719184875,0.0,0.0,0.6323529481887817,,,,(5,7.0,
13.0,erode,inception,kernel_size-(9_9)_iterations-1,0.2647058963775635,0.4411764705882353,14,14,single,12.0,4.0,0.01397012596487246,8,"{0: 19, 1: 24, 2: 43, 3: 22, 4: 22, 5: 28, 6: 21, 7: 25}",1.8900389671325684,0.2815533876419067,0.7096282243728638,0.4814814925193786,0.0631067976355552,2.0843968391418457,0.1029411777853965,0.5488600134849548,0.0,0.0,0.6470588445663452,,,,(9,1.0,
17.0,erode,inception,kernel_size-(9_9)_iterations-2,0.2352941185235977,0.4411764705882353,15,15,single,16.0,8.0,-0.015441651889093327,8,"{0: 32, 1: 28, 2: 34, 3: 33, 4: 19, 5: 14, 6: 24, 7: 20}",1.8388514518737795,0.3203883469104767,0.718114972114563,0.3846153914928436,0.0242718439549207,2.0445361137390137,0.2352941185235977,0.5789514183998108,0.0,0.0,0.6911764740943909,,,,(9,2.0,
18.0,erode,inception,kernel_size-(9_9)_iterations-3,0.2318840622901916,0.4411764705882353,7,7,single,17.0,9.0,-0.018851708122499422,8,"{0: 31, 1: 27, 2: 21, 3: 24, 4: 37, 5: 23, 6: 21, 7: 20}",2.074831247329712,0.2330097109079361,0.6266259551048279,0.4000000059604645,0.029126213863492,2.098579406738281,0.1764705926179886,0.52538001537323,0.0,0.0,0.5882353186607361,,,,(9,3.0,
18.0,erode,inception,kernel_size-(9_9)_iterations-5,0.2318840622901916,0.4264705882352941,2,2,single,17.0,9.0,-0.018851708122499422,8,"{0: 23, 1: 27, 2: 28, 3: 22, 4: 21, 5: 23, 6: 28, 7: 32}",2.8018667697906494,0.116504855453968,0.4809511601924896,0.125,0.0339805819094181,2.1406805515289307,0.147058829665184,0.5204677581787109,0.0,0.0,0.6323529481887817,,,,(9,5.0,
19.0,erode,inception,kernel_size-(9_9)_iterations-7,0.2205882370471954,0.39705882352941174,6,6,single,18.0,10.0,-0.03014753336549561,8,"{0: 33, 1: 15, 2: 34, 3: 25, 4: 21, 5: 14, 6: 40, 7: 22}",2.158977508544922,0.1650485396385193,0.6021133661270142,0.0526315793395042,0.0048543689772486,2.055475234985352,0.2205882370471954,0.5531234741210938,0.0,0.0,0.6176470518112183,,,,(9,7.0,
19.0,erode,mobilenetv3,kernel_size-(3_3)_iterations-5,0.2205882370471954,0.38235294117647056,9,9,single,7.0,10.0,0.03736675967266603,3,"{0: 68, 1: 68, 2: 68}",2.1664865016937256,0.1213592216372489,0.5172141790390015,0.0,0.0,2.080719470977783,0.1323529481887817,0.5268938541412354,0.0,0.0,0.6617646813392639,,,,(3,5.0,
27.0,erode,mobilenetv3,kernel_size-(11_11)_iterations-1,0.1617647111415863,0.38235294117647056,12,12,single,15.0,18.0,-0.02145676623294307,4,"{0: 68, 1: 59, 5: 9, 7: 68}",2.161720991134644,0.0728155374526977,0.5124001502990723,0.0,0.0,2.0826849937438965,0.147058829665184,0.4991503953933716,0.0,0.0,0.6617646813392639,,,,(11,1.0,
29.0,erode,mobilenetv3,kernel_size-(11_11)_iterations-2,0.147058829665184,0.3382352941176471,9,9,single,17.0,20.0,-0.03616264770934538,6,"{0: 68, 3: 56, 4: 1, 5: 7, 6: 68, 7: 4}",2.15946364402771,0.116504855453968,0.4986281991004944,0.0,0.0,2.0912270545959477,0.147058829665184,0.5018691420555115,0.0,0.0,0.6176470518112183,,,,(11,2.0,
20.0,erode,mobilenetv3,kernel_size-(11_11)_iterations-3,0.2173912972211837,0.39705882352941174,1,1,single,8.0,11.0,0.03416981984665432,4,"{0: 65, 2: 46, 3: 68, 6: 25}",2.3324966430664062,0.1747572869062423,0.506096601486206,0.2857142984867096,0.0097087379544973,2.118309497833252,0.1176470592617988,0.4953812062740326,0.0,0.0,0.6176470518112183,,,,(11,3.0,
26.0,erode,mobilenetv3,kernel_size-(11_11)_iterations-5,0.1739130467176437,0.36764705882352944,2,2,single,14.0,17.0,-0.009308430656885663,4,"{0: 3, 1: 68, 2: 68, 6: 65}",2.272808074951172,0.0825242698192596,0.4701281189918518,0.0,0.0,2.106250762939453,0.1176470592617988,0.50923752784729,0.0,0.0,0.6470588445663452,,,,(11,5.0,
21.0,erode,mobilenetv3,kernel_size-(11_11)_iterations-7,0.2058823555707931,0.36764705882352944,11,11,single,9.0,12.0,0.022660878196263723,3,"{0: 68, 4: 68, 5: 68}",2.162342071533203,0.1504854410886764,0.5148895978927612,0.0,0.0,2.0835886001586914,0.1323529481887817,0.4964934587478637,0.0,0.0,0.6323529481887817,,,,(11,7.0,
17.0,erode,mobilenetv3,kernel_size-(15_15)_iterations-1,0.2352941185235977,0.36764705882352944,5,5,single,5.0,8.0,0.052072641149068316,4,"{0: 40, 2: 53, 5: 43, 6: 68}",2.196277618408203,0.1262135952711105,0.5072395205497742,0.0,0.0,2.0751678943634038,0.2352941185235977,0.5322231650352478,0.0,0.0,0.6323529481887817,,,,(15,1.0,
24.0,erode,mobilenetv3,kernel_size-(15_15)_iterations-2,0.1884057968854904,0.4117647058823529,9,9,single,12.0,15.0,0.005184319510961016,5,"{0: 7, 2: 56, 3: 68, 5: 68, 7: 5}",2.223252296447754,0.1310679614543914,0.4716565310955047,0.0,0.0,2.081329584121704,0.147058829665184,0.5068740844726562,0.0,0.0,0.6323529481887817,,,,(15,2.0,
23.0,erode,mobilenetv3,kernel_size-(15_15)_iterations-3,0.1911764740943908,0.38235294117647056,14,14,single,11.0,14.0,0.00795499671986144,4,"{0: 1, 1: 67, 2: 68, 6: 68}",2.183462142944336,0.1019417494535446,0.4830787181854248,0.0,0.0,2.079343557357788,0.1911764740943908,0.5161270499229431,0.0,0.0,0.6323529481887817,,,,(15,3.0,
25.0,erode,mobilenetv3,kernel_size-(15_15)_iterations-5,0.1764705926179886,0.38235294117647056,6,6,single,13.0,16.0,-0.006750884756540787,4,"{0: 2, 1: 68, 3: 68, 5: 66}",2.27851676940918,0.1019417494535446,0.4549994468688965,0.0,0.0,2.0797371864318848,0.1764705926179886,0.5218734741210938,0.0,0.0,0.6323529481887817,,,,(15,5.0,
29.0,erode,mobilenetv3,kernel_size-(15_15)_iterations-7,0.147058829665184,0.38235294117647056,2,2,single,17.0,20.0,-0.03616264770934538,4,"{1: 1, 2: 68, 3: 67, 6: 68}",2.203237771987915,0.1359223276376724,0.5075104832649231,0.0,0.0,2.103243827819824,0.147058829665184,0.5023016333580017,0.0,0.0,0.6176470518112183,,,,(15,7.0,
24.0,erode,mobilenetv3,kernel_size-(3_3)_iterations-1,0.1884057968854904,0.38235294117647056,14,14,single,12.0,15.0,0.005184319510961016,5,"{0: 44, 2: 3, 3: 68, 5: 68, 6: 21}",2.1617746353149414,0.1504854410886764,0.4814426302909851,0.0,0.0,2.0821609497070312,0.1323529481887817,0.5031358003616333,0.0,0.0,0.6176470518112183,,,,(3,1.0,
27.0,erode,mobilenetv3,kernel_size-(3_3)_iterations-2,0.1617647111415863,0.38235294117647056,6,6,single,15.0,18.0,-0.02145676623294307,4,"{1: 36, 3: 32, 4: 68, 6: 68}",2.2029500007629395,0.1359223276376724,0.4951220750808716,0.0,0.0,2.0821681022644043,0.1176470592617988,0.5088358521461487,0.0,0.0,0.6323529481887817,,,,(3,2.0,
24.0,erode,mobilenetv3,kernel_size-(3_3)_iterations-3,0.1884057968854904,0.36764705882352944,2,2,single,12.0,15.0,0.005184319510961016,3,"{2: 68, 4: 68, 6: 68}",2.171417474746704,0.1407766938209533,0.5260072350502014,0.0,0.0,2.0901248455047607,0.0588235296308994,0.4929559826850891,0.0,0.0,0.6176470518112183,,,,(3,3.0,
27.0,erode,mobilenetv3,kernel_size-(3_3)_iterations-7,0.1617647111415863,0.36764705882352944,5,5,single,15.0,18.0,-0.02145676623294307,3,"{0: 68, 1: 68, 6: 68}",2.208084344863892,0.1310679614543914,0.4879482388496399,0.0,0.0,2.086989164352417,0.1176470592617988,0.520761251449585,0.0,0.0,0.7058823704719543,,,,(3,7.0,
27.0,erode,mobilenetv3,kernel_size-(5_5)_iterations-1,0.1617647111415863,0.39705882352941174,11,11,single,15.0,18.0,-0.02145676623294307,3,"{1: 68, 3: 68, 5: 68}",2.1485836505889893,0.1262135952711105,0.5062733292579651,0.0,0.0,2.0815155506134038,0.1617647111415863,0.5139952898025513,0.0,0.0,0.6470588445663452,,,,(5,1.0,
25.0,erode,mobilenetv3,kernel_size-(5_5)_iterations-2,0.1764705926179886,0.4411764705882353,2,2,single,13.0,16.0,-0.006750884756540787,5,"{0: 1, 1: 41, 2: 64, 5: 31, 6: 67}",2.389501571655273,0.116504855453968,0.4833311736583709,0.3333333432674408,0.0097087379544973,2.1729533672332764,0.1764705926179886,0.4750525653362274,0.0,0.0,0.5588235259056091,,,,(5,2.0,
21.0,erode,mobilenetv3,kernel_size-(5_5)_iterations-3,0.2058823555707931,0.39705882352941174,4,4,single,9.0,12.0,0.022660878196263723,5,"{0: 67, 1: 57, 2: 13, 3: 1, 5: 66}",2.197418689727783,0.1116504818201065,0.4991381764411926,0.0,0.0,2.0800259113311768,0.2058823555707931,0.5258125066757202,0.0,0.0,0.6323529481887817,,,,(5,3.0,
27.0,erode,mobilenetv3,kernel_size-(5_5)_iterations-5,0.1617647111415863,0.36764705882352944,6,6,single,15.0,18.0,-0.02145676623294307,4,"{1: 67, 2: 3, 5: 66, 6: 68}",2.1672258377075195,0.1116504818201065,0.5167344808578491,0.0,0.0,2.0795907974243164,0.1617647111415863,0.5071829557418823,0.0,0.0,0.6029411554336548,,,,(5,5.0,
29.0,erode,mobilenetv3,kernel_size-(5_5)_iterations-7,0.147058829665184,0.36764705882352944,13,13,single,17.0,20.0,-0.03616264770934538,3,"{0: 68, 3: 68, 7: 68}",2.1509273052215576,0.1456310749053955,0.5096515417098999,0.0,0.0,2.084866523742676,0.147058829665184,0.4926316142082214,0.0,0.0,0.6470588445663452,,,,(5,7.0,
24.0,erode,mobilenetv3,kernel_size-(9_9)_iterations-1,0.1884057968854904,0.35294117647058826,9,9,single,12.0,15.0,0.005184319510961016,6,"{0: 34, 1: 16, 2: 68, 3: 68, 6: 11, 7: 7}",2.194045066833496,0.1262135952711105,0.4950783252716064,0.0,0.0,2.078120708465576,0.1323529481887817,0.52706378698349,0.0,0.0,0.6470588445663452,,,,(9,1.0,
27.0,erode,mobilenetv3,kernel_size-(9_9)_iterations-2,0.1617647111415863,0.39705882352941174,2,2,single,15.0,18.0,-0.02145676623294307,5,"{1: 68, 2: 61, 5: 68, 6: 6, 7: 1}",2.268657684326172,0.1310679614543914,0.488613098859787,0.0,0.0,2.093590497970581,0.1617647111415863,0.4985634088516235,0.0,0.0,0.6029411554336548,,,,(9,2.0,
20.0,erode,mobilenetv3,kernel_size-(9_9)_iterations-3,0.2173912972211837,0.4264705882352941,4,4,single,8.0,11.0,0.03416981984665432,4,"{2: 36, 5: 46, 6: 54, 7: 68}",2.151203155517578,0.1747572869062423,0.5384207963943481,0.0,0.0,2.089737892150879,0.1176470592617988,0.5027650594711304,0.0,0.0,0.6029411554336548,,,,(9,3.0,
21.0,erode,mobilenetv3,kernel_size-(9_9)_iterations-5,0.2058823555707931,0.36764705882352944,5,5,single,9.0,12.0,0.022660878196263723,3,"{0: 68, 5: 68, 6: 68}",2.221531629562378,0.1067961156368255,0.4750329852104187,0.0,0.0,2.0990586280822754,0.1176470592617988,0.4704492092132568,0.0,0.0,0.6176470518112183,,,,(9,5.0,
29.0,erode,mobilenetv3,kernel_size-(9_9)_iterations-7,0.147058829665184,0.4117647058823529,14,14,single,17.0,20.0,-0.03616264770934538,5,"{1: 68, 2: 34, 3: 49, 4: 29, 6: 24}",2.201712846755981,0.1310679614543914,0.4646762013435364,0.0,0.0,2.082191228866577,0.1323529481887817,0.5101488828659058,0.0,0.0,0.6323529481887817,,,,(9,7.0,
15.0,erode,nasnet,kernel_size-(3_3)_iterations-5,0.25,0.4411764705882353,14,14,single,10.0,6.0,0.016831739028548037,8,"{0: 25, 1: 26, 2: 45, 3: 22, 4: 17, 5: 35, 6: 17, 7: 17}",1.9477357864379885,0.2475728094577789,0.6697127819061279,0.0,0.0,2.0849320888519287,0.25,0.5518876910209656,0.0,0.0,0.6764705777168274,,,,(3,5.0,
22.0,erode,nasnet,kernel_size-(11_11)_iterations-1,0.2028985470533371,0.45588235294117646,13,13,single,17.0,13.0,-0.030269713918114866,8,"{0: 30, 1: 24, 2: 31, 3: 39, 4: 16, 5: 24, 6: 20, 7: 20}",1.948035478591919,0.2815533876419067,0.6620457172393799,0.6666666865348816,0.0194174759089946,2.0964295864105225,0.1176470592617988,0.5433453321456909,0.0,0.0,0.6764705777168274,,,,(11,1.0,
21.0,erode,nasnet,kernel_size-(11_11)_iterations-2,0.2058823555707931,0.39705882352941174,12,12,single,16.0,12.0,-0.027285905400658866,8,"{0: 33, 1: 24, 2: 19, 3: 24, 4: 19, 5: 36, 6: 25, 7: 24}",1.9665567874908447,0.2475728094577789,0.6497161984443665,0.6666666865348816,0.0097087379544973,2.050121545791626,0.2058823555707931,0.5701618790626526,0.0,0.0,0.6911764740943909,,,,(11,2.0,
15.0,erode,nasnet,kernel_size-(11_11)_iterations-3,0.25,0.47058823529411764,6,6,single,10.0,6.0,0.016831739028548037,8,"{0: 28, 1: 30, 2: 38, 3: 16, 4: 27, 5: 14, 6: 27, 7: 24}",2.0898139476776123,0.223300963640213,0.589962363243103,0.5,0.0097087379544973,2.10721206665039,0.1617647111415863,0.515184760093689,0.0,0.0,0.6764705777168274,,,,(11,3.0,
24.0,erode,nasnet,kernel_size-(11_11)_iterations-5,0.1884057968854904,0.3382352941176471,2,2,single,19.0,15.0,-0.04476246408596157,8,"{0: 26, 1: 19, 2: 26, 3: 31, 4: 20, 5: 21, 6: 28, 7: 33}",2.3046088218688965,0.1310679614543914,0.5195453763008118,0.0,0.0,2.1716322898864746,0.073529414832592,0.4691979587078094,0.0,0.0,0.5588235259056091,,,,(11,5.0,
19.0,erode,nasnet,kernel_size-(11_11)_iterations-7,0.2205882370471954,0.4411764705882353,3,3,single,14.0,10.0,-0.012580023924256556,8,"{0: 28, 1: 30, 2: 22, 3: 18, 4: 30, 5: 19, 6: 34, 7: 23}",2.191748857498169,0.1213592216372489,0.5252261757850647,0.0,0.0,2.067575454711914,0.2205882370471954,0.5479331612586975,0.0,0.0,0.6029411554336548,,,,(11,7.0,
25.0,erode,nasnet,kernel_size-(15_15)_iterations-1,0.1764705926179886,0.4117647058823529,4,4,single,20.0,16.0,-0.056697668353463376,8,"{0: 34, 1: 20, 2: 28, 3: 23, 4: 21, 5: 43, 6: 25, 7: 10}",2.1715664863586426,0.1601941734552383,0.5488130450248718,0.0,0.0,2.1176345348358154,0.1764705926179886,0.5017918944358826,0.0,0.0,0.6176470518112183,,,,(15,1.0,
17.0,erode,nasnet,kernel_size-(15_15)_iterations-2,0.2352941185235977,0.4852941176470588,13,13,single,12.0,8.0,0.002125857552145727,8,"{0: 30, 1: 24, 2: 26, 3: 17, 4: 17, 5: 38, 6: 31, 7: 21}",1.975246548652649,0.2475728094577789,0.65268874168396,0.6666666865348816,0.0097087379544973,2.0463907718658447,0.2352941185235977,0.5992183685302734,0.0,0.0,0.75,,,,(15,2.0,
23.0,erode,nasnet,kernel_size-(15_15)_iterations-3,0.1911764740943908,0.38235294117647056,6,6,single,18.0,14.0,-0.04199178687706115,8,"{0: 26, 1: 20, 2: 19, 3: 21, 4: 27, 5: 33, 6: 40, 7: 18}",2.0400378704071045,0.2330097109079361,0.6205933094024658,0.0,0.0,2.089345932006836,0.073529414832592,0.5371354222297668,0.0,0.0,0.6911764740943909,,,,(15,3.0,
21.0,erode,nasnet,kernel_size-(15_15)_iterations-5,0.2058823555707931,0.4117647058823529,5,5,single,16.0,12.0,-0.027285905400658866,8,"{0: 29, 1: 28, 2: 27, 3: 20, 4: 18, 5: 25, 6: 33, 7: 24}",2.1652309894561768,0.1456310749053955,0.5494846105575562,0.1666666716337204,0.0048543689772486,2.090727567672729,0.2058823555707931,0.534030556678772,0.0,0.0,0.720588207244873,,,,(15,5.0,
19.0,erode,nasnet,kernel_size-(15_15)_iterations-7,0.2205882370471954,0.47058823529411764,8,8,single,14.0,10.0,-0.012580023924256556,8,"{0: 31, 1: 26, 2: 37, 3: 23, 4: 23, 5: 7, 6: 40, 7: 17}",2.127793550491333,0.1067961156368255,0.5515986680984497,0.0,0.0,2.117725372314453,0.1029411777853965,0.5272336602210999,0.0,0.0,0.6764705777168274,,,,(15,7.0,
16.0,erode,nasnet,kernel_size-(3_3)_iterations-1,0.2463768124580383,0.5441176470588235,14,14,single,11.0,7.0,0.01320855148658634,8,"{0: 33, 1: 26, 2: 29, 3: 32, 4: 23, 5: 11, 6: 35, 7: 15}",1.907508492469788,0.2330097109079361,0.686179518699646,0.3333333432674408,0.0097087379544973,2.0317986011505127,0.2352941185235977,0.6029102802276611,0.0,0.0,0.7647058963775635,,,,(3,1.0,
14.0,erode,nasnet,kernel_size-(3_3)_iterations-2,0.260869562625885,0.47058823529411764,11,11,single,9.0,5.0,0.027701301654433047,8,"{0: 35, 1: 21, 2: 30, 3: 21, 4: 11, 5: 24, 6: 36, 7: 26}",1.9269979000091555,0.2621359229087829,0.6822778582572937,0.5,0.0048543689772486,2.062577962875366,0.1617647111415863,0.5724945068359375,0.0,0.0,0.7058823704719543,,,,(3,2.0,
14.0,erode,nasnet,kernel_size-(3_3)_iterations-3,0.260869562625885,0.5,5,5,single,9.0,5.0,0.027701301654433047,8,"{0: 21, 1: 27, 2: 32, 3: 29, 4: 12, 5: 22, 6: 39, 7: 22}",2.1394448280334477,0.1699029058218002,0.5613798499107361,0.0,0.0,2.066033124923706,0.1323529481887817,0.5567998886108398,0.0,0.0,0.6617646813392639,,,,(3,3.0,
20.0,erode,nasnet,kernel_size-(3_3)_iterations-7,0.2173912972211837,0.4411764705882353,3,3,single,15.0,11.0,-0.01577696375026827,8,"{0: 39, 1: 9, 2: 32, 3: 17, 4: 23, 5: 28, 6: 41, 7: 15}",2.2335593700408936,0.1456310749053955,0.5298449397087097,0.0,0.0,2.0962893962860107,0.1176470592617988,0.5155555009841919,0.0,0.0,0.6617646813392639,,,,(3,7.0,
16.0,erode,nasnet,kernel_size-(5_5)_iterations-1,0.2463768124580383,0.5,15,15,single,11.0,7.0,0.01320855148658634,8,"{0: 18, 1: 33, 2: 37, 3: 33, 4: 9, 5: 23, 6: 27, 7: 24}",1.9086841344833372,0.3009708821773529,0.684339702129364,0.5,0.0048543689772486,2.043786764144897,0.147058829665184,0.5913247466087341,0.0,0.0,0.7647058963775635,,,,(5,1.0,
21.0,erode,nasnet,kernel_size-(5_5)_iterations-2,0.2058823555707931,0.47058823529411764,4,4,single,16.0,12.0,-0.027285905400658866,8,"{0: 24, 1: 27, 2: 37, 3: 26, 4: 18, 5: 28, 6: 27, 7: 17}",2.256869077682495,0.1553398072719574,0.5224051475524902,0.0,0.0,2.111482620239258,0.1323529481887817,0.5297670364379883,0.0,0.0,0.6764705777168274,,,,(5,2.0,
14.0,erode,nasnet,kernel_size-(5_5)_iterations-3,0.260869562625885,0.4264705882352941,14,14,single,9.0,5.0,0.027701301654433047,8,"{0: 24, 1: 30, 2: 39, 3: 29, 4: 15, 5: 23, 6: 31, 7: 13}",1.9001569747924805,0.2475728094577789,0.6895257830619812,0.0,0.0,2.0666656494140625,0.1911764740943908,0.5531543493270874,0.0,0.0,0.6911764740943909,,,,(5,3.0,
20.0,erode,nasnet,kernel_size-(5_5)_iterations-5,0.2173912972211837,0.4117647058823529,14,14,single,15.0,11.0,-0.01577696375026827,8,"{0: 36, 1: 18, 2: 23, 3: 19, 4: 14, 5: 32, 6: 32, 7: 30}",1.9356952905654907,0.2572815418243408,0.6750956177711487,0.6666666865348816,0.0097087379544973,2.0780653953552246,0.147058829665184,0.55244380235672,0.0,0.0,0.720588207244873,,,,(5,5.0,
25.0,erode,nasnet,kernel_size-(5_5)_iterations-7,0.1764705926179886,0.4411764705882353,10,10,single,20.0,16.0,-0.056697668353463376,8,"{0: 38, 1: 16, 2: 26, 3: 23, 4: 15, 5: 41, 6: 30, 7: 15}",2.0583748817443848,0.1990291327238083,0.6003662943840027,0.0,0.0,2.090503215789795,0.1764705926179886,0.5219815969467163,0.0,0.0,0.6323529481887817,,,,(5,7.0,
11.0,erode,nasnet,kernel_size-(9_9)_iterations-1,0.2794117629528045,0.5,11,11,single,6.0,3.0,0.04624350198135255,8,"{0: 28, 1: 25, 2: 30, 3: 21, 4: 14, 5: 36, 6: 30, 7: 20}",1.980078220367432,0.237864077091217,0.6484284996986389,0.0,0.0,2.050476551055908,0.2794117629528045,0.5668098330497742,0.0,0.0,0.7058823704719543,,,,(9,1.0,
18.0,erode,nasnet,kernel_size-(9_9)_iterations-2,0.2318840622901916,0.45588235294117646,13,13,single,13.0,9.0,-0.0012841986812603678,8,"{0: 21, 1: 20, 2: 42, 3: 21, 4: 19, 5: 33, 6: 33, 7: 15}",1.9746747016906736,0.1893203854560852,0.6603035926818848,0.0,0.0,2.096578598022461,0.1029411777853965,0.539328932762146,0.0,0.0,0.7058823704719543,,,,(9,2.0,
22.0,erode,nasnet,kernel_size-(9_9)_iterations-3,0.2028985470533371,0.36764705882352944,11,11,single,17.0,13.0,-0.030269713918114866,8,"{0: 25, 1: 26, 2: 26, 3: 36, 4: 18, 5: 29, 6: 26, 7: 18}",1.9680975675582888,0.223300963640213,0.6539729833602905,0.0,0.0,2.119450330734253,0.1617647111415863,0.4906080067157745,0.0,0.0,0.6323529481887817,,,,(9,3.0,
22.0,erode,nasnet,kernel_size-(9_9)_iterations-5,0.2028985470533371,0.4117647058823529,3,3,single,17.0,13.0,-0.030269713918114866,8,"{0: 27, 1: 24, 2: 25, 3: 29, 4: 17, 5: 23, 6: 26, 7: 33}",2.1811554431915283,0.1893203854560852,0.5614016652107239,0.3333333432674408,0.014563106931746,2.0920424461364746,0.1029411777853965,0.5209465622901917,0.0,0.0,0.6323529481887817,,,,(9,5.0,
17.0,erode,nasnet,kernel_size-(9_9)_iterations-7,0.2352941185235977,0.47058823529411764,7,7,single,12.0,8.0,0.002125857552145727,8,"{0: 24, 1: 29, 2: 25, 3: 37, 4: 12, 5: 32, 6: 23, 7: 22}",2.0385401248931885,0.2038834989070892,0.6160571575164795,0.25,0.0097087379544973,2.1185507774353027,0.1323529481887817,0.5258434414863586,0.0,0.0,0.6470588445663452,,,,(9,7.0,
28.0,erode,resnet,kernel_size-(3_3)_iterations-5,0.159420296549797,0.36764705882352944,3,3,single,15.0,19.0,-0.014983284189587581,3,"{0: 68, 5: 68, 6: 68}",2.5812599658966064,0.1699029058218002,0.5274649262428284,0.1111111119389534,0.0242718439549207,2.106054306030273,0.1176470592617988,0.5049586296081543,0.0,0.0,0.6323529481887817,,,,(3,5.0,
25.0,erode,resnet,kernel_size-(11_11)_iterations-1,0.1764705926179886,0.36764705882352944,3,3,single,12.0,16.0,0.0020670118786040026,3,"{0: 68, 2: 68, 7: 68}",2.683126211166382,0.097087375819683,0.474258691072464,0.1749999970197677,0.0339805819094181,2.092504978179932,0.1764705926179886,0.50586998462677,0.0,0.0,0.6323529481887817,,,,(11,1.0,
25.0,erode,resnet,kernel_size-(11_11)_iterations-2,0.1764705926179886,0.39705882352941174,7,7,single,12.0,16.0,0.0020670118786040026,4,"{1: 66, 2: 5, 6: 68, 7: 65}",2.5100269317626958,0.1213592216372489,0.4878506064414978,0.2777777910232544,0.0242718439549207,2.104982376098633,0.1764705926179886,0.5088977217674255,0.0,0.0,0.6323529481887817,,,,(11,2.0,
25.0,erode,resnet,kernel_size-(11_11)_iterations-3,0.1764705926179886,0.36764705882352944,14,14,single,12.0,16.0,0.0020670118786040026,3,"{0: 68, 3: 68, 7: 68}",2.2582175731658936,0.1213592216372489,0.5239890813827515,0.0,0.0,2.098914384841919,0.1764705926179886,0.5153701901435852,0.0,0.0,0.6176470518112183,,,,(11,3.0,
29.0,erode,resnet,kernel_size-(11_11)_iterations-5,0.147058829665184,0.38235294117647056,14,14,single,16.0,20.0,-0.02734475107420059,4,"{0: 67, 1: 68, 3: 68, 5: 1}",2.264601945877075,0.1262135952711105,0.5218396186828613,0.0,0.0,2.080364942550659,0.1323529481887817,0.515184760093689,0.0,0.0,0.6323529481887817,,,,(11,5.0,
24.0,erode,resnet,kernel_size-(11_11)_iterations-7,0.1884057968854904,0.38235294117647056,3,3,single,11.0,15.0,0.014002216146105806,3,"{0: 68, 1: 68, 3: 68}",2.688575267791748,0.1359223276376724,0.4710454642772674,0.147058829665184,0.0242718439549207,2.159846544265747,0.1176470592617988,0.4933885037899017,0.0,0.0,0.6176470518112183,,,,(11,7.0,
27.0,erode,resnet,kernel_size-(15_15)_iterations-1,0.1617647111415863,0.38235294117647056,2,2,single,14.0,18.0,-0.01263886959779828,4,"{0: 67, 1: 1, 2: 68, 5: 68}",2.763422966003418,0.1262135952711105,0.4990860223770141,0.0975609719753265,0.0194174759089946,2.105937957763672,0.1176470592617988,0.5216572284698486,0.0,0.0,0.6323529481887817,,,,(15,1.0,
24.0,erode,resnet,kernel_size-(15_15)_iterations-2,0.1884057968854904,0.36764705882352944,4,4,single,11.0,15.0,0.014002216146105806,3,"{3: 68, 4: 68, 7: 68}",2.602314710617065,0.1262135952711105,0.5031811594963074,0.1463414579629898,0.029126213863492,2.1075496673583984,0.1176470592617988,0.4914112985134125,0.0,0.0,0.6176470518112183,,,,(15,2.0,
23.0,erode,resnet,kernel_size-(15_15)_iterations-3,0.1911764740943908,0.36764705882352944,4,4,single,10.0,14.0,0.01677289335500623,4,"{0: 67, 4: 1, 5: 68, 6: 68}",2.638920545578003,0.1067961156368255,0.5029069781303406,0.0425531901419162,0.0097087379544973,2.109792232513428,0.1911764740943908,0.5142424702644348,0.0,0.0,0.6176470518112183,,,,(15,3.0,
31.0,erode,resnet,kernel_size-(15_15)_iterations-5,0.1323529481887817,0.38235294117647056,1,1,single,18.0,22.0,-0.04205063255060287,3,"{0: 68, 3: 68, 5: 68}",2.9928226470947266,0.097087375819683,0.4846121072769165,0.064935065805912,0.0242718439549207,2.109179735183716,0.1176470592617988,0.4834868013858795,0.0,0.0,0.6176470518112183,,,,(15,5.0,
28.0,erode,resnet,kernel_size-(15_15)_iterations-7,0.159420296549797,0.39705882352941174,2,2,single,15.0,19.0,-0.014983284189587581,3,"{1: 68, 2: 68, 3: 68}",2.667816162109375,0.1893203854560852,0.5040632486343384,0.1694915294647216,0.0485436879098415,2.094338178634644,0.1323529481887817,0.5055610537528992,0.0,0.0,0.6323529481887817,,,,(15,7.0,
27.0,erode,resnet,kernel_size-(3_3)_iterations-1,0.1617647111415863,0.35294117647058826,6,6,single,14.0,18.0,-0.01263886959779828,3,"{0: 68, 4: 68, 7: 68}",2.5055932998657227,0.1262135952711105,0.4926561713218689,0.2083333283662796,0.0242718439549207,2.08864426612854,0.1617647111415863,0.5062252879142761,0.0,0.0,0.6470588445663452,,,,(3,1.0,
26.0,erode,resnet,kernel_size-(3_3)_iterations-2,0.1739130467176437,0.38235294117647056,7,7,single,13.0,17.0,-0.0004905340217408738,4,"{1: 67, 2: 68, 4: 1, 7: 68}",2.494915008544922,0.1019417494535446,0.4935886859893799,0.0714285746216774,0.0097087379544973,2.095143318176269,0.1176470592617988,0.5050667524337769,0.0,0.0,0.6323529481887817,,,,(3,2.0,
28.0,erode,resnet,kernel_size-(3_3)_iterations-3,0.159420296549797,0.39705882352941174,7,7,single,15.0,19.0,-0.014983284189587581,5,"{0: 6, 1: 63, 3: 16, 5: 51, 7: 68}",2.3756511211395264,0.1504854410886764,0.5393517017364502,0.1851851791143417,0.0242718439549207,2.106937885284424,0.1176470592617988,0.5060244202613831,0.0,0.0,0.6323529481887817,,,,(3,3.0,
28.0,erode,resnet,kernel_size-(3_3)_iterations-7,0.159420296549797,0.36764705882352944,9,9,single,15.0,19.0,-0.014983284189587581,4,"{3: 68, 4: 34, 5: 39, 7: 63}",2.533989667892456,0.116504855453968,0.4695389866828918,0.0555555559694767,0.0048543689772486,2.089841365814209,0.1323529481887817,0.4965088665485382,0.0,0.0,0.6323529481887817,,,,(3,7.0,
28.0,erode,resnet,kernel_size-(5_5)_iterations-1,0.159420296549797,0.38235294117647056,6,6,single,15.0,19.0,-0.014983284189587581,3,"{0: 68, 2: 68, 3: 68}",2.481294631958008,0.1553398072719574,0.5134319067001343,0.0714285746216774,0.0097087379544973,2.099457263946533,0.1323529481887817,0.5093456506729126,0.0,0.0,0.6323529481887817,,,,(5,1.0,
22.0,erode,resnet,kernel_size-(5_5)_iterations-2,0.2028985470533371,0.38235294117647056,10,10,single,9.0,13.0,0.028494966313952513,4,"{0: 68, 2: 68, 3: 67, 6: 1}",2.342489957809448,0.1553398072719574,0.5031459331512451,0.125,0.0048543689772486,2.1084041595458984,0.1176470592617988,0.5043562054634094,0.0,0.0,0.6323529481887817,,,,(5,2.0,
26.0,erode,resnet,kernel_size-(5_5)_iterations-3,0.1739130467176437,0.36764705882352944,5,5,single,13.0,17.0,-0.0004905340217408738,3,"{0: 68, 2: 68, 6: 68}",2.594496965408325,0.116504855453968,0.4691753983497619,0.1515151560306549,0.0242718439549207,2.106769561767578,0.1323529481887817,0.5139334797859192,0.0,0.0,0.6176470518112183,,,,(5,3.0,
26.0,erode,resnet,kernel_size-(5_5)_iterations-5,0.1739130467176437,0.38235294117647056,7,7,single,13.0,17.0,-0.0004905340217408738,4,"{0: 64, 3: 68, 5: 4, 6: 68}",2.347140312194824,0.1796116530895233,0.5299795866012573,0.2105263173580169,0.0194174759089946,2.106628894805908,0.1323529481887817,0.503228485584259,0.0,0.0,0.6176470518112183,,,,(5,5.0,
25.0,erode,resnet,kernel_size-(5_5)_iterations-7,0.1764705926179886,0.36764705882352944,2,2,single,12.0,16.0,0.0020670118786040026,4,"{2: 68, 4: 68, 6: 67, 7: 1}",2.757467269897461,0.1699029058218002,0.5001801252365112,0.1129032224416732,0.0339805819094181,2.09419059753418,0.1764705926179886,0.5303231477737427,0.0,0.0,0.6470588445663452,,,,(5,7.0,
29.0,erode,resnet,kernel_size-(9_9)_iterations-1,0.147058829665184,0.36764705882352944,4,4,single,16.0,20.0,-0.02734475107420059,3,"{0: 68, 2: 68, 7: 68}",2.6910183429718018,0.0922330096364021,0.4588404893875122,0.1142857149243354,0.0194174759089946,2.0951812267303467,0.1176470592617988,0.4984397888183594,0.0,0.0,0.6176470518112183,,,,(9,1.0,
25.0,erode,resnet,kernel_size-(9_9)_iterations-2,0.1764705926179886,0.36764705882352944,5,5,single,12.0,16.0,0.0020670118786040026,3,"{0: 68, 1: 68, 6: 68}",2.488590240478516,0.1116504818201065,0.5181988477706909,0.1428571492433548,0.0194174759089946,2.1007113456726074,0.1764705926179886,0.4879665076732635,0.0,0.0,0.6176470518112183,,,,(9,2.0,
27.0,erode,resnet,kernel_size-(9_9)_iterations-3,0.1617647111415863,0.38235294117647056,4,4,single,14.0,18.0,-0.01263886959779828,4,"{2: 68, 5: 68, 6: 1, 7: 67}",2.6583192348480225,0.1310679614543914,0.4903434514999389,0.1842105239629745,0.0339805819094181,2.095426082611084,0.1617647111415863,0.4981154501438141,0.0,0.0,0.6176470518112183,,,,(9,3.0,
27.0,erode,resnet,kernel_size-(9_9)_iterations-5,0.1617647111415863,0.35294117647058826,15,15,single,14.0,18.0,-0.01263886959779828,3,"{0: 68, 4: 68, 6: 68}",2.2329046726226807,0.1601941734552383,0.5478938817977905,0.1666666716337204,0.0097087379544973,2.098733901977539,0.1176470592617988,0.4921836256980896,0.0,0.0,0.6176470518112183,,,,(9,5.0,
27.0,erode,resnet,kernel_size-(9_9)_iterations-7,0.1617647111415863,0.36764705882352944,14,14,single,14.0,18.0,-0.01263886959779828,3,"{0: 68, 1: 68, 6: 68}",2.2886929512023926,0.1310679614543914,0.5037888884544373,0.0,0.0,2.0844762325286865,0.1176470592617988,0.5152928829193115,0.0,0.0,0.6323529481887817,,,,(9,7.0,
24.0,lowpass,chexnet,kernel_size-(11_11)_method-gaussian_iterations-1,0.1884057968854904,0.4852941176470588,3,3,single,16.0,23.0,-0.015793997972918028,8,"{0: 26, 1: 28, 2: 20, 3: 26, 4: 16, 5: 39, 6: 25, 7: 24}",2.426485300064087,0.1601941734552383,0.5201093554496765,0.2173912972211837,0.0242718439549207,2.1051173210144043,0.147058829665184,0.5463575124740601,0.0,0.0,0.6911764740943909,,,gaussian,(11,1.0,
26.0,lowpass,chexnet,kernel_size-(11_11)_method-gaussian_iterations-2,0.1739130467176437,0.39705882352941174,14,14,single,18.0,25.0,-0.030286748140764708,8,"{0: 32, 1: 29, 2: 32, 3: 30, 4: 14, 5: 32, 6: 20, 7: 15}",2.181875944137573,0.1990291327238083,0.5894641280174255,0.2857142984867096,0.029126213863492,2.122114419937134,0.147058829665184,0.5264458656311035,0.0,0.0,0.7058823704719543,,,gaussian,(11,2.0,
25.0,lowpass,chexnet,kernel_size-(11_11)_method-gaussian_iterations-3,0.1764705926179886,0.3382352941176471,11,11,single,17.0,24.0,-0.02772920224041983,8,"{0: 28, 1: 22, 2: 29, 3: 33, 4: 17, 5: 23, 6: 28, 7: 24}",2.4249491691589355,0.1650485396385193,0.4980222284793854,0.0,0.0,2.127742290496826,0.1764705926179886,0.5035065412521362,0.0,0.0,0.6176470518112183,,,gaussian,(11,3.0,
19.0,lowpass,chexnet,kernel_size-(11_11)_method-gaussian_iterations-5,0.2205882370471954,0.5441176470588235,2,2,single,11.0,18.0,0.01638844218878699,8,"{0: 33, 1: 31, 2: 29, 3: 37, 4: 17, 5: 27, 6: 19, 7: 11}",2.436992645263672,0.1796116530895233,0.5212268829345703,0.0476190485060215,0.0048543689772486,2.1374192237854004,0.2205882370471954,0.5540193915367126,0.0,0.0,0.6911764740943909,,,gaussian,(11,5.0,
26.0,lowpass,chexnet,kernel_size-(11_11)_method-gaussian_iterations-7,0.1739130467176437,0.39705882352941174,9,9,single,18.0,25.0,-0.030286748140764708,8,"{0: 36, 1: 30, 2: 26, 3: 25, 4: 13, 5: 17, 6: 30, 7: 27}",2.281812191009521,0.1456310749053955,0.5277190208435059,0.1818181872367859,0.0097087379544973,2.085305690765381,0.0882352963089943,0.5428664088249207,0.0,0.0,0.6911764740943909,,,gaussian,(11,7.0,
23.0,lowpass,chexnet,kernel_size-(11_11)_method-mean_iterations-1,0.1911764740943908,0.39705882352941174,12,12,single,15.0,22.0,-0.013023320764017604,8,"{0: 22, 1: 21, 2: 29, 3: 37, 4: 26, 5: 17, 6: 29, 7: 23}",2.3515665531158447,0.1504854410886764,0.5324841737747192,0.0,0.0,2.056802988052368,0.1911764740943908,0.5756456851959229,0.0,0.0,0.720588207244873,,,mean,(11,1.0,
23.0,lowpass,chexnet,kernel_size-(11_11)_method-mean_iterations-2,0.1911764740943908,0.47058823529411764,15,15,single,15.0,22.0,-0.013023320764017604,8,"{0: 17, 1: 25, 2: 28, 3: 28, 4: 14, 5: 34, 6: 24, 7: 34}",2.2182157039642334,0.1262135952711105,0.5533173084259033,0.0,0.0,2.081759452819824,0.1911764740943908,0.5720619559288025,0.0,0.0,0.7647058963775635,,,mean,(11,2.0,
18.0,lowpass,chexnet,kernel_size-(11_11)_method-mean_iterations-3,0.2318840622901916,0.3382352941176471,2,2,single,10.0,17.0,0.027684267431783177,8,"{0: 31, 1: 18, 2: 32, 3: 26, 4: 26, 5: 33, 6: 22, 7: 16}",2.52355694770813,0.1067961156368255,0.4830265045166015,0.1111111119389534,0.0097087379544973,2.2566628456115723,0.0588235296308994,0.4575197994709015,0.0,0.0,0.5147058963775635,,,mean,(11,3.0,
19.0,lowpass,chexnet,kernel_size-(11_11)_method-mean_iterations-5,0.2205882370471954,0.36764705882352944,1,1,single,11.0,18.0,0.01638844218878699,8,"{0: 29, 1: 30, 2: 17, 3: 27, 4: 20, 5: 20, 6: 37, 7: 24}",2.4908626079559326,0.1504854410886764,0.5061672925949097,0.0526315793395042,0.0048543689772486,2.3450300693511963,0.1029411777853965,0.44505375623703,0.0,0.0,0.5735294222831726,,,mean,(11,5.0,
19.0,lowpass,chexnet,kernel_size-(3_3)_method-median_iterations-2,0.2205882370471954,0.5147058823529411,1,1,single,11.0,18.0,0.01638844218878699,8,"{0: 29, 1: 35, 2: 33, 3: 28, 4: 14, 5: 26, 6: 25, 7: 14}",2.844767808914185,0.1407766938209533,0.5199729800224304,0.1857142895460128,0.0631067976355552,2.2920758724212646,0.2205882370471954,0.542109489440918,0.0,0.0,0.6764705777168274,,,median,(3,2.0,
22.0,lowpass,chexnet,kernel_size-(3_3)_method-median_iterations-3,0.2028985470533371,0.3088235294117647,13,13,single,14.0,21.0,-0.0013012478050713205,8,"{0: 34, 1: 26, 2: 16, 3: 31, 4: 28, 5: 27, 6: 16, 7: 26}",2.509030818939209,0.1504854410886764,0.5404710173606873,0.2000000029802322,0.0436893217265605,2.2443981170654297,0.1323529481887817,0.4367431104183197,0.0,0.0,0.5588235259056091,,,median,(3,3.0,
24.0,lowpass,chexnet,kernel_size-(3_3)_method-median_iterations-5,0.1884057968854904,0.4117647058823529,11,11,single,16.0,23.0,-0.015793997972918028,8,"{0: 34, 1: 22, 2: 33, 3: 30, 4: 22, 5: 23, 6: 15, 7: 25}",2.4176456928253174,0.1747572869062423,0.5552310943603516,0.190476194024086,0.0388349518179893,2.112158298492432,0.1176470592617988,0.547546923160553,0.0,0.0,0.6764705777168274,,,median,(3,5.0,
21.0,lowpass,chexnet,kernel_size-(3_3)_method-median_iterations-7,0.2058823555707931,0.45588235294117646,9,9,single,13.0,20.0,0.0016825607123846786,8,"{0: 33, 1: 26, 2: 31, 3: 39, 4: 13, 5: 27, 6: 23, 7: 12}",2.409533262252808,0.1990291327238083,0.5629099011421204,0.25,0.058252427726984,2.12384033203125,0.2058823555707931,0.5563673973083496,0.0,0.0,0.6911764740943909,,,median,(3,7.0,
21.0,lowpass,chexnet,kernel_size-(5_5)_method-gaussian_iterations-1,0.2058823555707931,0.5441176470588235,6,6,single,13.0,20.0,0.0016825607123846786,8,"{0: 29, 1: 20, 2: 33, 3: 34, 4: 23, 5: 22, 6: 29, 7: 14}",2.4812474250793457,0.1601941734552383,0.5258036255836487,0.1500000059604644,0.029126213863492,2.0634806156158447,0.2058823555707931,0.5995581150054932,0.0,0.0,0.7647058963775635,,,gaussian,(5,1.0,
19.0,lowpass,chexnet,kernel_size-(5_5)_method-gaussian_iterations-2,0.2205882370471954,0.4264705882352941,7,7,single,11.0,18.0,0.01638844218878699,8,"{0: 34, 1: 14, 2: 42, 3: 22, 4: 20, 5: 23, 6: 35, 7: 14}",2.5871853828430176,0.1116504818201065,0.4746004343032837,0.0,0.0,2.092978477478028,0.2205882370471954,0.5634268522262573,0.0,0.0,0.7058823704719543,,,gaussian,(5,2.0,
22.0,lowpass,chexnet,kernel_size-(5_5)_method-gaussian_iterations-3,0.2028985470533371,0.4411764705882353,14,14,single,14.0,21.0,-0.0013012478050713205,8,"{0: 27, 1: 15, 2: 22, 3: 34, 4: 18, 5: 32, 6: 26, 7: 30}",2.300297975540161,0.1796116530895233,0.5643119812011719,0.3181818127632141,0.0339805819094181,2.117849349975586,0.1617647111415863,0.5533087849617004,0.0,0.0,0.720588207244873,,,gaussian,(5,3.0,
20.0,lowpass,chexnet,kernel_size-(5_5)_method-gaussian_iterations-5,0.2173912972211837,0.45588235294117646,4,4,single,12.0,19.0,0.013191502362775276,8,"{0: 30, 1: 23, 2: 27, 3: 23, 4: 23, 5: 36, 6: 22, 7: 20}",2.427576065063477,0.1262135952711105,0.5298769474029541,0.1304347813129425,0.014563106931746,2.2795026302337646,0.0882352963089943,0.4695378541946411,0.0,0.0,0.5588235259056091,,,gaussian,(5,5.0,
17.0,lowpass,chexnet,kernel_size-(5_5)_method-gaussian_iterations-7,0.2352941185235977,0.45588235294117646,8,8,single,9.0,16.0,0.031094323665189272,8,"{0: 30, 1: 25, 2: 16, 3: 29, 4: 24, 5: 33, 6: 21, 7: 26}",2.4421303272247314,0.1067961156368255,0.511599063873291,0.25,0.0339805819094181,2.0238890647888184,0.2352941185235977,0.6036981344223022,0.0,0.0,0.7647058963775635,,,gaussian,(5,7.0,
17.0,lowpass,chexnet,kernel_size-(5_5)_method-mean_iterations-1,0.2352941185235977,0.4411764705882353,6,6,single,9.0,16.0,0.031094323665189272,8,"{0: 31, 1: 17, 2: 29, 3: 33, 4: 13, 5: 30, 6: 33, 7: 18}",2.4326658248901367,0.1310679614543914,0.5275827646255493,0.1785714328289032,0.0242718439549207,2.092370748519897,0.2352941185235977,0.5675203204154968,0.0,0.0,0.7058823704719543,,,mean,(5,1.0,
22.0,lowpass,chexnet,kernel_size-(5_5)_method-mean_iterations-3,0.2028985470533371,0.4264705882352941,7,7,single,14.0,21.0,-0.0013012478050713205,8,"{0: 16, 1: 24, 2: 34, 3: 31, 4: 16, 5: 35, 6: 28, 7: 20}",2.323291778564453,0.1407766938209533,0.5331658720970154,0.1000000014901161,0.0097087379544973,2.177818775177002,0.0882352963089943,0.4910714030265808,0.0,0.0,0.6029411554336548,,,mean,(5,3.0,
21.0,lowpass,chexnet,kernel_size-(5_5)_method-mean_iterations-5,0.2058823555707931,0.3382352941176471,8,8,single,13.0,20.0,0.0016825607123846786,8,"{0: 27, 1: 30, 2: 21, 3: 32, 4: 16, 5: 26, 6: 30, 7: 22}",2.290225982666016,0.1699029058218002,0.54655921459198,0.2727272808551788,0.014563106931746,2.167189359664917,0.1176470592617988,0.4770761132240295,0.0,0.0,0.6323529481887817,,,mean,(5,5.0,
20.0,lowpass,chexnet,kernel_size-(5_5)_method-mean_iterations-7,0.2173912972211837,0.4411764705882353,14,14,single,12.0,19.0,0.013191502362775276,8,"{0: 29, 1: 33, 2: 27, 3: 27, 4: 8, 5: 31, 6: 36, 7: 13}",2.2981512546539307,0.1262135952711105,0.5192592740058899,0.2142857164144516,0.014563106931746,2.084346055984497,0.147058829665184,0.5558267831802368,0.0,0.0,0.75,,,mean,(5,7.0,
25.0,lowpass,chexnet,kernel_size-(5_5)_method-median_iterations-1,0.1764705926179886,0.39705882352941174,2,2,single,17.0,24.0,-0.02772920224041983,8,"{0: 29, 1: 25, 2: 29, 3: 25, 4: 23, 5: 14, 6: 37, 7: 22}",2.911925792694092,0.1407766938209533,0.4813096523284912,0.0967741906642913,0.029126213863492,2.284410238265991,0.1764705926179886,0.5176408886909485,0.0,0.0,0.6029411554336548,,,median,(5,1.0,
13.0,lowpass,chexnet,kernel_size-(5_5)_method-median_iterations-2,0.2647058963775635,0.47058823529411764,14,14,single,5.0,12.0,0.06050610151915506,8,"{0: 23, 1: 21, 2: 28, 3: 36, 4: 22, 5: 30, 6: 30, 7: 14}",2.438353538513184,0.1844660192728042,0.5533391237258911,0.2000000029802322,0.0436893217265605,2.091320753097534,0.1176470592617988,0.5613723397254944,0.0,0.0,0.6911764740943909,,,median,(5,2.0,
22.0,lowpass,chexnet,kernel_size-(5_5)_method-median_iterations-3,0.2028985470533371,0.38235294117647056,1,1,single,14.0,21.0,-0.0013012478050713205,8,"{0: 33, 1: 27, 2: 23, 3: 30, 4: 26, 5: 23, 6: 33, 7: 9}",2.915910243988037,0.1116504818201065,0.4766623377799988,0.1369863003492355,0.0485436879098415,2.4651803970336914,0.1029411777853965,0.4385658502578735,0.0,0.0,0.5588235259056091,,,median,(5,3.0,
19.0,lowpass,chexnet,kernel_size-(5_5)_method-median_iterations-5,0.2205882370471954,0.47058823529411764,2,2,single,11.0,18.0,0.01638844218878699,8,"{0: 27, 1: 31, 2: 30, 3: 33, 4: 17, 5: 29, 6: 22, 7: 15}",2.67228364944458,0.1262135952711105,0.534233033657074,0.1016949117183685,0.029126213863492,2.2996902465820312,0.147058829665184,0.4797639846801758,0.0,0.0,0.5882353186607361,,,median,(5,5.0,
26.0,lowpass,chexnet,kernel_size-(5_5)_method-median_iterations-7,0.1739130467176437,0.4117647058823529,1,1,single,18.0,25.0,-0.030286748140764708,8,"{0: 28, 1: 19, 2: 29, 3: 36, 4: 16, 5: 27, 6: 27, 7: 22}",3.1682164669036865,0.1310679614543914,0.4908854365348816,0.0989011004567146,0.0436893217265605,2.565819025039673,0.1029411777853965,0.4687036275863647,0.1666666716337204,0.0147058824077248,0.5882353186607361,,,median,(5,7.0,
21.0,lowpass,chexnet,kernel_size-(9_9)_method-gaussian_iterations-1,0.2058823555707931,0.45588235294117646,1,1,single,13.0,20.0,0.0016825607123846786,8,"{0: 30, 1: 15, 2: 39, 3: 19, 4: 22, 5: 23, 6: 33, 7: 23}",2.6186912059783936,0.1359223276376724,0.4894394874572754,0.1363636404275894,0.029126213863492,2.1571826934814453,0.0588235296308994,0.5288093090057373,0.0,0.0,0.6764705777168274,,,gaussian,(9,1.0,
22.0,lowpass,chexnet,kernel_size-(9_9)_method-gaussian_iterations-2,0.2028985470533371,0.36764705882352944,3,3,single,14.0,21.0,-0.0013012478050713205,8,"{0: 25, 1: 23, 2: 42, 3: 17, 4: 19, 5: 32, 6: 26, 7: 20}",2.636216878890991,0.1262135952711105,0.4991684854030609,0.122448980808258,0.029126213863492,2.322182893753052,0.1176470592617988,0.4510318636894226,0.0,0.0,0.5588235259056091,,,gaussian,(9,2.0,
19.0,lowpass,chexnet,kernel_size-(11_11)_method-mean_iterations-7,0.2205882370471954,0.4852941176470588,4,4,single,11.0,18.0,0.01638844218878699,8,"{0: 26, 1: 20, 2: 30, 3: 22, 4: 29, 5: 16, 6: 32, 7: 29}",2.2080392837524414,0.1359223276376724,0.5608614087104797,0.0,0.0,2.081145763397217,0.2205882370471954,0.529705286026001,0.0,0.0,0.6029411554336548,,,mean,(11,7.0,
24.0,lowpass,chexnet,kernel_size-(15_15)_method-gaussian_iterations-7,0.1884057968854904,0.27941176470588236,2,2,single,16.0,23.0,-0.015793997972918028,8,"{0: 24, 1: 30, 2: 35, 3: 33, 4: 9, 5: 24, 6: 15, 7: 34}",2.372438669204712,0.1407766938209533,0.5053391456604004,0.0,0.0,2.232442617416382,0.0882352963089943,0.4174493551254272,0.0,0.0,0.5147058963775635,,,gaussian,(15,7.0,
17.0,lowpass,chexnet,kernel_size-(3_3)_method-gaussian_iterations-1,0.2352941185235977,0.38235294117647056,14,14,single,9.0,16.0,0.031094323665189272,8,"{0: 24, 1: 23, 2: 17, 3: 35, 4: 27, 5: 30, 6: 30, 7: 18}",2.314874649047852,0.1844660192728042,0.5696309208869934,0.28125,0.0436893217265605,2.1679396629333496,0.147058829665184,0.491256833076477,0.0,0.0,0.5588235259056091,,,gaussian,(3,1.0,
18.0,lowpass,chexnet,kernel_size-(3_3)_method-median_iterations-1,0.2318840622901916,0.4264705882352941,6,6,single,10.0,17.0,0.027684267431783177,8,"{0: 26, 1: 28, 2: 24, 3: 31, 4: 10, 5: 26, 6: 35, 7: 24}",2.497971296310425,0.1407766938209533,0.5436218976974487,0.1111111119389534,0.0194174759089946,2.19712495803833,0.073529414832592,0.4915812015533447,0.0,0.0,0.5735294222831726,,,median,(3,1.0,
16.0,lowpass,chexnet,kernel_size-(5_5)_method-mean_iterations-2,0.2463768124580383,0.45588235294117646,8,8,single,8.0,15.0,0.042177017599629885,8,"{0: 24, 1: 29, 2: 24, 3: 24, 4: 25, 5: 18, 6: 34, 7: 26}",2.2523610591888428,0.2038834989070892,0.583431601524353,0.2352941185235977,0.0194174759089946,2.1107895374298096,0.147058829665184,0.5339532494544983,0.0,0.0,0.6617646813392639,,,mean,(5,2.0,
21.0,lowpass,chexnet,kernel_size-(9_9)_method-gaussian_iterations-3,0.2058823555707931,0.4264705882352941,15,15,single,13.0,20.0,0.0016825607123846786,8,"{0: 36, 1: 36, 2: 25, 3: 26, 4: 27, 5: 29, 6: 13, 7: 12}",2.205223798751831,0.1747572869062423,0.5774275660514832,0.2142857164144516,0.014563106931746,2.107377052307129,0.2058823555707931,0.5480412840843201,0.0,0.0,0.6323529481887817,,,gaussian,(9,3.0,
19.0,lowpass,chexnet,kernel_size-(9_9)_method-gaussian_iterations-5,0.2205882370471954,0.4264705882352941,4,4,single,11.0,18.0,0.01638844218878699,8,"{0: 26, 1: 26, 2: 32, 3: 26, 4: 17, 5: 23, 6: 33, 7: 21}",2.4287779331207275,0.1456310749053955,0.493625670671463,0.1666666716337204,0.0097087379544973,2.161945581436157,0.1029411777853965,0.4793159663677215,0.0,0.0,0.6029411554336548,,,gaussian,(9,5.0,
25.0,lowpass,chexnet,kernel_size-(9_9)_method-gaussian_iterations-7,0.1764705926179886,0.4264705882352941,10,10,single,17.0,24.0,-0.02772920224041983,8,"{0: 35, 1: 20, 2: 22, 3: 25, 4: 21, 5: 35, 6: 22, 7: 24}",2.3274519443511963,0.1116504818201065,0.5057649612426758,0.1000000014901161,0.0048543689772486,2.0790882110595703,0.1764705926179886,0.5426037907600403,0.0,0.0,0.6470588445663452,,,gaussian,(9,7.0,
22.0,lowpass,chexnet,kernel_size-(9_9)_method-mean_iterations-1,0.2028985470533371,0.5,14,14,single,14.0,21.0,-0.0013012478050713205,8,"{0: 31, 1: 20, 2: 25, 3: 19, 4: 22, 5: 36, 6: 22, 7: 29}",2.2454164028167725,0.1310679614543914,0.5761027932167053,0.3181818127632141,0.0339805819094181,2.1054420471191406,0.1764705926179886,0.5517331957817078,0.0,0.0,0.6764705777168274,,,mean,(9,1.0,
20.0,lowpass,chexnet,kernel_size-(9_9)_method-mean_iterations-2,0.2173912972211837,0.47058823529411764,2,2,single,12.0,19.0,0.013191502362775276,8,"{0: 28, 1: 18, 2: 33, 3: 27, 4: 11, 5: 30, 6: 32, 7: 25}",2.601412296295166,0.1213592216372489,0.4855917394161224,0.1052631586790084,0.0194174759089946,2.229578971862793,0.1323529481887817,0.5345711708068848,0.0,0.0,0.6764705777168274,,,mean,(9,2.0,
21.0,lowpass,chexnet,kernel_size-(9_9)_method-mean_iterations-3,0.2058823555707931,0.45588235294117646,1,1,single,13.0,20.0,0.0016825607123846786,8,"{0: 29, 1: 36, 2: 19, 3: 14, 4: 20, 5: 33, 6: 34, 7: 19}",2.3799407482147217,0.1601941734552383,0.5298887491226196,0.2777777910232544,0.0242718439549207,2.1655619144439697,0.2058823555707931,0.5254881381988525,0.0,0.0,0.6323529481887817,,,mean,(9,3.0,
18.0,lowpass,chexnet,kernel_size-(9_9)_method-mean_iterations-5,0.2318840622901916,0.35294117647058826,4,4,single,10.0,17.0,0.027684267431783177,8,"{0: 32, 1: 18, 2: 17, 3: 34, 4: 16, 5: 41, 6: 24, 7: 22}",2.5257985591888428,0.1067961156368255,0.4727892279624939,0.1199999973177909,0.014563106931746,2.1949121952056885,0.0882352963089943,0.4769680202007293,0.0,0.0,0.5441176295280457,,,mean,(9,5.0,
22.0,lowpass,chexnet,kernel_size-(9_9)_method-mean_iterations-7,0.2028985470533371,0.3382352941176471,12,12,single,14.0,21.0,-0.0013012478050713205,8,"{0: 37, 1: 15, 2: 20, 3: 29, 4: 21, 5: 38, 6: 20, 7: 24}",2.223073482513428,0.1650485396385193,0.5422400832176208,0.1666666716337204,0.0048543689772486,2.162069320678711,0.0588235296308994,0.4563612043857574,0.0,0.0,0.5735294222831726,,,mean,(9,7.0,
24.0,lowpass,chexnet,kernel_size-(9_9)_method-median_iterations-1,0.1884057968854904,0.3382352941176471,12,12,single,16.0,23.0,-0.015793997972918028,8,"{0: 30, 1: 22, 2: 21, 3: 30, 4: 20, 5: 20, 6: 30, 7: 31}",2.520019054412842,0.1213592216372489,0.5136474370956421,0.0256410259753465,0.0048543689772486,2.1959261894226074,0.1323529481887817,0.4749752879142761,0.0,0.0,0.5441176295280457,,,median,(9,1.0,
16.0,lowpass,chexnet,kernel_size-(9_9)_method-median_iterations-2,0.2463768124580383,0.5147058823529411,7,7,single,8.0,15.0,0.042177017599629885,8,"{0: 23, 1: 31, 2: 19, 3: 30, 4: 22, 5: 29, 6: 34, 7: 16}",2.4181203842163086,0.1747572869062423,0.5577255487442017,0.1320754736661911,0.0339805819094181,2.1408653259277344,0.147058829665184,0.5373207926750183,0.0,0.0,0.6617646813392639,,,median,(9,2.0,
22.0,lowpass,chexnet,kernel_size-(9_9)_method-median_iterations-3,0.2028985470533371,0.5147058823529411,5,5,single,14.0,21.0,-0.0013012478050713205,8,"{0: 24, 1: 21, 2: 21, 3: 33, 4: 13, 5: 31, 6: 37, 7: 24}",2.401487112045288,0.1747572869062423,0.5758504271507263,0.1632653027772903,0.0388349518179893,2.109714984893799,0.1176470592617988,0.5541738867759705,0.0,0.0,0.720588207244873,,,median,(9,3.0,
19.0,lowpass,chexnet,kernel_size-(9_9)_method-median_iterations-5,0.2205882370471954,0.5294117647058824,8,8,single,11.0,18.0,0.01638844218878699,8,"{0: 33, 1: 34, 2: 19, 3: 25, 4: 19, 5: 20, 6: 31, 7: 23}",2.5702128410339355,0.1310679614543914,0.4956522583961487,0.0606060624122619,0.0097087379544973,2.096466541290283,0.1617647111415863,0.5640757083892822,0.0,0.0,0.7058823704719543,,,median,(9,5.0,
24.0,lowpass,chexnet,kernel_size-(9_9)_method-median_iterations-7,0.1884057968854904,0.4264705882352941,4,4,single,16.0,23.0,-0.015793997972918028,8,"{0: 31, 1: 27, 2: 21, 3: 29, 4: 22, 5: 34, 6: 18, 7: 22}",2.540036678314209,0.1650485396385193,0.5222823023796082,0.0833333358168602,0.014563106931746,2.1981842517852783,0.1176470592617988,0.5140571594238281,0.0,0.0,0.6764705777168274,,,median,(9,7.0,
18.0,lowpass,chexnet,kernel_size-(3_3)_method-gaussian_iterations-2,0.2318840622901916,0.47058823529411764,4,4,single,10.0,17.0,0.027684267431783177,8,"{0: 26, 1: 29, 2: 28, 3: 25, 4: 20, 5: 28, 6: 33, 7: 15}",2.5114145278930664,0.1067961156368255,0.5086398720741272,0.1818181872367859,0.029126213863492,2.1624233722686768,0.1029411777853965,0.5035683512687683,0.0,0.0,0.6617646813392639,,,gaussian,(3,2.0,
19.0,lowpass,chexnet,kernel_size-(3_3)_method-gaussian_iterations-3,0.2205882370471954,0.4264705882352941,10,10,single,11.0,18.0,0.01638844218878699,8,"{0: 23, 1: 29, 2: 21, 3: 22, 4: 27, 5: 27, 6: 33, 7: 22}",2.3718650341033936,0.1601941734552383,0.5604051947593689,0.2162162214517593,0.0388349518179893,2.077413558959961,0.2205882370471954,0.5755066871643066,0.0,0.0,0.7352941036224365,,,gaussian,(3,3.0,
27.0,lowpass,chexnet,kernel_size-(3_3)_method-gaussian_iterations-5,0.1617647111415863,0.4117647058823529,4,4,single,19.0,26.0,-0.042435083716822114,8,"{0: 25, 1: 33, 2: 30, 3: 29, 4: 11, 5: 23, 6: 28, 7: 25}",2.450161457061768,0.1310679614543914,0.5185338258743286,0.1428571492433548,0.0194174759089946,2.2018637657165527,0.1617647111415863,0.4669889807701111,0.0,0.0,0.5882353186607361,,,gaussian,(3,5.0,
15.0,lowpass,chexnet,kernel_size-(3_3)_method-gaussian_iterations-7,0.25,0.5294117647058824,13,13,single,7.0,14.0,0.04580020514159158,8,"{0: 27, 1: 24, 2: 37, 3: 34, 4: 16, 5: 30, 6: 22, 7: 14}",2.4255409240722656,0.1456310749053955,0.5294225215911865,0.1714285761117935,0.029126213863492,2.0532889366149902,0.25,0.6048721075057983,0.0,0.0,0.7352941036224365,,,gaussian,(3,7.0,
25.0,lowpass,chexnet,kernel_size-(3_3)_method-mean_iterations-1,0.1764705926179886,0.4852941176470588,15,15,single,17.0,24.0,-0.02772920224041983,8,"{0: 28, 1: 22, 2: 19, 3: 28, 4: 12, 5: 40, 6: 32, 7: 23}",2.3121166229248047,0.1650485396385193,0.5798126459121704,0.261904776096344,0.0533980578184127,2.0757992267608643,0.1764705926179886,0.563457727432251,0.0,0.0,0.720588207244873,,,mean,(3,1.0,
21.0,lowpass,chexnet,kernel_size-(3_3)_method-mean_iterations-2,0.2058823555707931,0.4264705882352941,14,14,single,13.0,20.0,0.0016825607123846786,8,"{0: 27, 1: 31, 2: 40, 3: 19, 4: 18, 5: 28, 6: 25, 7: 16}",2.3466947078704834,0.1699029058218002,0.5584847331047058,0.1666666716337204,0.0242718439549207,2.056297779083252,0.2058823555707931,0.5767887830734253,0.0,0.0,0.720588207244873,,,mean,(3,2.0,
15.0,lowpass,chexnet,kernel_size-(3_3)_method-mean_iterations-3,0.25,0.4264705882352941,5,5,single,7.0,14.0,0.04580020514159158,8,"{0: 29, 1: 24, 2: 29, 3: 22, 4: 17, 5: 35, 6: 23, 7: 25}",2.45162296295166,0.1650485396385193,0.5361299514770508,0.147058829665184,0.0242718439549207,2.066868305206299,0.1176470592617988,0.5670106410980225,0.0,0.0,0.720588207244873,,,mean,(3,3.0,
20.0,lowpass,chexnet,kernel_size-(3_3)_method-mean_iterations-5,0.2173912972211837,0.35294117647058826,14,14,single,12.0,19.0,0.013191502362775276,8,"{0: 32, 1: 33, 2: 23, 3: 35, 4: 23, 5: 22, 6: 19, 7: 17}",2.3357977867126465,0.1796116530895233,0.569358229637146,0.2083333283662796,0.0242718439549207,2.226787567138672,0.0882352963089943,0.4603775143623352,0.0,0.0,0.6470588445663452,,,mean,(3,5.0,
24.0,lowpass,chexnet,kernel_size-(3_3)_method-mean_iterations-7,0.1884057968854904,0.23529411764705882,13,13,single,16.0,23.0,-0.015793997972918028,8,"{0: 23, 1: 20, 2: 30, 3: 28, 4: 25, 5: 24, 6: 35, 7: 19}",2.213377952575684,0.1893203854560852,0.5874207019805908,0.2631579041481018,0.0242718439549207,2.213183879852295,0.073529414832592,0.4459651708602905,0.0,0.0,0.5588235259056091,,,mean,(3,7.0,
16.0,lowpass,chexnet,kernel_size-(11_11)_method-median_iterations-1,0.2463768124580383,0.39705882352941174,11,11,single,8.0,15.0,0.042177017599629885,8,"{0: 33, 1: 30, 2: 22, 3: 37, 4: 18, 5: 21, 6: 27, 7: 16}",2.5215988159179688,0.1407766938209533,0.5350999236106873,0.1777777820825576,0.0388349518179893,2.1114602088928223,0.1911764740943908,0.555672287940979,0.0,0.0,0.6764705777168274,,,median,(11,1.0,
23.0,lowpass,chexnet,kernel_size-(11_11)_method-median_iterations-2,0.1911764740943908,0.4264705882352941,14,14,single,15.0,22.0,-0.013023320764017604,8,"{0: 33, 1: 25, 2: 23, 3: 28, 4: 19, 5: 21, 6: 33, 7: 22}",2.479142189025879,0.1067961156368255,0.5258490443229675,0.09375,0.014563106931746,2.144676923751831,0.1911764740943908,0.5277280211448669,0.0,0.0,0.6764705777168274,,,median,(11,2.0,
21.0,lowpass,chexnet,kernel_size-(11_11)_method-median_iterations-3,0.2058823555707931,0.5,1,1,single,13.0,20.0,0.0016825607123846786,8,"{0: 26, 1: 29, 2: 20, 3: 25, 4: 18, 5: 25, 6: 42, 7: 19}",2.820835828781128,0.1262135952711105,0.5099141001701355,0.0895522385835647,0.029126213863492,2.255959272384644,0.2058823555707931,0.5500030517578125,0.0,0.0,0.6029411554336548,,,median,(11,3.0,
19.0,lowpass,chexnet,kernel_size-(11_11)_method-median_iterations-5,0.2205882370471954,0.4411764705882353,2,2,single,11.0,18.0,0.01638844218878699,8,"{0: 33, 1: 26, 2: 25, 3: 23, 4: 21, 5: 24, 6: 37, 7: 15}",2.62583327293396,0.1456310749053955,0.5249905586242676,0.1372549086809158,0.0339805819094181,2.2308356761932373,0.2205882370471954,0.5124660730361938,0.0,0.0,0.6617646813392639,,,median,(11,5.0,
22.0,lowpass,chexnet,kernel_size-(11_11)_method-median_iterations-7,0.2028985470533371,0.4117647058823529,1,1,single,14.0,21.0,-0.0013012478050713205,8,"{0: 27, 1: 30, 2: 23, 3: 24, 4: 10, 5: 21, 6: 31, 7: 38}",2.87105393409729,0.1262135952711105,0.5045126676559448,0.1754385977983474,0.0485436879098415,2.438830614089966,0.0882352963089943,0.4855258166790008,0.25,0.0147058824077248,0.5882353186607361,,,median,(11,7.0,
22.0,lowpass,chexnet,kernel_size-(15_15)_method-gaussian_iterations-1,0.2028985470533371,0.4117647058823529,7,7,single,14.0,21.0,-0.0013012478050713205,8,"{0: 32, 1: 31, 2: 25, 3: 26, 4: 23, 5: 22, 6: 26, 7: 19}",2.343937397003174,0.1553398072719574,0.5431186556816101,0.1333333402872085,0.0097087379544973,2.137278318405152,0.1029411777853965,0.5027032494544983,0.0,0.0,0.5882353186607361,,,gaussian,(15,1.0,
25.0,lowpass,chexnet,kernel_size-(15_15)_method-gaussian_iterations-2,0.1764705926179886,0.47058823529411764,11,11,single,17.0,24.0,-0.02772920224041983,8,"{0: 29, 1: 24, 2: 21, 3: 27, 4: 25, 5: 32, 6: 27, 7: 19}",2.357377290725708,0.1067961156368255,0.514581561088562,0.3333333432674408,0.0097087379544973,2.1348469257354736,0.1029411777853965,0.5120334625244141,0.0,0.0,0.6470588445663452,,,gaussian,(15,2.0,
16.0,lowpass,chexnet,kernel_size-(15_15)_method-gaussian_iterations-3,0.2463768124580383,0.39705882352941174,6,6,single,8.0,15.0,0.042177017599629885,8,"{0: 31, 1: 20, 2: 22, 3: 37, 4: 20, 5: 33, 6: 23, 7: 18}",2.4591281414031982,0.1262135952711105,0.5004005432128906,0.1666666716337204,0.014563106931746,2.137387275695801,0.1176470592617988,0.5128830671310425,0.0,0.0,0.7352941036224365,,,gaussian,(15,3.0,
23.0,lowpass,chexnet,kernel_size-(15_15)_method-gaussian_iterations-5,0.1911764740943908,0.5,6,6,single,15.0,22.0,-0.013023320764017604,8,"{0: 23, 1: 34, 2: 36, 3: 24, 4: 15, 5: 34, 6: 22, 7: 16}",2.4613614082336426,0.116504855453968,0.4732572436332702,0.0,0.0,2.076401710510254,0.1911764740943908,0.5618667006492615,0.0,0.0,0.720588207244873,,,gaussian,(15,5.0,
23.0,lowpass,chexnet,kernel_size-(15_15)_method-mean_iterations-1,0.1911764740943908,0.5,14,14,single,15.0,22.0,-0.013023320764017604,8,"{0: 25, 1: 17, 2: 48, 3: 19, 4: 30, 5: 25, 6: 20, 7: 20}",2.3462319374084477,0.1359223276376724,0.5016007423400879,0.0833333358168602,0.0048543689772486,2.079428672790528,0.1617647111415863,0.562206506729126,0.0,0.0,0.7058823704719543,,,mean,(15,1.0,
15.0,lowpass,chexnet,kernel_size-(15_15)_method-mean_iterations-2,0.25,0.35294117647058826,8,8,single,7.0,14.0,0.04580020514159158,8,"{0: 39, 1: 26, 2: 38, 3: 27, 4: 14, 5: 23, 6: 14, 7: 23}",2.3114750385284424,0.1262135952711105,0.5254803895950317,0.0,0.0,2.110452651977539,0.25,0.4974357187747955,0.0,0.0,0.5882353186607361,,,mean,(15,2.0,
18.0,lowpass,chexnet,kernel_size-(15_15)_method-mean_iterations-3,0.2318840622901916,0.4264705882352941,3,3,single,10.0,17.0,0.027684267431783177,8,"{0: 26, 1: 21, 2: 41, 3: 26, 4: 17, 5: 27, 6: 26, 7: 20}",2.342557430267334,0.1116504818201065,0.5117437243461609,0.0714285746216774,0.0048543689772486,2.168323040008545,0.147058829665184,0.4770143330097198,0.0,0.0,0.5735294222831726,,,mean,(15,3.0,
26.0,lowpass,chexnet,kernel_size-(15_15)_method-mean_iterations-5,0.1739130467176437,0.3382352941176471,9,9,single,18.0,25.0,-0.030286748140764708,8,"{0: 18, 1: 28, 2: 24, 3: 39, 4: 20, 5: 26, 6: 23, 7: 26}",2.208415269851685,0.1553398072719574,0.5564715266227722,0.1111111119389534,0.0048543689772486,2.1352336406707764,0.0882352963089943,0.4663865566253662,0.0,0.0,0.5735294222831726,,,mean,(15,5.0,
23.0,lowpass,chexnet,kernel_size-(15_15)_method-mean_iterations-7,0.1911764740943908,0.4264705882352941,2,2,single,15.0,22.0,-0.013023320764017604,8,"{0: 28, 1: 17, 2: 23, 3: 45, 4: 25, 5: 27, 6: 21, 7: 18}",2.329184293746948,0.116504855453968,0.48823943734169,0.0,0.0,2.095038414001465,0.1911764740943908,0.5270019769668579,0.0,0.0,0.6617646813392639,,,mean,(15,7.0,
20.0,lowpass,chexnet,kernel_size-(15_15)_method-median_iterations-1,0.2173912972211837,0.4411764705882353,7,7,single,12.0,19.0,0.013191502362775276,8,"{0: 30, 1: 19, 2: 30, 3: 31, 4: 17, 5: 20, 6: 33, 7: 24}",2.5199451446533203,0.1067961156368255,0.521856427192688,0.1538461595773697,0.029126213863492,2.164210796356201,0.1617647111415863,0.5010967254638672,0.0,0.0,0.6029411554336548,,,median,(15,1.0,
27.0,lowpass,chexnet,kernel_size-(15_15)_method-median_iterations-2,0.1617647111415863,0.4411764705882353,2,2,single,19.0,26.0,-0.042435083716822114,8,"{0: 28, 1: 25, 2: 25, 3: 19, 4: 24, 5: 32, 6: 24, 7: 27}",2.5813748836517334,0.1262135952711105,0.5106143355369568,0.2195121943950653,0.0436893217265605,2.182241916656494,0.1617647111415863,0.5335825085639954,0.0,0.0,0.6176470518112183,,,median,(15,2.0,
23.0,lowpass,chexnet,kernel_size-(15_15)_method-median_iterations-3,0.1911764740943908,0.4411764705882353,9,9,single,15.0,22.0,-0.013023320764017604,8,"{0: 29, 1: 31, 2: 24, 3: 33, 4: 20, 5: 33, 6: 19, 7: 15}",2.530463695526123,0.1310679614543914,0.5164028406143188,0.1315789520740509,0.0242718439549207,2.10145115852356,0.1911764740943908,0.5537567734718323,0.0,0.0,0.6470588445663452,,,median,(15,3.0,
10.0,lowpass,chexnet,kernel_size-(15_15)_method-median_iterations-5,0.2898550629615783,0.38235294117647056,5,5,single,3.0,9.0,0.0856552681031699,8,"{0: 20, 1: 20, 2: 34, 3: 37, 4: 26, 5: 21, 6: 23, 7: 23}",2.651263236999512,0.0922330096364021,0.4859200119972229,0.0681818202137947,0.014563106931746,2.1954991817474365,0.1029411777853965,0.510488748550415,0.0,0.0,0.6764705777168274,,,median,(15,5.0,
22.0,lowpass,chexnet,kernel_size-(15_15)_method-median_iterations-7,0.2028985470533371,0.4264705882352941,9,9,single,14.0,21.0,-0.0013012478050713205,8,"{0: 24, 1: 33, 2: 20, 3: 25, 4: 21, 5: 26, 6: 36, 7: 19}",2.5481486320495605,0.1213592216372489,0.50201815366745,0.15625,0.0242718439549207,2.1861464977264404,0.1029411777853965,0.4904844164848327,0.0,0.0,0.6029411554336548,,,median,(15,7.0,
31.0,lowpass,custom cnn,kernel_size-(11_11)_method-gaussian_iterations-1,0.1323529481887817,0.36764705882352944,1,1,single,13.0,30.0,-0.02359977530108559,3,"{0: 68, 1: 68, 6: 68}",2.346676111221313,0.1262135952711105,0.5092475414276123,0.1500000059604644,0.014563106931746,2.0806033611297607,0.1176470592617988,0.5159107446670532,0.0,0.0,0.6323529481887817,,,gaussian,(11,1.0,
30.0,lowpass,custom cnn,kernel_size-(11_11)_method-gaussian_iterations-2,0.1449275314807891,0.36764705882352944,9,9,single,12.0,29.0,-0.0110251920090782,3,"{0: 68, 1: 68, 6: 68}",2.045124053955078,0.1893203854560852,0.5886982679367065,0.0,0.0,2.222505807876587,0.1176470592617988,0.5092529654502869,0.0,0.0,0.5735294222831726,,,gaussian,(11,2.0,
28.0,lowpass,custom cnn,kernel_size-(11_11)_method-gaussian_iterations-3,0.159420296549797,0.38235294117647056,9,9,single,10.0,27.0,0.0034675730599297017,3,"{1: 68, 3: 68, 6: 68}",2.0259249210357666,0.237864077091217,0.6001963019371033,0.0,0.0,2.2621121406555176,0.1176470592617988,0.5085424780845642,0.0,0.0,0.6323529481887817,,,gaussian,(11,3.0,
31.0,lowpass,custom cnn,kernel_size-(11_11)_method-gaussian_iterations-5,0.1323529481887817,0.38235294117647056,6,6,single,13.0,30.0,-0.02359977530108559,3,"{1: 68, 3: 68, 6: 68}",2.0557637214660645,0.1650485396385193,0.58378666639328,0.0,0.0,2.11864972114563,0.1176470592617988,0.5118481516838074,0.0,0.0,0.6323529481887817,,,gaussian,(11,5.0,
27.0,lowpass,custom cnn,kernel_size-(11_11)_method-gaussian_iterations-7,0.1617647111415863,0.38235294117647056,7,7,single,9.0,26.0,0.005811987651719003,3,"{1: 68, 3: 68, 6: 68}",2.0278444290161133,0.2572815418243408,0.6022867560386658,0.0,0.0,2.115981340408325,0.1323529481887817,0.501251220703125,0.0,0.0,0.6176470518112183,,,gaussian,(11,7.0,
31.0,lowpass,custom cnn,kernel_size-(11_11)_method-mean_iterations-1,0.1323529481887817,0.38235294117647056,2,2,single,13.0,30.0,-0.02359977530108559,3,"{1: 68, 3: 68, 6: 68}",2.1813435554504395,0.1553398072719574,0.5371803641319275,0.25,0.0048543689772486,2.081502676010132,0.1323529481887817,0.5044333934783936,0.0,0.0,0.6176470518112183,,,mean,(11,1.0,
27.0,lowpass,custom cnn,kernel_size-(11_11)_method-mean_iterations-2,0.1617647111415863,0.36764705882352944,14,14,single,9.0,26.0,0.005811987651719003,4,"{1: 68, 4: 20, 5: 48, 6: 68}",2.0342304706573486,0.1553398072719574,0.5910581350326538,0.0,0.0,2.2218093872070312,0.1617647111415863,0.5190620422363281,0.0,0.0,0.6176470518112183,,,mean,(11,2.0,
25.0,lowpass,custom cnn,kernel_size-(11_11)_method-mean_iterations-3,0.1764705926179886,0.38235294117647056,6,6,single,7.0,24.0,0.020517869128121285,3,"{1: 68, 3: 68, 6: 68}",2.092399835586548,0.1699029058218002,0.5645207166671753,0.0,0.0,2.1114423274993896,0.1176470592617988,0.5028113722801208,0.0,0.0,0.6323529481887817,,,mean,(11,3.0,
22.0,lowpass,custom cnn,kernel_size-(11_11)_method-mean_iterations-5,0.2028985470533371,0.38235294117647056,11,11,single,4.0,21.0,0.046945823563469796,3,"{1: 68, 3: 68, 6: 68}",2.0217807292938232,0.2038834989070892,0.6122463345527649,0.0,0.0,2.1773366928100586,0.1176470592617988,0.5028268694877625,0.0,0.0,0.6176470518112183,,,mean,(11,5.0,
29.0,lowpass,custom cnn,kernel_size-(3_3)_method-median_iterations-2,0.147058829665184,0.38235294117647056,15,15,single,11.0,28.0,-0.008893893824683308,3,"{1: 68, 3: 68, 6: 68}",1.996394753456116,0.2135922312736511,0.6196204423904419,0.0,0.0,2.5460898876190186,0.1176470592617988,0.5070748925209045,0.0,0.0,0.6323529481887817,,,median,(3,2.0,
31.0,lowpass,custom cnn,kernel_size-(3_3)_method-median_iterations-3,0.1323529481887817,0.36764705882352944,1,1,single,13.0,30.0,-0.02359977530108559,3,"{0: 68, 1: 68, 6: 68}",2.3487741947174072,0.1213592216372489,0.5137248635292053,0.1666666716337204,0.014563106931746,2.083035945892334,0.1176470592617988,0.4974511861801147,0.0,0.0,0.6176470518112183,,,median,(3,3.0,
31.0,lowpass,custom cnn,kernel_size-(3_3)_method-median_iterations-5,0.1323529481887817,0.38235294117647056,7,7,single,13.0,30.0,-0.02359977530108559,4,"{0: 67, 1: 68, 5: 1, 6: 68}",2.0277504920959477,0.2281553447246551,0.606934130191803,0.0,0.0,2.116525411605835,0.1323529481887817,0.5029658675193787,0.0,0.0,0.6176470518112183,,,median,(3,5.0,
27.0,lowpass,custom cnn,kernel_size-(3_3)_method-median_iterations-7,0.1617647111415863,0.38235294117647056,7,7,single,9.0,26.0,0.005811987651719003,4,"{0: 36, 1: 68, 5: 32, 6: 68}",2.016964912414551,0.1601941734552383,0.6122631430625916,0.0,0.0,2.107179641723633,0.1617647111415863,0.5090367197990417,0.0,0.0,0.6323529481887817,,,median,(3,7.0,
29.0,lowpass,custom cnn,kernel_size-(5_5)_method-gaussian_iterations-1,0.147058829665184,0.38235294117647056,10,10,single,11.0,28.0,-0.008893893824683308,3,"{1: 68, 3: 68, 6: 68}",2.0637319087982178,0.1504854410886764,0.5851534605026245,0.0,0.0,2.1614086627960205,0.147058829665184,0.5053293704986572,0.0,0.0,0.6323529481887817,,,gaussian,(5,1.0,
29.0,lowpass,custom cnn,kernel_size-(5_5)_method-gaussian_iterations-2,0.147058829665184,0.39705882352941174,6,6,single,11.0,28.0,-0.008893893824683308,4,"{1: 68, 2: 67, 5: 1, 6: 68}",2.0777664184570312,0.1747572869062423,0.560055136680603,0.0,0.0,2.1029810905456543,0.1176470592617988,0.5034138560295105,0.0,0.0,0.6323529481887817,,,gaussian,(5,2.0,
23.0,lowpass,custom cnn,kernel_size-(5_5)_method-gaussian_iterations-3,0.1911764740943908,0.36764705882352944,2,2,single,5.0,22.0,0.03522375060452351,4,"{0: 20, 1: 68, 3: 48, 6: 68}",2.1545510292053223,0.1504854410886764,0.5406208038330078,0.4000000059604645,0.0097087379544973,2.0864624977111816,0.1911764740943908,0.5073529481887817,0.0,0.0,0.6323529481887817,,,gaussian,(5,3.0,
31.0,lowpass,custom cnn,kernel_size-(5_5)_method-gaussian_iterations-5,0.1323529481887817,0.39705882352941174,1,1,single,13.0,30.0,-0.02359977530108559,4,"{1: 68, 3: 13, 5: 55, 6: 68}",2.378490447998047,0.097087375819683,0.4968743026256561,0.0,0.0,2.0809476375579834,0.1323529481887817,0.4910714328289032,0.0,0.0,0.6176470518112183,,,gaussian,(5,5.0,
29.0,lowpass,custom cnn,kernel_size-(5_5)_method-gaussian_iterations-7,0.147058829665184,0.38235294117647056,5,5,single,11.0,28.0,-0.008893893824683308,3,"{1: 68, 2: 68, 6: 68}",2.110964775085449,0.1601941734552383,0.5514774918556213,0.0,0.0,2.113844633102417,0.147058829665184,0.5129603743553162,0.0,0.0,0.6470588445663452,,,gaussian,(5,7.0,
27.0,lowpass,custom cnn,kernel_size-(5_5)_method-mean_iterations-1,0.1617647111415863,0.36764705882352944,7,7,single,9.0,26.0,0.005811987651719003,3,"{0: 68, 1: 68, 6: 68}",2.059807300567627,0.1990291327238083,0.5733188390731812,0.0,0.0,2.196404933929444,0.1617647111415863,0.508650541305542,0.0,0.0,0.6176470518112183,,,mean,(5,1.0,
27.0,lowpass,custom cnn,kernel_size-(5_5)_method-mean_iterations-3,0.1617647111415863,0.4117647058823529,8,8,single,9.0,26.0,0.005811987651719003,4,"{1: 68, 3: 24, 5: 44, 6: 68}",2.082166910171509,0.1601941734552383,0.556700587272644,0.0,0.0,2.1560826301574707,0.1176470592617988,0.5088359117507935,0.0,0.0,0.6323529481887817,,,mean,(5,3.0,
30.0,lowpass,custom cnn,kernel_size-(5_5)_method-mean_iterations-5,0.1449275314807891,0.3382352941176471,7,7,single,12.0,29.0,-0.0110251920090782,4,"{0: 25, 1: 68, 3: 43, 6: 68}",2.0485336780548096,0.1941747516393661,0.5825932621955872,0.0,0.0,2.213688611984253,0.1176470592617988,0.5046032667160034,0.0,0.0,0.6323529481887817,,,mean,(5,5.0,
26.0,lowpass,custom cnn,kernel_size-(5_5)_method-mean_iterations-7,0.1739130467176437,0.38235294117647056,12,12,single,8.0,25.0,0.01796032322777641,3,"{1: 68, 3: 68, 6: 68}",2.0193567276000977,0.2330097109079361,0.6146230697631836,0.0,0.0,2.463589906692505,0.1176470592617988,0.5196490287780762,0.0,0.0,0.6470588445663452,,,mean,(5,7.0,
23.0,lowpass,custom cnn,kernel_size-(5_5)_method-median_iterations-1,0.1911764740943908,0.36764705882352944,9,9,single,5.0,22.0,0.03522375060452351,3,"{0: 68, 1: 68, 6: 68}",2.006243944168091,0.218446597456932,0.6165083050727844,0.3333333432674408,0.0048543689772486,2.38170862197876,0.1176470592617988,0.5099326968193054,0.0,0.0,0.6323529481887817,,,median,(5,1.0,
27.0,lowpass,custom cnn,kernel_size-(5_5)_method-median_iterations-2,0.1617647111415863,0.36764705882352944,10,10,single,9.0,26.0,0.005811987651719003,3,"{0: 68, 1: 68, 6: 68}",2.0273447036743164,0.2135922312736511,0.6029921174049377,1.0,0.0048543689772486,2.395202159881592,0.1176470592617988,0.5005561113357544,0.0,0.0,0.6323529481887817,,,median,(5,2.0,
25.0,lowpass,custom cnn,kernel_size-(5_5)_method-median_iterations-3,0.1764705926179886,0.38235294117647056,10,10,single,7.0,24.0,0.020517869128121285,3,"{1: 68, 3: 68, 6: 68}",2.0126607418060303,0.2087378650903701,0.6154680848121643,0.0,0.0,2.154092788696289,0.1764705926179886,0.5169457793235779,0.0,0.0,0.6323529481887817,,,median,(5,3.0,
27.0,lowpass,custom cnn,kernel_size-(5_5)_method-median_iterations-5,0.1617647111415863,0.38235294117647056,1,1,single,9.0,26.0,0.005811987651719003,3,"{1: 68, 3: 68, 6: 68}",2.366442918777466,0.1213592216372489,0.5156875252723694,0.1111111119389534,0.0097087379544973,2.080265998840332,0.1617647111415863,0.5005097389221191,0.0,0.0,0.6176470518112183,,,median,(5,5.0,
25.0,lowpass,custom cnn,kernel_size-(5_5)_method-median_iterations-7,0.1764705926179886,0.38235294117647056,7,7,single,7.0,24.0,0.020517869128121285,3,"{1: 68, 3: 68, 6: 68}",2.070687055587769,0.1553398072719574,0.5719907879829407,0.0,0.0,2.118800401687622,0.1323529481887817,0.5129294395446777,0.0,0.0,0.6323529481887817,,,median,(5,7.0,
26.0,lowpass,custom cnn,kernel_size-(9_9)_method-gaussian_iterations-1,0.1739130467176437,0.38235294117647056,7,7,single,8.0,25.0,0.01796032322777641,3,"{1: 68, 3: 68, 6: 68}",2.0396840572357178,0.1747572869062423,0.6023811101913452,1.0,0.0048543689772486,2.1149630546569824,0.1323529481887817,0.5088822245597839,0.0,0.0,0.6470588445663452,,,gaussian,(9,1.0,
31.0,lowpass,custom cnn,kernel_size-(9_9)_method-gaussian_iterations-2,0.1323529481887817,0.39705882352941174,1,1,single,13.0,30.0,-0.02359977530108559,6,"{0: 9, 1: 68, 2: 1, 3: 57, 5: 1, 6: 68}",2.2645089626312256,0.1553398072719574,0.5350174307823181,0.125,0.0048543689772486,2.082395315170288,0.1176470592617988,0.4936974942684173,0.0,0.0,0.6176470518112183,,,gaussian,(9,2.0,
23.0,lowpass,custom cnn,kernel_size-(11_11)_method-mean_iterations-7,0.1911764740943908,0.38235294117647056,7,7,single,5.0,22.0,0.03522375060452351,3,"{1: 68, 3: 68, 6: 68}",2.0897884368896484,0.1796116530895233,0.5591731071472168,0.0,0.0,2.0981006622314453,0.1323529481887817,0.5111838579177856,0.0,0.0,0.6470588445663452,,,mean,(11,7.0,
26.0,lowpass,custom cnn,kernel_size-(15_15)_method-gaussian_iterations-7,0.1739130467176437,0.38235294117647056,6,6,single,8.0,25.0,0.01796032322777641,3,"{1: 68, 3: 68, 6: 68}",2.0918710231781006,0.1650485396385193,0.5592657327651978,0.0,0.0,2.153721332550049,0.1176470592617988,0.4988414347171783,0.0,0.0,0.6323529481887817,,,gaussian,(15,7.0,
27.0,lowpass,custom cnn,kernel_size-(3_3)_method-gaussian_iterations-1,0.1617647111415863,0.38235294117647056,10,10,single,9.0,26.0,0.005811987651719003,3,"{1: 68, 3: 68, 6: 68}",2.0356099605560303,0.1504854410886764,0.5924922823905945,0.0,0.0,2.129883289337158,0.1029411777853965,0.5108749270439148,0.0,0.0,0.6470588445663452,,,gaussian,(3,1.0,
28.0,lowpass,custom cnn,kernel_size-(3_3)_method-median_iterations-1,0.159420296549797,0.4264705882352941,15,15,single,10.0,27.0,0.0034675730599297017,5,"{1: 58, 2: 9, 3: 68, 5: 1, 6: 68}",1.9913976192474363,0.2330097109079361,0.6294436454772949,0.5,0.0048543689772486,2.298702955245972,0.1176470592617988,0.5202051997184753,0.5,0.0294117648154497,0.6470588445663452,,,median,(3,1.0,
28.0,lowpass,custom cnn,kernel_size-(5_5)_method-mean_iterations-2,0.159420296549797,0.38235294117647056,4,4,single,10.0,27.0,0.0034675730599297017,4,"{0: 9, 1: 68, 4: 59, 6: 68}",2.042191743850708,0.2135922312736511,0.6026974320411682,1.0,0.0048543689772486,2.12970232963562,0.1176470592617988,0.4974048435688019,0.0,0.0,0.6176470518112183,,,mean,(5,2.0,
25.0,lowpass,custom cnn,kernel_size-(9_9)_method-gaussian_iterations-3,0.1764705926179886,0.38235294117647056,11,11,single,7.0,24.0,0.020517869128121285,5,"{1: 68, 3: 5, 4: 62, 5: 1, 6: 68}",2.0603837966918945,0.1893203854560852,0.5759850144386292,0.0,0.0,2.143566846847534,0.1764705926179886,0.514674961566925,0.0,0.0,0.6470588445663452,,,gaussian,(9,3.0,
30.0,lowpass,custom cnn,kernel_size-(9_9)_method-gaussian_iterations-5,0.1449275314807891,0.38235294117647056,14,14,single,12.0,29.0,-0.0110251920090782,3,"{1: 68, 3: 68, 6: 68}",1.969443798065185,0.2330097109079361,0.6393475532531738,0.5,0.0048543689772486,2.272692918777466,0.1176470592617988,0.5140262246131897,0.0,0.0,0.6323529481887817,,,gaussian,(9,5.0,
27.0,lowpass,custom cnn,kernel_size-(9_9)_method-gaussian_iterations-7,0.1617647111415863,0.38235294117647056,15,15,single,9.0,26.0,0.005811987651719003,3,"{1: 68, 3: 68, 6: 68}",1.977484941482544,0.2669903039932251,0.6303020119667053,0.0,0.0,2.3314950466156006,0.1176470592617988,0.5179961919784546,0.0,0.0,0.6323529481887817,,,gaussian,(9,7.0,
28.0,lowpass,custom cnn,kernel_size-(9_9)_method-mean_iterations-1,0.159420296549797,0.38235294117647056,14,14,single,10.0,27.0,0.0034675730599297017,3,"{1: 68, 3: 68, 6: 68}",2.011108636856079,0.223300963640213,0.6176308989524841,0.0,0.0,2.452580690383911,0.1176470592617988,0.5130530595779419,0.0,0.0,0.6323529481887817,,,mean,(9,1.0,
23.0,lowpass,custom cnn,kernel_size-(9_9)_method-mean_iterations-2,0.1911764740943908,0.36764705882352944,15,15,single,5.0,22.0,0.03522375060452351,3,"{0: 68, 1: 68, 6: 68}",2.063706636428833,0.1407766938209533,0.5803042054176331,0.0,0.0,2.280130624771118,0.1911764740943908,0.5178571343421936,0.0,0.0,0.6323529481887817,,,mean,(9,2.0,
30.0,lowpass,custom cnn,kernel_size-(9_9)_method-mean_iterations-3,0.1449275314807891,0.38235294117647056,3,3,single,12.0,29.0,-0.0110251920090782,3,"{1: 68, 3: 68, 6: 68}",2.1392452716827397,0.1844660192728042,0.5448608994483948,0.4000000059604645,0.0097087379544973,2.095008850097656,0.1176470592617988,0.4931104779243469,0.0,0.0,0.6176470518112183,,,mean,(9,3.0,
31.0,lowpass,custom cnn,kernel_size-(9_9)_method-mean_iterations-5,0.1323529481887817,0.39705882352941174,1,1,single,13.0,30.0,-0.02359977530108559,4,"{1: 68, 3: 67, 5: 1, 6: 68}",2.310218811035156,0.116504855453968,0.499298095703125,0.125,0.0048543689772486,2.079836368560791,0.1176470592617988,0.5021008253097534,0.0,0.0,0.6323529481887817,,,mean,(9,5.0,
30.0,lowpass,custom cnn,kernel_size-(9_9)_method-mean_iterations-7,0.1449275314807891,0.38235294117647056,7,7,single,12.0,29.0,-0.0110251920090782,3,"{1: 68, 3: 68, 6: 68}",2.0786497592926025,0.1456310749053955,0.5769073963165283,0.0,0.0,2.1253161430358887,0.1323529481887817,0.5113383531570435,0.0,0.0,0.6323529481887817,,,mean,(9,7.0,
26.0,lowpass,custom cnn,kernel_size-(9_9)_method-median_iterations-1,0.1739130467176437,0.36764705882352944,1,1,single,8.0,25.0,0.01796032322777641,5,"{1: 68, 3: 63, 5: 4, 6: 68, 7: 1}",2.313504934310913,0.1407766938209533,0.5321593284606934,0.1818181872367859,0.0097087379544973,2.0793769359588623,0.1617647111415863,0.5099172592163086,0.0,0.0,0.6323529481887817,,,median,(9,1.0,
27.0,lowpass,custom cnn,kernel_size-(9_9)_method-median_iterations-2,0.1617647111415863,0.38235294117647056,11,11,single,9.0,26.0,0.005811987651719003,3,"{1: 68, 3: 68, 6: 68}",1.983620047569275,0.2135922312736511,0.635819673538208,0.0,0.0,2.1577401161193848,0.1617647111415863,0.5160343647003174,0.0,0.0,0.6911764740943909,,,median,(9,2.0,
28.0,lowpass,custom cnn,kernel_size-(9_9)_method-median_iterations-3,0.159420296549797,0.38235294117647056,12,12,single,10.0,27.0,0.0034675730599297017,4,"{1: 68, 2: 1, 3: 67, 6: 68}",2.012064218521118,0.1844660192728042,0.6194757223129272,1.0,0.0048543689772486,2.2486867904663086,0.1176470592617988,0.5270174741744995,0.0,0.0,0.6470588445663452,,,median,(9,3.0,
25.0,lowpass,custom cnn,kernel_size-(9_9)_method-median_iterations-5,0.1764705926179886,0.36764705882352944,10,10,single,7.0,24.0,0.020517869128121285,3,"{0: 68, 1: 68, 6: 68}",2.0570273399353027,0.1456310749053955,0.5739803314208984,0.0,0.0,2.1284730434417725,0.1176470592617988,0.501390278339386,0.0,0.0,0.6323529481887817,,,median,(9,5.0,
30.0,lowpass,custom cnn,kernel_size-(9_9)_method-median_iterations-7,0.1449275314807891,0.38235294117647056,14,14,single,12.0,29.0,-0.0110251920090782,3,"{1: 68, 3: 68, 6: 68}",2.014362573623657,0.218446597456932,0.607556939125061,0.5,0.0048543689772486,2.311121225357056,0.1176470592617988,0.5231710076332092,0.0,0.0,0.6470588445663452,,,median,(9,7.0,
26.0,lowpass,custom cnn,kernel_size-(3_3)_method-gaussian_iterations-2,0.1739130467176437,0.38235294117647056,5,5,single,8.0,25.0,0.01796032322777641,3,"{1: 68, 3: 68, 6: 68}",2.0924580097198486,0.1941747516393661,0.5834702849388123,0.25,0.0048543689772486,2.1308224201202397,0.1176470592617988,0.5072911381721497,0.0,0.0,0.6323529481887817,,,gaussian,(3,2.0,
26.0,lowpass,custom cnn,kernel_size-(3_3)_method-gaussian_iterations-3,0.1739130467176437,0.38235294117647056,8,8,single,8.0,25.0,0.01796032322777641,3,"{1: 68, 5: 68, 6: 68}",2.026549816131592,0.218446597456932,0.5987537503242493,0.25,0.0048543689772486,2.17260479927063,0.1176470592617988,0.510565996170044,0.0,0.0,0.6323529481887817,,,gaussian,(3,3.0,
31.0,lowpass,custom cnn,kernel_size-(3_3)_method-gaussian_iterations-5,0.1323529481887817,0.38235294117647056,1,1,single,13.0,30.0,-0.02359977530108559,4,"{0: 36, 1: 68, 3: 32, 6: 68}",2.4691708087921143,0.097087375819683,0.4908467233181,0.0399999991059303,0.0048543689772486,2.07989501953125,0.1323529481887817,0.5155400633811951,0.0,0.0,0.6323529481887817,,,gaussian,(3,5.0,
25.0,lowpass,custom cnn,kernel_size-(3_3)_method-gaussian_iterations-7,0.1764705926179886,0.38235294117647056,9,9,single,7.0,24.0,0.020517869128121285,4,"{0: 65, 1: 68, 2: 3, 6: 68}",2.073249340057373,0.1796116530895233,0.5702183246612549,1.0,0.0048543689772486,2.1535120010375977,0.1764705926179886,0.5080789923667908,0.0,0.0,0.6323529481887817,,,gaussian,(3,7.0,
31.0,lowpass,custom cnn,kernel_size-(3_3)_method-mean_iterations-1,0.1323529481887817,0.38235294117647056,1,1,single,13.0,30.0,-0.02359977530108559,3,"{1: 68, 5: 68, 6: 68}",2.4798829555511475,0.1213592216372489,0.5065847039222717,0.0,0.0,2.080038070678711,0.1323529481887817,0.5123424530029297,0.0,0.0,0.6323529481887817,,,mean,(3,1.0,
31.0,lowpass,custom cnn,kernel_size-(3_3)_method-mean_iterations-2,0.1323529481887817,0.36764705882352944,1,1,single,13.0,30.0,-0.02359977530108559,4,"{1: 68, 2: 53, 3: 15, 6: 68}",2.2940914630889893,0.1116504818201065,0.5270306468009949,0.125,0.0048543689772486,2.080838441848755,0.1176470592617988,0.5037227869033813,0.0,0.0,0.6323529481887817,,,mean,(3,2.0,
24.0,lowpass,custom cnn,kernel_size-(3_3)_method-mean_iterations-3,0.1884057968854904,0.38235294117647056,8,8,single,6.0,23.0,0.03245307339562309,3,"{1: 68, 3: 68, 6: 68}",2.035715341567993,0.2038834989070892,0.6076343059539795,1.0,0.0048543689772486,2.121846914291382,0.1176470592617988,0.5056537389755249,0.0,0.0,0.6323529481887817,,,mean,(3,3.0,
28.0,lowpass,custom cnn,kernel_size-(3_3)_method-mean_iterations-5,0.159420296549797,0.36764705882352944,9,9,single,10.0,27.0,0.0034675730599297017,3,"{0: 68, 1: 68, 6: 68}",2.0326590538024902,0.2281553447246551,0.5998983383178711,0.5,0.0048543689772486,2.169952154159546,0.1176470592617988,0.5039236545562744,0.0,0.0,0.6323529481887817,,,mean,(3,5.0,
26.0,lowpass,custom cnn,kernel_size-(3_3)_method-mean_iterations-7,0.1739130467176437,0.36764705882352944,8,8,single,8.0,25.0,0.01796032322777641,4,"{0: 67, 1: 68, 3: 1, 6: 68}",2.068390369415283,0.1747572869062423,0.5841233134269714,0.0,0.0,2.2344250679016118,0.1176470592617988,0.5075073838233948,0.0,0.0,0.6029411554336548,,,mean,(3,7.0,
26.0,lowpass,custom cnn,kernel_size-(11_11)_method-median_iterations-1,0.1739130467176437,0.38235294117647056,4,4,single,8.0,25.0,0.01796032322777641,3,"{1: 68, 3: 68, 6: 68}",2.0610387325286865,0.1650485396385193,0.585474967956543,0.0,0.0,2.1193478107452397,0.1323529481887817,0.5049585700035095,0.0,0.0,0.6176470518112183,,,median,(11,1.0,
28.0,lowpass,custom cnn,kernel_size-(11_11)_method-median_iterations-2,0.159420296549797,0.36764705882352944,5,5,single,10.0,27.0,0.0034675730599297017,4,"{0: 67, 1: 68, 3: 1, 6: 68}",2.079469680786133,0.1699029058218002,0.5687976479530334,0.0,0.0,2.1147332191467285,0.1176470592617988,0.4962926506996155,0.0,0.0,0.6323529481887817,,,median,(11,2.0,
28.0,lowpass,custom cnn,kernel_size-(11_11)_method-median_iterations-3,0.159420296549797,0.38235294117647056,15,15,single,10.0,27.0,0.0034675730599297017,3,"{1: 68, 5: 68, 6: 68}",1.9843438863754272,0.1893203854560852,0.6381879448890686,0.0,0.0,2.2490036487579346,0.1176470592617988,0.5118944644927979,0.0,0.0,0.6470588445663452,,,median,(11,3.0,
29.0,lowpass,custom cnn,kernel_size-(11_11)_method-median_iterations-5,0.147058829665184,0.35294117647058826,5,5,single,11.0,28.0,-0.008893893824683308,5,"{0: 14, 1: 68, 3: 48, 5: 6, 6: 68}",2.0421504974365234,0.1893203854560852,0.5901727676391602,1.0,0.0048543689772486,2.1204981803894043,0.147058829665184,0.4999073147773742,0.0,0.0,0.6176470518112183,,,median,(11,5.0,
24.0,lowpass,custom cnn,kernel_size-(11_11)_method-median_iterations-7,0.1884057968854904,0.38235294117647056,12,12,single,6.0,23.0,0.03245307339562309,4,"{1: 68, 3: 54, 4: 14, 6: 68}",2.001007318496704,0.2038834989070892,0.6282200217247009,0.0,0.0,2.243539333343506,0.147058829665184,0.5072757005691528,0.0,0.0,0.6323529481887817,,,median,(11,7.0,
31.0,lowpass,custom cnn,kernel_size-(15_15)_method-gaussian_iterations-1,0.1323529481887817,0.36764705882352944,3,3,single,13.0,30.0,-0.02359977530108559,3,"{0: 68, 1: 68, 6: 68}",2.1187546253204346,0.1407766938209533,0.5621927976608276,0.0,0.0,2.0877339839935303,0.1176470592617988,0.5048195719718933,0.0,0.0,0.6470588445663452,,,gaussian,(15,1.0,
29.0,lowpass,custom cnn,kernel_size-(15_15)_method-gaussian_iterations-2,0.147058829665184,0.38235294117647056,9,9,single,11.0,28.0,-0.008893893824683308,3,"{1: 68, 3: 68, 6: 68}",2.031210899353028,0.1796116530895233,0.6135945916175842,0.0,0.0,2.161512613296509,0.1176470592617988,0.5005561113357544,0.0,0.0,0.6470588445663452,,,gaussian,(15,2.0,
30.0,lowpass,custom cnn,kernel_size-(15_15)_method-gaussian_iterations-3,0.1449275314807891,0.3382352941176471,3,3,single,12.0,29.0,-0.0110251920090782,5,"{0: 2, 1: 68, 3: 48, 5: 18, 6: 68}",2.1313283443450928,0.1699029058218002,0.5386935472488403,0.0,0.0,2.0906670093536377,0.1323529481887817,0.510998547077179,0.0,0.0,0.6470588445663452,,,gaussian,(15,3.0,
30.0,lowpass,custom cnn,kernel_size-(15_15)_method-gaussian_iterations-5,0.1449275314807891,0.38235294117647056,8,8,single,12.0,29.0,-0.0110251920090782,3,"{1: 68, 3: 68, 6: 68}",2.0391688346862797,0.1747572869062423,0.5986409187316895,0.5,0.0048543689772486,2.182280302047729,0.1176470592617988,0.501112163066864,0.0,0.0,0.6323529481887817,,,gaussian,(15,5.0,
28.0,lowpass,custom cnn,kernel_size-(15_15)_method-mean_iterations-1,0.159420296549797,0.3382352941176471,5,5,single,10.0,27.0,0.0034675730599297017,4,"{0: 57, 1: 68, 3: 11, 6: 68}",2.038105726242065,0.1844660192728042,0.5948217511177063,0.0,0.0,2.1441593170166016,0.1176470592617988,0.4960918128490448,0.0,0.0,0.6176470518112183,,,mean,(15,1.0,
29.0,lowpass,custom cnn,kernel_size-(15_15)_method-mean_iterations-2,0.147058829665184,0.38235294117647056,10,10,single,11.0,28.0,-0.008893893824683308,3,"{1: 68, 3: 68, 6: 68}",2.015003204345703,0.1941747516393661,0.6129415035247803,0.0,0.0,2.1384449005126958,0.147058829665184,0.5176254510879517,0.0,0.0,0.6617646813392639,,,mean,(15,2.0,
29.0,lowpass,custom cnn,kernel_size-(15_15)_method-mean_iterations-3,0.147058829665184,0.36764705882352944,1,1,single,11.0,28.0,-0.008893893824683308,3,"{0: 68, 1: 68, 6: 68}",2.396878480911255,0.1650485396385193,0.4964181184768677,0.0588235296308994,0.0048543689772486,2.0791258811950684,0.147058829665184,0.5052521228790283,0.0,0.0,0.6470588445663452,,,mean,(15,3.0,
30.0,lowpass,custom cnn,kernel_size-(15_15)_method-mean_iterations-5,0.1449275314807891,0.3382352941176471,10,10,single,12.0,29.0,-0.0110251920090782,4,"{1: 68, 5: 45, 6: 68, 7: 23}",2.037670612335205,0.218446597456932,0.5942510962486267,0.0,0.0,2.167470932006836,0.1176470592617988,0.5021317005157471,0.0,0.0,0.6323529481887817,,,mean,(15,5.0,
28.0,lowpass,custom cnn,kernel_size-(15_15)_method-mean_iterations-7,0.159420296549797,0.38235294117647056,12,12,single,10.0,27.0,0.0034675730599297017,3,"{1: 68, 3: 68, 6: 68}",2.0505294799804688,0.1941747516393661,0.5717618465423584,0.0,0.0,2.240539312362671,0.1176470592617988,0.49831622838974,0.0,0.0,0.6176470518112183,,,mean,(15,7.0,
30.0,lowpass,custom cnn,kernel_size-(15_15)_method-median_iterations-1,0.1449275314807891,0.4117647058823529,8,8,single,12.0,29.0,-0.0110251920090782,4,"{0: 25, 1: 68, 2: 43, 6: 68}",2.0289440155029297,0.1553398072719574,0.6061732769012451,0.25,0.0048543689772486,2.196488618850708,0.1176470592617988,0.5108286142349243,0.0,0.0,0.6617646813392639,,,median,(15,1.0,
27.0,lowpass,custom cnn,kernel_size-(15_15)_method-median_iterations-2,0.1617647111415863,0.39705882352941174,13,13,single,9.0,26.0,0.005811987651719003,4,"{1: 68, 3: 1, 5: 67, 6: 68}",1.962853193283081,0.2330097109079361,0.655890166759491,0.25,0.0048543689772486,2.244981288909912,0.1617647111415863,0.5218888521194458,0.0,0.0,0.6323529481887817,,,median,(15,2.0,
25.0,lowpass,custom cnn,kernel_size-(15_15)_method-median_iterations-3,0.1764705926179886,0.38235294117647056,12,12,single,7.0,24.0,0.020517869128121285,3,"{1: 68, 3: 68, 6: 68}",2.025057792663574,0.1601941734552383,0.6135339736938477,0.0,0.0,2.2146456241607666,0.1764705926179886,0.5183977484703064,0.0,0.0,0.6323529481887817,,,median,(15,3.0,
26.0,lowpass,custom cnn,kernel_size-(15_15)_method-median_iterations-5,0.1739130467176437,0.38235294117647056,7,7,single,8.0,25.0,0.01796032322777641,3,"{1: 68, 3: 68, 6: 68}",2.0564520359039307,0.2087378650903701,0.5807518362998962,0.0,0.0,2.131645917892456,0.1176470592617988,0.5045415759086609,0.0,0.0,0.6323529481887817,,,median,(15,5.0,
31.0,lowpass,custom cnn,kernel_size-(15_15)_method-median_iterations-7,0.1323529481887817,0.38235294117647056,1,1,single,13.0,30.0,-0.02359977530108559,3,"{1: 68, 3: 68, 6: 68}",2.5207533836364746,0.097087375819683,0.4998939633369446,0.0,0.0,2.0826961994171143,0.1176470592617988,0.5021008253097534,0.0,0.0,0.6323529481887817,,,median,(15,7.0,
21.0,lowpass,densenet,kernel_size-(11_11)_method-gaussian_iterations-1,0.2058823555707931,0.39705882352941174,2,2,single,12.0,20.0,-0.011842217842105096,8,"{0: 32, 1: 26, 2: 37, 3: 15, 4: 17, 5: 13, 6: 37, 7: 27}",2.780376434326172,0.1067961156368255,0.4929642081260681,0.1428571492433548,0.0388349518179893,2.1056456565856934,0.2058823555707931,0.5193864703178406,0.0,0.0,0.6764705777168274,,,gaussian,(11,1.0,
24.0,lowpass,densenet,kernel_size-(11_11)_method-gaussian_iterations-2,0.1884057968854904,0.4411764705882353,7,7,single,15.0,23.0,-0.029318776527407803,8,"{0: 48, 1: 39, 2: 16, 3: 31, 4: 19, 5: 11, 6: 16, 7: 24}",2.2469916343688965,0.1699029058218002,0.5783835649490356,0.2272727340459823,0.0242718439549207,2.110790729522705,0.073529414832592,0.4991658329963684,0.0,0.0,0.6470588445663452,,,gaussian,(11,2.0,
20.0,lowpass,densenet,kernel_size-(11_11)_method-gaussian_iterations-3,0.2173912972211837,0.38235294117647056,10,10,single,11.0,19.0,-0.00033327619171449885,8,"{0: 40, 1: 11, 2: 37, 3: 24, 4: 39, 5: 10, 6: 21, 7: 22}",2.249525308609009,0.1310679614543914,0.5327905416488647,0.2000000029802322,0.0097087379544973,2.106348752975464,0.1617647111415863,0.4944389462471008,0.0,0.0,0.6176470518112183,,,gaussian,(11,3.0,
17.0,lowpass,densenet,kernel_size-(11_11)_method-gaussian_iterations-5,0.2352941185235977,0.4852941176470588,8,8,single,8.0,16.0,0.017569545110699497,8,"{0: 10, 1: 9, 2: 46, 3: 34, 4: 30, 5: 3, 6: 57, 7: 15}",2.387847185134888,0.1650485396385193,0.5071569681167603,0.0714285746216774,0.0048543689772486,2.101130247116089,0.1176470592617988,0.5222441554069519,0.0,0.0,0.6470588445663452,,,gaussian,(11,5.0,
23.0,lowpass,densenet,kernel_size-(11_11)_method-gaussian_iterations-7,0.1911764740943908,0.5441176470588235,12,12,single,14.0,22.0,-0.02654809931850738,8,"{0: 43, 1: 12, 2: 30, 3: 14, 4: 21, 5: 26, 6: 37, 7: 21}",2.1520962715148926,0.1699029058218002,0.5772676467895508,0.4000000059604645,0.0097087379544973,2.0646657943725586,0.1911764740943908,0.5613105893135071,0.0,0.0,0.6617646813392639,,,gaussian,(11,7.0,
16.0,lowpass,densenet,kernel_size-(11_11)_method-mean_iterations-1,0.2463768124580383,0.36764705882352944,10,10,single,7.0,15.0,0.02865223904514011,8,"{0: 30, 1: 18, 2: 49, 3: 27, 4: 27, 5: 29, 6: 18, 7: 6}",2.273244619369507,0.1456310749053955,0.5403733849525452,0.1578947305679321,0.014563106931746,2.0979835987091064,0.1176470592617988,0.504989504814148,0.0,0.0,0.6470588445663452,,,mean,(11,1.0,
17.0,lowpass,densenet,kernel_size-(11_11)_method-mean_iterations-2,0.2352941185235977,0.5,12,12,single,8.0,16.0,0.017569545110699497,8,"{0: 50, 1: 23, 2: 13, 3: 33, 4: 24, 5: 14, 6: 17, 7: 30}",2.1490941047668457,0.1504854410886764,0.5700147151947021,0.2000000029802322,0.0048543689772486,2.040195941925049,0.2352941185235977,0.6009793877601624,0.0,0.0,0.6764705777168274,,,mean,(11,2.0,
21.0,lowpass,densenet,kernel_size-(11_11)_method-mean_iterations-3,0.2058823555707931,0.4264705882352941,1,1,single,12.0,20.0,-0.011842217842105096,8,"{0: 27, 1: 29, 2: 16, 3: 19, 4: 28, 5: 10, 6: 47, 7: 28}",3.001343011856079,0.1262135952711105,0.5010335445404053,0.1234567910432815,0.0485436879098415,2.128174304962158,0.0882352963089943,0.5686171054840088,0.0,0.0,0.779411792755127,,,mean,(11,3.0,
17.0,lowpass,densenet,kernel_size-(11_11)_method-mean_iterations-5,0.2352941185235977,0.39705882352941174,6,6,single,8.0,16.0,0.017569545110699497,8,"{0: 31, 1: 52, 2: 31, 3: 4, 4: 4, 5: 29, 6: 9, 7: 44}",2.446070909500122,0.1067961156368255,0.4913449585437774,0.125,0.0097087379544973,2.080047607421875,0.1617647111415863,0.5337525010108948,0.0,0.0,0.7058823704719543,,,mean,(11,5.0,
19.0,lowpass,densenet,kernel_size-(3_3)_method-median_iterations-2,0.2205882370471954,0.4411764705882353,2,2,single,10.0,18.0,0.0028636636342972144,8,"{0: 27, 1: 14, 2: 35, 3: 44, 4: 30, 5: 23, 6: 16, 7: 15}",2.988378524780273,0.1456310749053955,0.5119709372520447,0.1839080452919006,0.0776699036359787,2.1320431232452397,0.1764705926179886,0.5270483493804932,0.0,0.0,0.720588207244873,,,median,(3,2.0,
16.0,lowpass,densenet,kernel_size-(3_3)_method-median_iterations-3,0.2463768124580383,0.45588235294117646,8,8,single,7.0,15.0,0.02865223904514011,8,"{0: 33, 1: 42, 2: 21, 3: 29, 4: 7, 5: 17, 6: 24, 7: 31}",2.393226861953736,0.1213592216372489,0.5350274443626404,0.25,0.0339805819094181,2.101139783859253,0.2352941185235977,0.523186445236206,0.0,0.0,0.6764705777168274,,,median,(3,3.0,
23.0,lowpass,densenet,kernel_size-(3_3)_method-median_iterations-5,0.1911764740943908,0.38235294117647056,4,4,single,14.0,22.0,-0.02654809931850738,8,"{0: 48, 1: 11, 2: 19, 3: 30, 4: 22, 5: 17, 6: 39, 7: 18}",2.770519971847534,0.1504854410886764,0.4966318905353546,0.1428571492433548,0.0388349518179893,2.109058618545532,0.147058829665184,0.5313889980316162,0.0,0.0,0.6911764740943909,,,median,(3,5.0,
11.0,lowpass,densenet,kernel_size-(3_3)_method-median_iterations-7,0.2794117629528045,0.3382352941176471,8,8,single,2.0,10.0,0.06168718953990632,8,"{0: 31, 1: 26, 2: 41, 3: 17, 4: 7, 5: 35, 6: 24, 7: 23}",2.5155704021453857,0.1019417494535446,0.4908837378025055,0.2000000029802322,0.0194174759089946,2.1465330123901367,0.073529414832592,0.4422886967658996,0.0,0.0,0.5441176295280457,,,median,(3,7.0,
13.0,lowpass,densenet,kernel_size-(5_5)_method-gaussian_iterations-1,0.2647058963775635,0.47058823529411764,15,15,single,4.0,12.0,0.046981322964665284,8,"{0: 41, 1: 25, 2: 32, 3: 15, 4: 17, 5: 31, 6: 23, 7: 20}",2.177107810974121,0.1407766938209533,0.5665169954299927,0.25,0.0097087379544973,2.067602157592773,0.2647058963775635,0.545044481754303,0.0,0.0,0.6470588445663452,,,gaussian,(5,1.0,
25.0,lowpass,densenet,kernel_size-(5_5)_method-gaussian_iterations-2,0.1764705926179886,0.3235294117647059,8,8,single,16.0,24.0,-0.041253980794909606,8,"{0: 39, 1: 17, 2: 33, 3: 42, 4: 18, 5: 16, 6: 18, 7: 21}",2.263477563858032,0.1601941734552383,0.5595248937606812,0.2000000029802322,0.0242718439549207,2.122022867202759,0.1323529481887817,0.4762265682220459,0.0,0.0,0.6029411554336548,,,gaussian,(5,2.0,
22.0,lowpass,densenet,kernel_size-(5_5)_method-gaussian_iterations-3,0.2028985470533371,0.35294117647058826,15,15,single,13.0,21.0,-0.014826026359561095,8,"{0: 21, 1: 34, 2: 20, 3: 16, 4: 20, 5: 43, 6: 32, 7: 18}",2.0970664024353027,0.1941747516393661,0.5850339531898499,0.5,0.0097087379544973,2.0895116329193115,0.1176470592617988,0.5079553723335266,0.0,0.0,0.6470588445663452,,,gaussian,(5,3.0,
22.0,lowpass,densenet,kernel_size-(5_5)_method-gaussian_iterations-5,0.2028985470533371,0.4117647058823529,3,3,single,13.0,21.0,-0.014826026359561095,8,"{0: 34, 1: 34, 2: 32, 3: 27, 4: 18, 5: 21, 6: 9, 7: 29}",2.851897954940796,0.0873786434531211,0.4796163737773895,0.1071428582072258,0.029126213863492,2.160003900527954,0.1323529481887817,0.4683329164981842,0.0,0.0,0.5735294222831726,,,gaussian,(5,5.0,
20.0,lowpass,densenet,kernel_size-(5_5)_method-gaussian_iterations-7,0.2173912972211837,0.3088235294117647,12,12,single,11.0,19.0,-0.00033327619171449885,8,"{0: 39, 1: 13, 2: 21, 3: 22, 4: 24, 5: 24, 6: 37, 7: 24}",2.1918771266937256,0.1456310749053955,0.5567038059234619,0.2222222238779068,0.0097087379544973,2.094057083129883,0.1029411777853965,0.4843055009841919,0.0,0.0,0.6176470518112183,,,gaussian,(5,7.0,
18.0,lowpass,densenet,kernel_size-(5_5)_method-mean_iterations-1,0.2318840622901916,0.4411764705882353,9,9,single,9.0,17.0,0.014159488877293402,8,"{0: 41, 1: 25, 2: 22, 3: 28, 4: 18, 5: 35, 6: 19, 7: 16}",2.405083179473877,0.1213592216372489,0.5220516920089722,0.0833333358168602,0.0097087379544973,2.090297222137451,0.147058829665184,0.5314354300498962,0.0,0.0,0.6176470518112183,,,mean,(5,1.0,
29.0,lowpass,densenet,kernel_size-(5_5)_method-mean_iterations-3,0.147058829665184,0.38235294117647056,6,6,single,19.0,28.0,-0.0706657437477142,8,"{0: 32, 1: 38, 2: 13, 3: 10, 4: 36, 5: 21, 6: 31, 7: 23}",2.499451160430908,0.1213592216372489,0.5037670135498047,0.1379310339689254,0.0194174759089946,2.14237380027771,0.147058829665184,0.4752688109874725,0.0,0.0,0.6029411554336548,,,mean,(5,3.0,
15.0,lowpass,densenet,kernel_size-(5_5)_method-mean_iterations-5,0.25,0.4852941176470588,7,7,single,6.0,14.0,0.03227542658710181,8,"{0: 31, 1: 29, 2: 20, 3: 36, 4: 23, 5: 28, 6: 20, 7: 17}",2.3494749069213867,0.116504855453968,0.5108078122138977,0.1538461595773697,0.0097087379544973,2.0542774200439453,0.147058829665184,0.5710423588752747,0.0,0.0,0.7058823704719543,,,mean,(5,5.0,
15.0,lowpass,densenet,kernel_size-(5_5)_method-mean_iterations-7,0.25,0.4264705882352941,8,8,single,6.0,14.0,0.03227542658710181,8,"{0: 22, 1: 23, 2: 23, 3: 52, 4: 6, 5: 31, 6: 30, 7: 17}",2.234421730041504,0.1796116530895233,0.5527669787406921,0.0666666701436042,0.0048543689772486,2.078919649124145,0.1911764740943908,0.531775176525116,0.0,0.0,0.6617646813392639,,,mean,(5,7.0,
23.0,lowpass,densenet,kernel_size-(5_5)_method-median_iterations-1,0.1911764740943908,0.4117647058823529,14,14,single,14.0,22.0,-0.02654809931850738,8,"{0: 29, 1: 28, 2: 15, 3: 29, 4: 21, 5: 34, 6: 29, 7: 19}",2.1395814418792725,0.1844660192728042,0.591253399848938,0.294117659330368,0.0242718439549207,2.078331470489502,0.147058829665184,0.5329646468162537,0.0,0.0,0.5588235259056091,,,median,(5,1.0,
21.0,lowpass,densenet,kernel_size-(5_5)_method-median_iterations-2,0.2058823555707931,0.4264705882352941,7,7,single,12.0,20.0,-0.011842217842105096,8,"{0: 20, 1: 56, 2: 18, 3: 9, 4: 17, 5: 41, 6: 13, 7: 30}",2.5359182357788086,0.1456310749053955,0.5122907757759094,0.1749999970197677,0.0339805819094181,2.0938453674316406,0.1323529481887817,0.5290409922599792,0.0,0.0,0.6617646813392639,,,median,(5,2.0,
17.0,lowpass,densenet,kernel_size-(5_5)_method-median_iterations-3,0.2352941185235977,0.47058823529411764,15,15,single,8.0,16.0,0.017569545110699497,8,"{0: 24, 1: 41, 2: 29, 3: 21, 4: 39, 5: 13, 6: 26, 7: 11}",2.171720266342163,0.1456310749053955,0.5581127405166626,0.25,0.0048543689772486,2.074787139892578,0.2352941185235977,0.5510380864143372,0.0,0.0,0.6911764740943909,,,median,(5,3.0,
21.0,lowpass,densenet,kernel_size-(5_5)_method-median_iterations-5,0.2058823555707931,0.4264705882352941,12,12,single,12.0,20.0,-0.011842217842105096,8,"{0: 27, 1: 11, 2: 34, 3: 29, 4: 31, 5: 15, 6: 44, 7: 13}",2.284519910812378,0.1456310749053955,0.5481296181678772,0.0833333358168602,0.0048543689772486,2.044565200805664,0.2058823555707931,0.590907633304596,0.0,0.0,0.6470588445663452,,,median,(5,5.0,
13.0,lowpass,densenet,kernel_size-(5_5)_method-median_iterations-7,0.2647058963775635,0.5,7,7,single,4.0,12.0,0.046981322964665284,8,"{0: 25, 1: 33, 2: 8, 3: 14, 4: 5, 5: 26, 6: 40, 7: 53}",2.4543137550354004,0.1796116530895233,0.5372274518013,0.1666666716337204,0.0242718439549207,2.0822694301605225,0.147058829665184,0.5496014356613159,0.0,0.0,0.6323529481887817,,,median,(5,7.0,
17.0,lowpass,densenet,kernel_size-(9_9)_method-gaussian_iterations-1,0.2352941185235977,0.38235294117647056,8,8,single,8.0,16.0,0.017569545110699497,8,"{0: 38, 1: 25, 2: 16, 3: 37, 4: 14, 5: 19, 6: 17, 7: 38}",2.420834541320801,0.1456310749053955,0.5280792117118835,0.0606060624122619,0.0097087379544973,2.146570920944214,0.1029411777853965,0.4751297533512115,0.0,0.0,0.5882353186607361,,,gaussian,(9,1.0,
23.0,lowpass,densenet,kernel_size-(9_9)_method-gaussian_iterations-2,0.1911764740943908,0.3382352941176471,9,9,single,14.0,22.0,-0.02654809931850738,8,"{0: 50, 1: 13, 2: 31, 3: 20, 4: 17, 5: 25, 6: 35, 7: 13}",2.1436750888824463,0.1893203854560852,0.5750979781150818,0.5714285969734192,0.0194174759089946,2.108752727508545,0.0588235296308994,0.4975129663944244,0.0,0.0,0.6617646813392639,,,gaussian,(9,2.0,
19.0,lowpass,densenet,kernel_size-(11_11)_method-mean_iterations-7,0.2205882370471954,0.35294117647058826,13,13,single,10.0,18.0,0.0028636636342972144,8,"{0: 16, 1: 46, 2: 32, 3: 26, 4: 6, 5: 15, 6: 40, 7: 23}",2.1990981101989746,0.1650485396385193,0.5375422239303589,0.0,0.0,2.0880298614501958,0.1617647111415863,0.5044180154800415,0.0,0.0,0.6176470518112183,,,mean,(11,7.0,
18.0,lowpass,densenet,kernel_size-(15_15)_method-gaussian_iterations-7,0.2318840622901916,0.45588235294117646,11,11,single,9.0,17.0,0.014159488877293402,6,"{0: 29, 1: 26, 2: 26, 3: 48, 5: 66, 6: 9}",2.2648868560791016,0.1407766938209533,0.5200924277305603,0.0,0.0,2.099641799926758,0.1029411777853965,0.5198962092399597,0.0,0.0,0.6764705777168274,,,gaussian,(15,7.0,
15.0,lowpass,densenet,kernel_size-(3_3)_method-gaussian_iterations-1,0.25,0.3088235294117647,15,15,single,6.0,14.0,0.03227542658710181,8,"{0: 39, 1: 29, 2: 31, 3: 37, 4: 12, 5: 24, 6: 13, 7: 19}",2.233186960220337,0.1553398072719574,0.5540831685066223,0.0,0.0,2.103511095046997,0.1323529481887817,0.4820965230464935,0.0,0.0,0.6470588445663452,,,gaussian,(3,1.0,
15.0,lowpass,densenet,kernel_size-(3_3)_method-median_iterations-1,0.25,0.47058823529411764,15,15,single,6.0,14.0,0.03227542658710181,8,"{0: 29, 1: 38, 2: 32, 3: 24, 4: 32, 5: 16, 6: 23, 7: 10}",2.1330883502960205,0.1990291327238083,0.5642968416213989,0.2857142984867096,0.0097087379544973,2.05138635635376,0.25,0.59042888879776,0.0,0.0,0.7058823704719543,,,median,(3,1.0,
21.0,lowpass,densenet,kernel_size-(5_5)_method-mean_iterations-2,0.2058823555707931,0.45588235294117646,5,5,single,12.0,20.0,-0.011842217842105096,8,"{0: 36, 1: 42, 2: 11, 3: 42, 4: 12, 5: 22, 6: 27, 7: 12}",2.4305362701416016,0.1213592216372489,0.5277376174926758,0.1481481492519378,0.0194174759089946,2.152881145477295,0.0882352963089943,0.4538278579711914,0.0,0.0,0.5,,,mean,(5,2.0,
11.0,lowpass,densenet,kernel_size-(9_9)_method-gaussian_iterations-3,0.2794117629528045,0.4852941176470588,3,3,single,2.0,10.0,0.06168718953990632,8,"{0: 22, 1: 44, 2: 27, 3: 18, 4: 14, 5: 19, 6: 31, 7: 29}",2.54313063621521,0.1553398072719574,0.5561399459838867,0.2000000029802322,0.0631067976355552,2.0873072147369385,0.2794117629528045,0.5459867715835571,0.0,0.0,0.6029411554336548,,,gaussian,(9,3.0,
17.0,lowpass,densenet,kernel_size-(9_9)_method-gaussian_iterations-5,0.2352941185235977,0.38235294117647056,12,12,single,8.0,16.0,0.017569545110699497,8,"{0: 47, 1: 20, 2: 41, 3: 18, 4: 25, 5: 6, 6: 31, 7: 16}",2.196359634399414,0.1601941734552383,0.5535377860069275,0.2000000029802322,0.0048543689772486,2.087791681289673,0.1323529481887817,0.5328565239906311,0.0,0.0,0.6911764740943909,,,gaussian,(9,5.0,
19.0,lowpass,densenet,kernel_size-(9_9)_method-gaussian_iterations-7,0.2205882370471954,0.4264705882352941,11,11,single,10.0,18.0,0.0028636636342972144,8,"{0: 24, 1: 16, 2: 6, 3: 23, 4: 15, 5: 54, 6: 45, 7: 21}",2.2268917560577397,0.1359223276376724,0.5366686582565308,0.0,0.0,2.0658037662506104,0.1323529481887817,0.5591325163841248,0.0,0.0,0.720588207244873,,,gaussian,(9,7.0,
18.0,lowpass,densenet,kernel_size-(9_9)_method-mean_iterations-1,0.2318840622901916,0.38235294117647056,14,14,single,9.0,17.0,0.014159488877293402,8,"{0: 16, 1: 34, 2: 13, 3: 33, 4: 22, 5: 29, 6: 33, 7: 24}",2.197854995727539,0.1601941734552383,0.5273419618606567,0.75,0.014563106931746,2.080716133117676,0.1617647111415863,0.5247002840042114,0.0,0.0,0.7352941036224365,,,mean,(9,1.0,
23.0,lowpass,densenet,kernel_size-(9_9)_method-mean_iterations-2,0.1911764740943908,0.5294117647058824,9,9,single,14.0,22.0,-0.02654809931850738,8,"{0: 32, 1: 17, 2: 32, 3: 7, 4: 42, 5: 21, 6: 22, 7: 31}",2.429502248764038,0.1407766938209533,0.5001026391983032,0.125,0.014563106931746,2.102689504623413,0.1911764740943908,0.539236307144165,0.0,0.0,0.7058823704719543,,,mean,(9,2.0,
21.0,lowpass,densenet,kernel_size-(9_9)_method-mean_iterations-3,0.2058823555707931,0.3382352941176471,13,13,single,12.0,20.0,-0.011842217842105096,8,"{0: 40, 1: 31, 2: 15, 3: 15, 4: 37, 5: 42, 6: 18, 7: 6}",2.15352201461792,0.1699029058218002,0.542332649230957,0.5714285969734192,0.0194174759089946,2.089706897735596,0.2058823555707931,0.5124042630195618,0.0,0.0,0.6029411554336548,,,mean,(9,3.0,
26.0,lowpass,densenet,kernel_size-(9_9)_method-mean_iterations-5,0.1739130467176437,0.36764705882352944,11,11,single,17.0,25.0,-0.04381152669525448,6,"{0: 7, 1: 35, 2: 54, 3: 58, 4: 22, 5: 28}",2.232029914855957,0.1553398072719574,0.5436270833015442,0.0,0.0,2.1032488346099854,0.1029411777853965,0.502934992313385,0.0,0.0,0.6617646813392639,,,mean,(9,5.0,
16.0,lowpass,densenet,kernel_size-(9_9)_method-mean_iterations-7,0.2463768124580383,0.4411764705882353,12,12,single,7.0,15.0,0.02865223904514011,8,"{0: 57, 1: 3, 2: 56, 3: 13, 4: 9, 5: 17, 6: 8, 7: 41}",2.2390055656433105,0.116504855453968,0.5157850980758667,0.25,0.0048543689772486,2.094475269317627,0.147058829665184,0.503506600856781,0.0,0.0,0.5588235259056091,,,mean,(9,7.0,
16.0,lowpass,densenet,kernel_size-(9_9)_method-median_iterations-1,0.2463768124580383,0.4411764705882353,11,11,single,7.0,15.0,0.02865223904514011,8,"{0: 37, 1: 10, 2: 27, 3: 40, 4: 23, 5: 35, 6: 17, 7: 15}",2.260619163513184,0.1456310749053955,0.5422619581222534,0.0,0.0,2.068690299987793,0.147058829665184,0.543067216873169,0.0,0.0,0.6617646813392639,,,median,(9,1.0,
25.0,lowpass,densenet,kernel_size-(9_9)_method-median_iterations-2,0.1764705926179886,0.38235294117647056,15,15,single,16.0,24.0,-0.041253980794909606,8,"{0: 23, 1: 23, 2: 38, 3: 20, 4: 9, 5: 8, 6: 42, 7: 41}",2.2781832218170166,0.1067961156368255,0.5178554654121399,0.1111111119389534,0.0048543689772486,2.086702823638916,0.1323529481887817,0.5172392129898071,0.0,0.0,0.6617646813392639,,,median,(9,2.0,
21.0,lowpass,densenet,kernel_size-(9_9)_method-median_iterations-3,0.2058823555707931,0.36764705882352944,15,15,single,12.0,20.0,-0.011842217842105096,8,"{0: 41, 1: 18, 2: 41, 3: 15, 4: 29, 5: 10, 6: 37, 7: 13}",2.279835700988769,0.1601941734552383,0.5048241019248962,0.4000000059604645,0.0097087379544973,2.0806069374084477,0.1617647111415863,0.5331345796585083,0.0,0.0,0.6911764740943909,,,median,(9,3.0,
23.0,lowpass,densenet,kernel_size-(9_9)_method-median_iterations-5,0.1911764740943908,0.3235294117647059,14,14,single,14.0,22.0,-0.02654809931850738,8,"{0: 22, 1: 15, 2: 26, 3: 32, 4: 21, 5: 33, 6: 34, 7: 21}",2.1960840225219727,0.1456310749053955,0.558282732963562,0.1428571492433548,0.0048543689772486,2.104095935821533,0.073529414832592,0.4467220902442932,0.0,0.0,0.5,,,median,(9,5.0,
18.0,lowpass,densenet,kernel_size-(9_9)_method-median_iterations-7,0.2318840622901916,0.45588235294117646,14,14,single,9.0,17.0,0.014159488877293402,8,"{0: 7, 1: 45, 2: 25, 3: 41, 4: 20, 5: 35, 6: 19, 7: 12}",2.1960151195526123,0.1019417494535446,0.5498784780502319,0.125,0.0048543689772486,2.079888343811035,0.1323529481887817,0.524144172668457,0.0,0.0,0.6470588445663452,,,median,(9,7.0,
15.0,lowpass,densenet,kernel_size-(3_3)_method-gaussian_iterations-2,0.25,0.45588235294117646,11,11,single,6.0,14.0,0.03227542658710181,8,"{0: 32, 1: 19, 2: 32, 3: 22, 4: 26, 5: 23, 6: 10, 7: 40}",2.216297149658203,0.1990291327238083,0.549248993396759,0.1000000014901161,0.0048543689772486,2.0888798236846924,0.1764705926179886,0.5234799385070801,0.0,0.0,0.6617646813392639,,,gaussian,(3,2.0,
15.0,lowpass,densenet,kernel_size-(3_3)_method-gaussian_iterations-3,0.25,0.5441176470588235,9,9,single,6.0,14.0,0.03227542658710181,8,"{0: 32, 1: 27, 2: 25, 3: 33, 4: 37, 5: 24, 6: 19, 7: 7}",2.31681752204895,0.1699029058218002,0.5454903841018677,0.2666666805744171,0.0194174759089946,2.042179584503174,0.25,0.5946459770202637,0.0,0.0,0.7058823704719543,,,gaussian,(3,3.0,
11.0,lowpass,densenet,kernel_size-(3_3)_method-gaussian_iterations-5,0.2794117629528045,0.39705882352941174,14,14,single,2.0,10.0,0.06168718953990632,8,"{0: 27, 1: 23, 2: 24, 3: 16, 4: 33, 5: 44, 6: 22, 7: 15}",2.1453158855438232,0.1553398072719574,0.5819031000137329,0.4000000059604645,0.0097087379544973,2.0788822174072266,0.1911764740943908,0.5187994837760925,0.0,0.0,0.6323529481887817,,,gaussian,(3,5.0,
19.0,lowpass,densenet,kernel_size-(3_3)_method-gaussian_iterations-7,0.2205882370471954,0.4117647058823529,7,7,single,10.0,18.0,0.0028636636342972144,8,"{0: 26, 1: 44, 2: 18, 3: 27, 4: 17, 5: 27, 6: 32, 7: 13}",2.407167911529541,0.116504855453968,0.512632429599762,0.2105263173580169,0.0194174759089946,2.093589305877685,0.0441176481544971,0.5301995873451233,0.0,0.0,0.720588207244873,,,gaussian,(3,7.0,
24.0,lowpass,densenet,kernel_size-(3_3)_method-mean_iterations-1,0.1884057968854904,0.4264705882352941,8,8,single,15.0,23.0,-0.029318776527407803,8,"{0: 40, 1: 30, 2: 20, 3: 35, 4: 29, 5: 35, 6: 10, 7: 5}",2.4042346477508545,0.1504854410886764,0.5473284125328064,0.2352941185235977,0.0388349518179893,2.1307742595672607,0.0294117648154497,0.4847225546836853,0.0,0.0,0.6764705777168274,,,mean,(3,1.0,
9.0,lowpass,densenet,kernel_size-(3_3)_method-mean_iterations-2,0.294117659330368,0.47058823529411764,9,9,single,1.0,8.0,0.0763930859174698,8,"{0: 38, 1: 32, 2: 31, 3: 9, 4: 23, 5: 12, 6: 31, 7: 28}",2.3764402866363525,0.1262135952711105,0.5400064587593079,0.1304347813129425,0.014563106931746,2.038194179534912,0.294117659330368,0.5980443954467773,0.0,0.0,0.7647058963775635,,,mean,(3,2.0,
24.0,lowpass,densenet,kernel_size-(3_3)_method-mean_iterations-3,0.1884057968854904,0.39705882352941174,5,5,single,15.0,23.0,-0.029318776527407803,8,"{0: 43, 1: 14, 2: 26, 3: 24, 4: 27, 5: 30, 6: 24, 7: 16}",2.553258180618286,0.116504855453968,0.5164481997489929,0.1521739065647125,0.0339805819094181,2.1746089458465576,0.073529414832592,0.4389520287513733,0.0,0.0,0.6176470518112183,,,mean,(3,3.0,
17.0,lowpass,densenet,kernel_size-(3_3)_method-mean_iterations-5,0.2352941185235977,0.38235294117647056,4,4,single,8.0,16.0,0.017569545110699497,8,"{0: 28, 1: 18, 2: 39, 3: 29, 4: 7, 5: 50, 6: 14, 7: 19}",2.532881736755371,0.1407766938209533,0.4939202666282654,0.1515151560306549,0.0242718439549207,2.164999485015869,0.1617647111415863,0.4578441977500915,0.0,0.0,0.5588235259056091,,,mean,(3,5.0,
19.0,lowpass,densenet,kernel_size-(3_3)_method-mean_iterations-7,0.2205882370471954,0.4411764705882353,15,15,single,10.0,18.0,0.0028636636342972144,8,"{0: 35, 1: 28, 2: 30, 3: 27, 4: 25, 5: 21, 6: 27, 7: 11}",2.1285560131073,0.1456310749053955,0.5729148387908936,0.0,0.0,2.065072774887085,0.2205882370471954,0.561109721660614,0.0,0.0,0.720588207244873,,,mean,(3,7.0,
20.0,lowpass,densenet,kernel_size-(11_11)_method-median_iterations-1,0.2173912972211837,0.3382352941176471,5,5,single,11.0,19.0,-0.00033327619171449885,8,"{0: 19, 1: 27, 2: 37, 3: 11, 4: 12, 5: 16, 6: 36, 7: 46}",2.502501964569092,0.1456310749053955,0.5257682800292969,0.1860465109348297,0.0388349518179893,2.11915922164917,0.073529414832592,0.5260596871376038,0.0,0.0,0.6764705777168274,,,median,(11,1.0,
25.0,lowpass,densenet,kernel_size-(11_11)_method-median_iterations-2,0.1764705926179886,0.36764705882352944,3,3,single,16.0,24.0,-0.041253980794909606,8,"{0: 8, 1: 8, 2: 38, 3: 12, 4: 42, 5: 37, 6: 54, 7: 5}",2.9717118740081787,0.097087375819683,0.4775072932243347,0.0819672122597694,0.0242718439549207,2.1740636825561523,0.1176470592617988,0.4980227351188659,0.0,0.0,0.6764705777168274,,,median,(11,2.0,
21.0,lowpass,densenet,kernel_size-(11_11)_method-median_iterations-3,0.2058823555707931,0.36764705882352944,14,14,single,12.0,20.0,-0.011842217842105096,8,"{0: 25, 1: 40, 2: 10, 3: 8, 4: 11, 5: 55, 6: 31, 7: 24}",2.2340211868286133,0.1456310749053955,0.5392995476722717,0.2000000029802322,0.0048543689772486,2.075886011123657,0.2058823555707931,0.5247775912284851,0.0,0.0,0.6764705777168274,,,median,(11,3.0,
21.0,lowpass,densenet,kernel_size-(11_11)_method-median_iterations-5,0.2058823555707931,0.38235294117647056,2,2,single,12.0,20.0,-0.011842217842105096,8,"{0: 34, 1: 21, 2: 27, 3: 21, 4: 18, 5: 24, 6: 52, 7: 7}",2.821621417999268,0.1262135952711105,0.5327031016349792,0.1232876703143119,0.0436893217265605,2.16102147102356,0.2058823555707931,0.493990957736969,0.0,0.0,0.5588235259056091,,,median,(11,5.0,
20.0,lowpass,densenet,kernel_size-(11_11)_method-median_iterations-7,0.2173912972211837,0.36764705882352944,5,5,single,11.0,19.0,-0.00033327619171449885,8,"{0: 15, 1: 51, 2: 15, 3: 35, 4: 19, 5: 15, 6: 42, 7: 12}",2.645273208618164,0.0922330096364021,0.4925046861171722,0.0256410259753465,0.0048543689772486,2.1112239360809326,0.147058829665184,0.5173628330230713,0.0,0.0,0.6764705777168274,,,median,(11,7.0,
15.0,lowpass,densenet,kernel_size-(15_15)_method-gaussian_iterations-1,0.25,0.4117647058823529,11,11,single,6.0,14.0,0.03227542658710181,8,"{0: 47, 1: 18, 2: 18, 3: 23, 4: 27, 5: 26, 6: 22, 7: 23}",2.2226381301879883,0.1456310749053955,0.5544450283050537,0.3333333432674408,0.014563106931746,2.0475704669952397,0.25,0.5809904932975769,0.0,0.0,0.720588207244873,,,gaussian,(15,1.0,
23.0,lowpass,densenet,kernel_size-(15_15)_method-gaussian_iterations-2,0.1911764740943908,0.4411764705882353,1,1,single,14.0,22.0,-0.02654809931850738,8,"{0: 42, 1: 25, 2: 49, 3: 7, 4: 14, 5: 11, 6: 40, 7: 16}",2.869324922561645,0.1310679614543914,0.4799227118492126,0.109375,0.0339805819094181,2.140148639678955,0.1029411777853965,0.4997528791427612,0.0,0.0,0.6911764740943909,,,gaussian,(15,2.0,
21.0,lowpass,densenet,kernel_size-(15_15)_method-gaussian_iterations-3,0.2058823555707931,0.5294117647058824,2,2,single,12.0,20.0,-0.011842217842105096,8,"{0: 35, 1: 16, 2: 23, 3: 38, 4: 8, 5: 18, 6: 59, 7: 7}",2.7301433086395264,0.1067961156368255,0.4718247950077057,0.0526315793395042,0.0097087379544973,2.071577787399292,0.2058823555707931,0.5596576929092407,0.0,0.0,0.6617646813392639,,,gaussian,(15,3.0,
21.0,lowpass,densenet,kernel_size-(15_15)_method-gaussian_iterations-5,0.2058823555707931,0.5,3,3,single,12.0,20.0,-0.011842217842105096,8,"{0: 30, 1: 31, 2: 37, 3: 28, 4: 11, 5: 35, 6: 21, 7: 11}",2.4416821002960205,0.1116504818201065,0.5209828019142151,0.09375,0.014563106931746,2.078427314758301,0.2058823555707931,0.5376297831535339,0.0,0.0,0.6176470518112183,,,gaussian,(15,5.0,
19.0,lowpass,densenet,kernel_size-(15_15)_method-mean_iterations-1,0.2205882370471954,0.35294117647058826,11,11,single,10.0,18.0,0.0028636636342972144,8,"{0: 20, 1: 37, 2: 32, 3: 28, 4: 4, 5: 13, 6: 52, 7: 18}",2.2054762840271,0.1359223276376724,0.5381262898445129,0.25,0.0048543689772486,2.092249155044556,0.0588235296308994,0.4947788119316101,0.0,0.0,0.6323529481887817,,,mean,(15,1.0,
16.0,lowpass,densenet,kernel_size-(15_15)_method-mean_iterations-2,0.2463768124580383,0.35294117647058826,8,8,single,7.0,15.0,0.02865223904514011,8,"{0: 18, 1: 45, 2: 36, 3: 11, 4: 8, 5: 14, 6: 45, 7: 27}",2.1849844455718994,0.2427184432744979,0.5737597942352295,0.2727272808551788,0.014563106931746,2.106533527374268,0.1617647111415863,0.4908551871776581,0.0,0.0,0.5588235259056091,,,mean,(15,2.0,
20.0,lowpass,densenet,kernel_size-(15_15)_method-mean_iterations-3,0.2173912972211837,0.3382352941176471,9,9,single,11.0,19.0,-0.00033327619171449885,8,"{0: 39, 1: 40, 2: 22, 3: 4, 4: 24, 5: 46, 6: 12, 7: 17}",2.1968307495117188,0.1699029058218002,0.562519371509552,0.125,0.0048543689772486,2.084263324737549,0.147058829665184,0.5161733627319336,0.0,0.0,0.6470588445663452,,,mean,(15,3.0,
16.0,lowpass,densenet,kernel_size-(15_15)_method-mean_iterations-5,0.2463768124580383,0.4411764705882353,1,1,single,7.0,15.0,0.02865223904514011,7,"{0: 52, 1: 23, 2: 44, 3: 43, 4: 2, 5: 17, 6: 23}",2.4957454204559326,0.1213592216372489,0.5077713131904602,0.0666666701436042,0.0097087379544973,2.126462697982788,0.1176470592617988,0.5170847773551941,0.0,0.0,0.7058823704719543,,,mean,(15,5.0,
21.0,lowpass,densenet,kernel_size-(15_15)_method-mean_iterations-7,0.2058823555707931,0.4264705882352941,7,7,single,12.0,20.0,-0.011842217842105096,8,"{0: 46, 1: 40, 2: 15, 3: 40, 4: 11, 5: 24, 6: 26, 7: 2}",2.326314926147461,0.1359223276376724,0.5145261287689209,0.0,0.0,2.077361822128296,0.2058823555707931,0.528840184211731,0.0,0.0,0.6029411554336548,,,mean,(15,7.0,
20.0,lowpass,densenet,kernel_size-(15_15)_method-median_iterations-1,0.2173912972211837,0.36764705882352944,8,8,single,11.0,19.0,-0.00033327619171449885,8,"{0: 33, 1: 25, 2: 16, 3: 44, 4: 24, 5: 42, 6: 8, 7: 12}",2.49893569946289,0.1262135952711105,0.5178824067115784,0.09375,0.014563106931746,2.1218693256378174,0.1323529481887817,0.5158026218414307,0.0,0.0,0.6911764740943909,,,median,(15,1.0,
19.0,lowpass,densenet,kernel_size-(15_15)_method-median_iterations-2,0.2205882370471954,0.5441176470588235,14,14,single,10.0,18.0,0.0028636636342972144,8,"{0: 24, 1: 24, 2: 26, 3: 33, 4: 30, 5: 24, 6: 12, 7: 31}",2.2248454093933105,0.1262135952711105,0.5420414209365845,0.3333333432674408,0.014563106931746,2.0658891201019287,0.2205882370471954,0.5685399174690247,0.0,0.0,0.6764705777168274,,,median,(15,2.0,
27.0,lowpass,densenet,kernel_size-(15_15)_method-median_iterations-3,0.1617647111415863,0.3382352941176471,11,11,single,18.0,26.0,-0.05595986227131189,8,"{0: 25, 1: 11, 2: 24, 3: 25, 4: 53, 5: 20, 6: 30, 7: 16}",2.2859294414520264,0.1796116530895233,0.5524957776069641,0.0909090936183929,0.0048543689772486,2.102402210235596,0.1617647111415863,0.4740947782993316,0.0,0.0,0.6029411554336548,,,median,(15,3.0,
15.0,lowpass,densenet,kernel_size-(15_15)_method-median_iterations-5,0.25,0.4852941176470588,11,11,single,6.0,14.0,0.03227542658710181,8,"{0: 29, 1: 28, 2: 19, 3: 23, 4: 32, 5: 31, 6: 39, 7: 3}",2.278965711593628,0.1504854410886764,0.5407673120498657,0.0714285746216774,0.0048543689772486,2.065088987350464,0.25,0.5588544607162476,0.0,0.0,0.6323529481887817,,,median,(15,5.0,
27.0,lowpass,densenet,kernel_size-(15_15)_method-median_iterations-7,0.1617647111415863,0.45588235294117646,10,10,single,18.0,26.0,-0.05595986227131189,8,"{0: 31, 1: 8, 2: 44, 3: 6, 4: 19, 5: 9, 6: 30, 7: 57}",2.364722728729248,0.1601941734552383,0.5311326384544373,0.190476194024086,0.0194174759089946,2.140410184860229,0.1617647111415863,0.4827761948108673,0.0,0.0,0.5735294222831726,,,median,(15,7.0,
31.0,lowpass,efficientnet,kernel_size-(11_11)_method-gaussian_iterations-1,0.1323529481887817,0.35294117647058826,3,3,single,18.0,30.0,-0.032159357503720926,4,"{0: 40, 1: 68, 3: 68, 6: 28}",2.122255086898804,0.1456310749053955,0.4950379133224487,0.0,0.0,2.081258773803711,0.1323529481887817,0.4900209903717041,0.0,0.0,0.6176470518112183,,,gaussian,(11,1.0,
28.0,lowpass,efficientnet,kernel_size-(11_11)_method-gaussian_iterations-2,0.159420296549797,0.36764705882352944,8,8,single,15.0,27.0,-0.0050920091427056335,3,"{0: 68, 4: 68, 5: 68}",2.106489896774292,0.1650485396385193,0.4938916563987732,0.0,0.0,2.0796775817871094,0.1323529481887817,0.5084033608436584,0.0,0.0,0.6323529481887817,,,gaussian,(11,2.0,
31.0,lowpass,efficientnet,kernel_size-(11_11)_method-gaussian_iterations-3,0.1323529481887817,0.36764705882352944,3,3,single,18.0,30.0,-0.032159357503720926,3,"{0: 68, 2: 68, 4: 68}",2.110987663269043,0.1310679614543914,0.5172141790390015,0.0,0.0,2.0858616828918457,0.1176470592617988,0.5031049251556396,0.0,0.0,0.6323529481887817,,,gaussian,(11,3.0,
31.0,lowpass,efficientnet,kernel_size-(11_11)_method-gaussian_iterations-5,0.1323529481887817,0.36764705882352944,1,1,single,18.0,30.0,-0.032159357503720926,3,"{0: 68, 5: 68, 6: 68}",2.1745431423187256,0.1019417494535446,0.4727556109428406,0.0,0.0,2.085891008377075,0.1176470592617988,0.4959219098091125,0.0,0.0,0.6176470518112183,,,gaussian,(11,5.0,
31.0,lowpass,efficientnet,kernel_size-(11_11)_method-gaussian_iterations-7,0.1323529481887817,0.38235294117647056,1,1,single,18.0,30.0,-0.032159357503720926,3,"{0: 68, 1: 68, 2: 68}",2.1605377197265625,0.097087375819683,0.5169869065284729,0.0,0.0,2.085338830947876,0.1176470592617988,0.4968487024307251,0.0,0.0,0.6176470518112183,,,gaussian,(11,7.0,
27.0,lowpass,efficientnet,kernel_size-(11_11)_method-mean_iterations-1,0.1617647111415863,0.38235294117647056,11,11,single,14.0,26.0,-0.0027475945509163324,3,"{0: 68, 1: 68, 3: 68}",2.106130361557007,0.0728155374526977,0.5000168085098267,0.0,0.0,2.082228660583496,0.1617647111415863,0.494747906923294,0.0,0.0,0.6176470518112183,,,mean,(11,1.0,
26.0,lowpass,efficientnet,kernel_size-(11_11)_method-mean_iterations-2,0.1739130467176437,0.35294117647058826,3,3,single,13.0,25.0,0.009400741025141074,4,"{0: 68, 4: 67, 6: 68, 7: 1}",2.1125974655151367,0.116504855453968,0.5179126262664795,0.0,0.0,2.082044839859009,0.1323529481887817,0.5042017102241516,0.0,0.0,0.6323529481887817,,,mean,(11,2.0,
24.0,lowpass,efficientnet,kernel_size-(11_11)_method-mean_iterations-3,0.1884057968854904,0.38235294117647056,6,6,single,11.0,23.0,0.023893491192987754,3,"{1: 68, 5: 68, 6: 68}",2.1203272342681885,0.0873786434531211,0.4778439700603485,0.0,0.0,2.07958722114563,0.1323529481887817,0.5010504126548767,0.0,0.0,0.6323529481887817,,,mean,(11,3.0,
30.0,lowpass,efficientnet,kernel_size-(11_11)_method-mean_iterations-5,0.1449275314807891,0.38235294117647056,6,6,single,17.0,29.0,-0.019584774211713535,3,"{1: 68, 5: 68, 6: 68}",2.094653606414795,0.1504854410886764,0.5339266657829285,0.0,0.0,2.0861048698425293,0.1176470592617988,0.4968487620353699,0.0,0.0,0.6176470518112183,,,mean,(11,5.0,
27.0,lowpass,efficientnet,kernel_size-(3_3)_method-median_iterations-2,0.1617647111415863,0.39705882352941174,14,14,single,14.0,26.0,-0.0027475945509163324,3,"{1: 68, 2: 68, 3: 68}",2.1187057495117188,0.1019417494535446,0.4758308529853821,0.0,0.0,2.079731702804565,0.1323529481887817,0.506827712059021,0.0,0.0,0.6323529481887817,,,median,(3,2.0,
26.0,lowpass,efficientnet,kernel_size-(3_3)_method-median_iterations-3,0.1739130467176437,0.36764705882352944,15,15,single,13.0,25.0,0.009400741025141074,3,"{0: 68, 4: 68, 5: 68}",2.095886468887329,0.1504854410886764,0.5089176297187805,0.0,0.0,2.081221342086792,0.1323529481887817,0.4983780086040497,0.0,0.0,0.6176470518112183,,,median,(3,3.0,
26.0,lowpass,efficientnet,kernel_size-(3_3)_method-median_iterations-5,0.1739130467176437,0.38235294117647056,14,14,single,13.0,25.0,0.009400741025141074,3,"{1: 68, 5: 68, 6: 68}",2.1135363578796387,0.097087375819683,0.4657299220561981,0.0,0.0,2.0803513526916504,0.1323529481887817,0.5011894106864929,0.0,0.0,0.6323529481887817,,,median,(3,5.0,
27.0,lowpass,efficientnet,kernel_size-(3_3)_method-median_iterations-7,0.1617647111415863,0.38235294117647056,9,9,single,14.0,26.0,-0.0027475945509163324,3,"{0: 68, 1: 68, 5: 68}",2.12170672416687,0.0873786434531211,0.4859822690486908,0.0,0.0,2.0809214115142822,0.1617647111415863,0.4993821084499359,0.0,0.0,0.6176470518112183,,,median,(3,7.0,
31.0,lowpass,efficientnet,kernel_size-(5_5)_method-gaussian_iterations-1,0.1323529481887817,0.36764705882352944,2,2,single,18.0,30.0,-0.032159357503720926,3,"{2: 68, 4: 68, 6: 68}",2.1721677780151367,0.0873786434531211,0.4575293064117431,0.0,0.0,2.089584350585937,0.1323529481887817,0.5016065239906311,0.0,0.0,0.6176470518112183,,,gaussian,(5,1.0,
31.0,lowpass,efficientnet,kernel_size-(5_5)_method-gaussian_iterations-2,0.1323529481887817,0.36764705882352944,2,2,single,18.0,30.0,-0.032159357503720926,3,"{0: 68, 3: 68, 6: 68}",2.1544947624206543,0.1310679614543914,0.490952730178833,0.0,0.0,2.082966089248657,0.1176470592617988,0.4955357015132904,0.0,0.0,0.6176470518112183,,,gaussian,(5,2.0,
30.0,lowpass,efficientnet,kernel_size-(5_5)_method-gaussian_iterations-3,0.1449275314807891,0.38235294117647056,9,9,single,17.0,29.0,-0.019584774211713535,3,"{0: 68, 1: 68, 5: 68}",2.102590560913086,0.1650485396385193,0.5171703696250916,0.0,0.0,2.082070827484131,0.1176470592617988,0.4952731132507324,0.0,0.0,0.6323529481887817,,,gaussian,(5,3.0,
29.0,lowpass,efficientnet,kernel_size-(5_5)_method-gaussian_iterations-5,0.147058829665184,0.38235294117647056,8,8,single,16.0,28.0,-0.017453476027318643,3,"{2: 68, 5: 68, 6: 68}",2.091334104537964,0.1310679614543914,0.5268033742904663,0.0,0.0,2.0795679092407227,0.1323529481887817,0.5099790096282959,0.0,0.0,0.6470588445663452,,,gaussian,(5,5.0,
31.0,lowpass,efficientnet,kernel_size-(5_5)_method-gaussian_iterations-7,0.1323529481887817,0.36764705882352944,1,1,single,18.0,30.0,-0.032159357503720926,3,"{0: 68, 5: 68, 6: 68}",2.1720919609069824,0.1067961156368255,0.4853207468986511,0.0,0.0,2.082265138626098,0.1323529481887817,0.5115546584129333,0.0,0.0,0.6323529481887817,,,gaussian,(5,7.0,
31.0,lowpass,efficientnet,kernel_size-(5_5)_method-mean_iterations-1,0.1323529481887817,0.36764705882352944,1,1,single,18.0,30.0,-0.032159357503720926,3,"{0: 68, 2: 68, 6: 68}",2.1796863079071045,0.1116504818201065,0.4860428273677826,0.0,0.0,2.0850679874420166,0.1323529481887817,0.4927551746368408,0.0,0.0,0.6176470518112183,,,mean,(5,1.0,
25.0,lowpass,efficientnet,kernel_size-(5_5)_method-mean_iterations-3,0.1764705926179886,0.38235294117647056,3,3,single,12.0,24.0,0.01195828692548595,3,"{0: 68, 1: 68, 3: 68}",2.1391212940216064,0.1310679614543914,0.4918734729290008,0.0,0.0,2.080698013305664,0.1764705926179886,0.5073529481887817,0.0,0.0,0.6323529481887817,,,mean,(5,3.0,
28.0,lowpass,efficientnet,kernel_size-(5_5)_method-mean_iterations-5,0.159420296549797,0.39705882352941174,14,14,single,15.0,27.0,-0.0050920091427056335,3,"{2: 68, 3: 68, 5: 68}",2.114788770675659,0.1116504818201065,0.4853392541408539,0.0,0.0,2.0804731845855717,0.1176470592617988,0.4998764395713806,0.0,0.0,0.6323529481887817,,,mean,(5,5.0,
31.0,lowpass,efficientnet,kernel_size-(5_5)_method-mean_iterations-7,0.1323529481887817,0.38235294117647056,1,1,single,18.0,30.0,-0.032159357503720926,3,"{2: 68, 5: 68, 6: 68}",2.151897430419922,0.1213592216372489,0.498645007610321,0.0,0.0,2.0826478004455566,0.1176470592617988,0.5,0.0,0.0,0.6323529481887817,,,mean,(5,7.0,
29.0,lowpass,efficientnet,kernel_size-(5_5)_method-median_iterations-1,0.147058829665184,0.36764705882352944,8,8,single,16.0,28.0,-0.017453476027318643,4,"{0: 68, 1: 1, 2: 68, 6: 67}",2.09912657737732,0.1262135952711105,0.5096010565757751,0.0,0.0,2.0804598331451416,0.147058829665184,0.5005715489387512,0.0,0.0,0.6176470518112183,,,median,(5,1.0,
26.0,lowpass,efficientnet,kernel_size-(5_5)_method-median_iterations-2,0.1739130467176437,0.38235294117647056,10,10,single,13.0,25.0,0.009400741025141074,4,"{1: 68, 3: 68, 4: 15, 6: 53}",2.112675905227661,0.116504855453968,0.4912910461425781,0.0,0.0,2.0806894302368164,0.1323529481887817,0.5074610710144043,0.0,0.0,0.6323529481887817,,,median,(5,2.0,
26.0,lowpass,efficientnet,kernel_size-(5_5)_method-median_iterations-3,0.1739130467176437,0.36764705882352944,1,1,single,13.0,25.0,0.009400741025141074,3,"{0: 68, 1: 68, 6: 68}",2.1507089138031006,0.1407766938209533,0.5062160491943359,0.0,0.0,2.085956573486328,0.1323529481887817,0.5010040998458862,0.0,0.0,0.6323529481887817,,,median,(5,3.0,
26.0,lowpass,efficientnet,kernel_size-(5_5)_method-median_iterations-5,0.1739130467176437,0.39705882352941174,8,8,single,13.0,25.0,0.009400741025141074,4,"{0: 68, 3: 68, 5: 51, 6: 17}",2.1233925819396973,0.116504855453968,0.4835129976272583,0.0,0.0,2.0801684856414795,0.1323529481887817,0.503738284111023,0.0,0.0,0.6323529481887817,,,median,(5,5.0,
25.0,lowpass,efficientnet,kernel_size-(5_5)_method-median_iterations-7,0.1764705926179886,0.36764705882352944,12,12,single,12.0,24.0,0.01195828692548595,4,"{0: 1, 4: 67, 5: 68, 6: 68}",2.1215333938598637,0.1650485396385193,0.4462030529975891,0.0,0.0,2.0791516304016118,0.1764705926179886,0.5052521228790283,0.0,0.0,0.6323529481887817,,,median,(5,7.0,
29.0,lowpass,efficientnet,kernel_size-(9_9)_method-gaussian_iterations-1,0.147058829665184,0.36764705882352944,7,7,single,16.0,28.0,-0.017453476027318643,3,"{0: 68, 3: 68, 6: 68}",2.098433256149292,0.1262135952711105,0.5030432343482971,0.0,0.0,2.0819034576416016,0.1176470592617988,0.5010504126548767,0.0,0.0,0.6323529481887817,,,gaussian,(9,1.0,
27.0,lowpass,efficientnet,kernel_size-(9_9)_method-gaussian_iterations-2,0.1617647111415863,0.38235294117647056,7,7,single,14.0,26.0,-0.0027475945509163324,3,"{2: 68, 5: 68, 6: 68}",2.158679485321045,0.0825242698192596,0.4574249386787414,0.0,0.0,2.0822906494140625,0.1617647111415863,0.508650541305542,0.0,0.0,0.6176470518112183,,,gaussian,(9,2.0,
31.0,lowpass,efficientnet,kernel_size-(11_11)_method-mean_iterations-7,0.1323529481887817,0.39705882352941174,1,1,single,18.0,30.0,-0.032159357503720926,3,"{1: 68, 2: 68, 3: 68}",2.116917848587036,0.1456310749053955,0.5322670340538025,0.0,0.0,2.087334394454956,0.1323529481887817,0.5038154721260071,0.0,0.0,0.6323529481887817,,,mean,(11,7.0,
31.0,lowpass,efficientnet,kernel_size-(15_15)_method-gaussian_iterations-7,0.1323529481887817,0.38235294117647056,2,2,single,18.0,30.0,-0.032159357503720926,3,"{0: 68, 2: 68, 3: 68}",2.155752182006836,0.116504855453968,0.4949166774749756,0.0,0.0,2.088798999786377,0.1176470592617988,0.5031512379646301,0.0,0.0,0.6323529481887817,,,gaussian,(15,7.0,
23.0,lowpass,efficientnet,kernel_size-(3_3)_method-gaussian_iterations-1,0.1911764740943908,0.36764705882352944,6,6,single,10.0,22.0,0.026664168401888177,4,"{0: 68, 2: 40, 3: 28, 5: 68}",2.134854316711426,0.116504855453968,0.4714544415473938,0.0,0.0,2.0806119441986084,0.1911764740943908,0.5038927793502808,0.0,0.0,0.6323529481887817,,,gaussian,(3,1.0,
27.0,lowpass,efficientnet,kernel_size-(3_3)_method-median_iterations-1,0.1617647111415863,0.38235294117647056,12,12,single,14.0,26.0,-0.0027475945509163324,3,"{0: 68, 2: 68, 3: 68}",2.129531145095825,0.0825242698192596,0.4707189202308655,0.0,0.0,2.081712007522583,0.1617647111415863,0.4956129491329193,0.0,0.0,0.6176470518112183,,,median,(3,1.0,
29.0,lowpass,efficientnet,kernel_size-(5_5)_method-mean_iterations-2,0.147058829665184,0.36764705882352944,7,7,single,16.0,28.0,-0.017453476027318643,4,"{0: 61, 1: 68, 4: 68, 6: 7}",2.1056506633758545,0.116504855453968,0.5102288126945496,0.0,0.0,2.0857691764831543,0.1176470592617988,0.4873949587345123,0.0,0.0,0.6029411554336548,,,mean,(5,2.0,
27.0,lowpass,efficientnet,kernel_size-(9_9)_method-gaussian_iterations-3,0.1617647111415863,0.38235294117647056,2,2,single,14.0,26.0,-0.0027475945509163324,3,"{1: 68, 3: 68, 6: 68}",2.137421131134033,0.1796116530895233,0.5075457692146301,0.0,0.0,2.0800702571868896,0.1323529481887817,0.4939755499362945,0.0,0.0,0.6176470518112183,,,gaussian,(9,3.0,
31.0,lowpass,efficientnet,kernel_size-(9_9)_method-gaussian_iterations-5,0.1323529481887817,0.45588235294117646,1,1,single,18.0,30.0,-0.032159357503720926,4,"{0: 29, 1: 68, 2: 39, 5: 68}",2.158146619796753,0.097087375819683,0.510883629322052,1.0,0.0048543689772486,2.0813167095184326,0.1323529481887817,0.5010504126548767,0.0,0.0,0.6176470518112183,,,gaussian,(9,5.0,
31.0,lowpass,efficientnet,kernel_size-(9_9)_method-gaussian_iterations-7,0.1323529481887817,0.36764705882352944,2,2,single,18.0,30.0,-0.032159357503720926,3,"{2: 68, 4: 68, 7: 68}",2.1393282413482666,0.1553398072719574,0.5043998956680298,0.0,0.0,2.079843521118164,0.1323529481887817,0.5076310038566589,0.0,0.0,0.6323529481887817,,,gaussian,(9,7.0,
31.0,lowpass,efficientnet,kernel_size-(9_9)_method-mean_iterations-1,0.1323529481887817,0.38235294117647056,1,1,single,18.0,30.0,-0.032159357503720926,3,"{2: 68, 5: 68, 6: 68}",2.1466801166534424,0.1359223276376724,0.5218530893325806,0.0,0.0,2.0859670639038086,0.1323529481887817,0.5031512975692749,0.0,0.0,0.6323529481887817,,,mean,(9,1.0,
31.0,lowpass,efficientnet,kernel_size-(9_9)_method-mean_iterations-2,0.1323529481887817,0.36764705882352944,2,2,single,18.0,30.0,-0.032159357503720926,3,"{0: 68, 5: 68, 6: 68}",2.148859024047852,0.097087375819683,0.4932015240192413,0.0,0.0,2.0802130699157715,0.1323529481887817,0.4992430508136749,0.0,0.0,0.6323529481887817,,,mean,(9,2.0,
31.0,lowpass,efficientnet,kernel_size-(9_9)_method-mean_iterations-3,0.1323529481887817,0.38235294117647056,4,4,single,18.0,30.0,-0.032159357503720926,3,"{3: 68, 5: 68, 6: 68}",2.146677017211914,0.1019417494535446,0.4804226160049438,0.0,0.0,2.0812063217163086,0.1323529481887817,0.4978991746902466,0.0,0.0,0.6323529481887817,,,mean,(9,3.0,
28.0,lowpass,efficientnet,kernel_size-(9_9)_method-mean_iterations-5,0.159420296549797,0.36764705882352944,14,14,single,15.0,27.0,-0.0050920091427056335,3,"{2: 68, 6: 68, 7: 68}",2.1184422969818115,0.1019417494535446,0.4704950451850891,0.0,0.0,2.0801944732666016,0.1176470592617988,0.5018537044525146,0.0,0.0,0.6323529481887817,,,mean,(9,5.0,
31.0,lowpass,efficientnet,kernel_size-(9_9)_method-mean_iterations-7,0.1323529481887817,0.38235294117647056,1,1,single,18.0,30.0,-0.032159357503720926,3,"{0: 68, 3: 68, 5: 68}",2.150681495666504,0.1213592216372489,0.4984093606472015,0.0,0.0,2.0816304683685303,0.1323529481887817,0.5102416276931763,0.0,0.0,0.6323529481887817,,,mean,(9,7.0,
31.0,lowpass,efficientnet,kernel_size-(9_9)_method-median_iterations-1,0.1323529481887817,0.36764705882352944,5,5,single,18.0,30.0,-0.032159357503720926,3,"{0: 68, 3: 68, 6: 68}",2.124774694442749,0.1359223276376724,0.4946558475494385,0.0,0.0,2.0824618339538574,0.1323529481887817,0.5068895816802979,0.0,0.0,0.6323529481887817,,,median,(9,1.0,
31.0,lowpass,efficientnet,kernel_size-(9_9)_method-median_iterations-2,0.1323529481887817,0.38235294117647056,1,1,single,18.0,30.0,-0.032159357503720926,3,"{0: 68, 3: 68, 5: 68}",2.1158480644226074,0.1213592216372489,0.5306259393692017,0.0,0.0,2.0831165313720703,0.1176470592617988,0.4903299510478973,0.0,0.0,0.5882353186607361,,,median,(9,2.0,
29.0,lowpass,efficientnet,kernel_size-(9_9)_method-median_iterations-3,0.147058829665184,0.36764705882352944,12,12,single,16.0,28.0,-0.017453476027318643,3,"{5: 68, 6: 68, 7: 68}",2.1064047813415527,0.1213592216372489,0.4990186989307403,0.0,0.0,2.080853223800659,0.147058829665184,0.4926470518112182,0.0,0.0,0.6176470518112183,,,median,(9,3.0,
31.0,lowpass,efficientnet,kernel_size-(9_9)_method-median_iterations-5,0.1323529481887817,0.38235294117647056,2,2,single,18.0,30.0,-0.032159357503720926,3,"{1: 68, 5: 68, 6: 68}",2.11781907081604,0.1407766938209533,0.5182947516441345,0.0,0.0,2.0823183059692383,0.1176470592617988,0.4838111400604248,0.0,0.0,0.6176470518112183,,,median,(9,5.0,
25.0,lowpass,efficientnet,kernel_size-(9_9)_method-median_iterations-7,0.1764705926179886,0.36764705882352944,2,2,single,12.0,24.0,0.01195828692548595,3,"{1: 68, 6: 68, 7: 68}",2.142958641052246,0.1116504818201065,0.4944083988666534,0.0,0.0,2.0827767848968506,0.1323529481887817,0.5016065239906311,0.0,0.0,0.6323529481887817,,,median,(9,7.0,
25.0,lowpass,efficientnet,kernel_size-(3_3)_method-gaussian_iterations-2,0.1764705926179886,0.39705882352941174,12,12,single,12.0,24.0,0.01195828692548595,3,"{1: 68, 3: 68, 5: 68}",2.095754146575928,0.1262135952711105,0.5130549669265747,0.0,0.0,2.079892158508301,0.1323529481887817,0.5073529481887817,0.0,0.0,0.6323529481887817,,,gaussian,(3,2.0,
29.0,lowpass,efficientnet,kernel_size-(3_3)_method-gaussian_iterations-3,0.147058829665184,0.35294117647058826,6,6,single,16.0,28.0,-0.017453476027318643,3,"{0: 68, 6: 68, 7: 68}",2.145542621612549,0.0873786434531211,0.4720267951488495,0.0,0.0,2.0805482864379883,0.1176470592617988,0.5101335048675537,0.0,0.0,0.6176470518112183,,,gaussian,(3,3.0,
28.0,lowpass,efficientnet,kernel_size-(3_3)_method-gaussian_iterations-5,0.159420296549797,0.38235294117647056,12,12,single,15.0,27.0,-0.0050920091427056335,3,"{1: 68, 2: 68, 6: 68}",2.10440444946289,0.1019417494535446,0.4941474795341491,0.0,0.0,2.079916954040528,0.1176470592617988,0.5010504126548767,0.0,0.0,0.6323529481887817,,,gaussian,(3,5.0,
30.0,lowpass,efficientnet,kernel_size-(3_3)_method-gaussian_iterations-7,0.1449275314807891,0.36764705882352944,4,4,single,17.0,29.0,-0.019584774211713535,3,"{0: 68, 1: 68, 6: 68}",2.1400399208068848,0.1213592216372489,0.5038966536521912,0.0,0.0,2.0833184719085693,0.1176470592617988,0.5007106065750122,0.0,0.0,0.5882353186607361,,,gaussian,(3,7.0,
28.0,lowpass,efficientnet,kernel_size-(3_3)_method-mean_iterations-1,0.159420296549797,0.38235294117647056,12,12,single,15.0,27.0,-0.0050920091427056335,3,"{1: 68, 5: 68, 6: 68}",2.08893084526062,0.1407766938209533,0.5052802562713623,0.0,0.0,2.079354286193848,0.1323529481887817,0.5055301785469055,0.0,0.0,0.6323529481887817,,,mean,(3,1.0,
27.0,lowpass,efficientnet,kernel_size-(3_3)_method-mean_iterations-2,0.1617647111415863,0.38235294117647056,7,7,single,14.0,26.0,-0.0027475945509163324,3,"{0: 68, 1: 68, 3: 68}",2.130021810531616,0.1116504818201065,0.4744253754615783,0.0,0.0,2.081209659576416,0.1617647111415863,0.508511483669281,0.0,0.0,0.6323529481887817,,,mean,(3,2.0,
27.0,lowpass,efficientnet,kernel_size-(3_3)_method-mean_iterations-3,0.1617647111415863,0.35294117647058826,1,1,single,14.0,26.0,-0.0027475945509163324,4,"{0: 68, 1: 63, 5: 5, 6: 68}",2.1540169715881348,0.1262135952711105,0.502822756767273,0.0,0.0,2.08174991607666,0.1617647111415863,0.512543261051178,0.0,0.0,0.6323529481887817,,,mean,(3,3.0,
29.0,lowpass,efficientnet,kernel_size-(3_3)_method-mean_iterations-5,0.147058829665184,0.36764705882352944,11,11,single,16.0,28.0,-0.017453476027318643,4,"{0: 67, 1: 68, 6: 1, 7: 68}",2.102872371673584,0.1116504818201065,0.5172393918037415,0.0,0.0,2.0845656394958496,0.1176470592617988,0.4969723224639892,0.0,0.0,0.6176470518112183,,,mean,(3,5.0,
31.0,lowpass,efficientnet,kernel_size-(3_3)_method-mean_iterations-7,0.1323529481887817,0.38235294117647056,4,4,single,18.0,30.0,-0.032159357503720926,3,"{0: 68, 1: 68, 3: 68}",2.1271259784698486,0.1262135952711105,0.497397780418396,0.0,0.0,2.084549903869629,0.1176470592617988,0.496107280254364,0.0,0.0,0.6176470518112183,,,mean,(3,7.0,
27.0,lowpass,efficientnet,kernel_size-(11_11)_method-median_iterations-1,0.1617647111415863,0.38235294117647056,6,6,single,14.0,26.0,-0.0027475945509163324,3,"{0: 68, 2: 68, 3: 68}",2.1078598499298096,0.1359223276376724,0.4991954565048218,0.0,0.0,2.079620599746704,0.1617647111415863,0.5048505067825317,0.0,0.0,0.6176470518112183,,,median,(11,1.0,
27.0,lowpass,efficientnet,kernel_size-(11_11)_method-median_iterations-2,0.1617647111415863,0.36764705882352944,6,6,single,14.0,26.0,-0.0027475945509163324,3,"{0: 68, 5: 68, 6: 68}",2.103780746459961,0.1116504818201065,0.5222032070159912,0.0,0.0,2.08508849143982,0.1176470592617988,0.5012975931167603,0.0,0.0,0.6323529481887817,,,median,(11,2.0,
22.0,lowpass,efficientnet,kernel_size-(11_11)_method-median_iterations-3,0.2028985470533371,0.36764705882352944,12,12,single,9.0,21.0,0.03838624136083446,3,"{0: 68, 1: 68, 6: 68}",2.121056318283081,0.1067961156368255,0.4586991667747497,0.0,0.0,2.080981731414795,0.1176470592617988,0.4894031286239624,0.0,0.0,0.6176470518112183,,,median,(11,3.0,
28.0,lowpass,efficientnet,kernel_size-(11_11)_method-median_iterations-5,0.159420296549797,0.39705882352941174,12,12,single,15.0,27.0,-0.0050920091427056335,4,"{1: 2, 2: 66, 3: 68, 5: 68}",2.1129305362701416,0.097087375819683,0.4807323515415191,0.0,0.0,2.0799760818481445,0.1323529481887817,0.4915966391563415,0.0,0.0,0.6176470518112183,,,median,(11,5.0,
28.0,lowpass,efficientnet,kernel_size-(11_11)_method-median_iterations-7,0.159420296549797,0.36764705882352944,2,2,single,15.0,27.0,-0.0050920091427056335,3,"{0: 68, 5: 68, 7: 68}",2.193422555923462,0.116504855453968,0.4634861648082733,0.0,0.0,2.0790510177612305,0.1323529481887817,0.5223832130432129,0.0,0.0,0.6323529481887817,,,median,(11,7.0,
31.0,lowpass,efficientnet,kernel_size-(15_15)_method-gaussian_iterations-1,0.1323529481887817,0.36764705882352944,3,3,single,18.0,30.0,-0.032159357503720926,3,"{0: 68, 1: 68, 6: 68}",2.1343462467193604,0.116504855453968,0.5008146166801453,0.0,0.0,2.0812878608703613,0.1176470592617988,0.5044488310813904,0.0,0.0,0.6470588445663452,,,gaussian,(15,1.0,
31.0,lowpass,efficientnet,kernel_size-(15_15)_method-gaussian_iterations-2,0.1323529481887817,0.38235294117647056,2,2,single,18.0,30.0,-0.032159357503720926,3,"{3: 68, 4: 68, 5: 68}",2.197772264480591,0.0533980578184127,0.4466928243637085,0.0,0.0,2.0799930095672607,0.1029411777853965,0.5021008253097534,0.0,0.0,0.6323529481887817,,,gaussian,(15,2.0,
30.0,lowpass,efficientnet,kernel_size-(15_15)_method-gaussian_iterations-3,0.1449275314807891,0.36764705882352944,14,14,single,17.0,29.0,-0.019584774211713535,3,"{0: 68, 3: 68, 6: 68}",2.103586912155152,0.1213592216372489,0.4850396811962127,0.0,0.0,2.0803065299987797,0.1176470592617988,0.4799802303314209,0.0,0.0,0.6323529481887817,,,gaussian,(15,3.0,
31.0,lowpass,efficientnet,kernel_size-(15_15)_method-gaussian_iterations-5,0.1323529481887817,0.38235294117647056,2,2,single,18.0,30.0,-0.032159357503720926,3,"{1: 68, 3: 68, 6: 68}",2.162865400314331,0.0922330096364021,0.4683187007904053,0.0,0.0,2.083721399307251,0.1323529481887817,0.4982235431671142,0.0,0.0,0.6176470518112183,,,gaussian,(15,5.0,
31.0,lowpass,efficientnet,kernel_size-(15_15)_method-mean_iterations-1,0.1323529481887817,0.36764705882352944,1,1,single,18.0,30.0,-0.032159357503720926,3,"{0: 68, 2: 68, 6: 68}",2.221508264541626,0.1019417494535446,0.4899815618991852,0.0,0.0,2.086601972579956,0.1323529481887817,0.5021008253097534,0.0,0.0,0.6323529481887817,,,mean,(15,1.0,
30.0,lowpass,efficientnet,kernel_size-(15_15)_method-mean_iterations-2,0.1449275314807891,0.39705882352941174,14,14,single,17.0,29.0,-0.019584774211713535,3,"{1: 68, 2: 68, 5: 68}",2.11003851890564,0.1067961156368255,0.490267664194107,0.0,0.0,2.0790491104125977,0.1323529481887817,0.5115545988082886,0.0,0.0,0.6323529481887817,,,mean,(15,2.0,
27.0,lowpass,efficientnet,kernel_size-(15_15)_method-mean_iterations-3,0.1617647111415863,0.36764705882352944,3,3,single,14.0,26.0,-0.0027475945509163324,3,"{0: 68, 2: 68, 6: 68}",2.120489358901977,0.116504855453968,0.5232871770858765,0.0,0.0,2.081718683242798,0.1323529481887817,0.5002162456512451,0.0,0.0,0.6176470518112183,,,mean,(15,3.0,
29.0,lowpass,efficientnet,kernel_size-(15_15)_method-mean_iterations-5,0.147058829665184,0.36764705882352944,11,11,single,16.0,28.0,-0.017453476027318643,3,"{2: 68, 6: 68, 7: 68}",2.127869844436645,0.1359223276376724,0.4690559506416321,0.0,0.0,2.0786666870117188,0.147058829665184,0.5115545988082886,0.0,0.0,0.6470588445663452,,,mean,(15,5.0,
31.0,lowpass,efficientnet,kernel_size-(15_15)_method-mean_iterations-7,0.1323529481887817,0.36764705882352944,2,2,single,18.0,30.0,-0.032159357503720926,3,"{0: 68, 3: 68, 6: 68}",2.188193798065185,0.1116504818201065,0.4591266810894012,0.0,0.0,2.079875230789185,0.1323529481887817,0.5095773935317993,0.0,0.0,0.6323529481887817,,,mean,(15,7.0,
26.0,lowpass,efficientnet,kernel_size-(15_15)_method-median_iterations-1,0.1739130467176437,0.35294117647058826,11,11,single,13.0,25.0,0.009400741025141074,4,"{2: 10, 3: 68, 4: 58, 5: 68}",2.142930507659912,0.097087375819683,0.4579854905605316,0.0,0.0,2.08100700378418,0.1176470592617988,0.5064260959625244,0.0,0.0,0.6323529481887817,,,median,(15,1.0,
28.0,lowpass,efficientnet,kernel_size-(15_15)_method-median_iterations-2,0.159420296549797,0.36764705882352944,2,2,single,15.0,27.0,-0.0050920091427056335,4,"{1: 58, 2: 67, 3: 68, 6: 11}",2.1156980991363525,0.1116504818201065,0.5178655385971069,0.0,0.0,2.08388614654541,0.1176470592617988,0.5107204914093018,0.0,0.0,0.6470588445663452,,,median,(15,2.0,
23.0,lowpass,efficientnet,kernel_size-(15_15)_method-median_iterations-3,0.1911764740943908,0.36764705882352944,1,1,single,10.0,22.0,0.026664168401888177,3,"{0: 68, 1: 68, 6: 68}",2.1995391845703125,0.1019417494535446,0.4925349652767181,0.0,0.0,2.0843148231506348,0.1176470592617988,0.5003861784934998,0.0,0.0,0.6323529481887817,,,median,(15,3.0,
25.0,lowpass,efficientnet,kernel_size-(15_15)_method-median_iterations-5,0.1764705926179886,0.38235294117647056,11,11,single,12.0,24.0,0.01195828692548595,3,"{0: 68, 1: 68, 2: 68}",2.1065828800201416,0.097087375819683,0.4857247173786163,0.0,0.0,2.0807671546936035,0.1764705926179886,0.4974666237831116,0.0,0.0,0.6323529481887817,,,median,(15,5.0,
28.0,lowpass,efficientnet,kernel_size-(15_15)_method-median_iterations-7,0.159420296549797,0.3235294117647059,8,8,single,15.0,27.0,-0.0050920091427056335,4,"{0: 32, 5: 68, 6: 68, 7: 36}",2.1188886165618896,0.1019417494535446,0.4904444217681885,0.0,0.0,2.07868766784668,0.1323529481887817,0.5105041861534119,0.0,0.0,0.6470588445663452,,,median,(15,7.0,
11.0,lowpass,inception,kernel_size-(11_11)_method-gaussian_iterations-1,0.2794117629528045,0.5441176470588235,9,9,single,10.0,10.0,0.028675992540113493,8,"{0: 24, 1: 29, 2: 20, 3: 31, 4: 26, 5: 26, 6: 32, 7: 16}",2.01938796043396,0.2087378650903701,0.6527830362319946,0.4545454680919647,0.0485436879098415,1.9671363830566408,0.2058823555707931,0.6404165029525757,0.0,0.0,0.8088235259056091,,,gaussian,(11,1.0,
15.0,lowpass,inception,kernel_size-(11_11)_method-gaussian_iterations-2,0.25,0.5294117647058824,12,12,single,14.0,14.0,-0.000735770412691017,8,"{0: 16, 1: 34, 2: 17, 3: 16, 4: 35, 5: 37, 6: 17, 7: 32}",1.828973412513733,0.3349514603614807,0.7192950248718262,0.6666666865348816,0.0776699036359787,2.013129949569702,0.147058829665184,0.6156389117240906,0.0,0.0,0.7352941036224365,,,gaussian,(11,2.0,
11.0,lowpass,inception,kernel_size-(11_11)_method-gaussian_iterations-3,0.2794117629528045,0.5441176470588235,14,14,single,10.0,10.0,0.028675992540113493,8,"{0: 25, 1: 20, 2: 37, 3: 29, 4: 20, 5: 28, 6: 20, 7: 25}",1.7613178491592407,0.3446601927280426,0.7508280873298645,0.6071428656578064,0.0825242698192596,1.959217548370361,0.25,0.6500247120857239,0.0,0.0,0.779411792755127,,,gaussian,(11,3.0,
14.0,lowpass,inception,kernel_size-(11_11)_method-gaussian_iterations-5,0.260869562625885,0.5147058823529411,14,14,single,13.0,13.0,0.010133792213193993,8,"{0: 29, 1: 30, 2: 27, 3: 25, 4: 16, 5: 33, 6: 23, 7: 21}",1.7597839832305908,0.3300970792770386,0.7494125366210938,0.6842105388641357,0.0631067976355552,2.046835422515869,0.147058829665184,0.5780863761901855,0.0,0.0,0.7352941036224365,,,gaussian,(11,5.0,
14.0,lowpass,inception,kernel_size-(11_11)_method-gaussian_iterations-7,0.260869562625885,0.5441176470588235,13,13,single,13.0,13.0,0.010133792213193993,8,"{0: 17, 1: 39, 2: 40, 3: 18, 4: 20, 5: 17, 6: 28, 7: 25}",1.86899733543396,0.3009708821773529,0.7020353674888611,0.5789473652839661,0.0533980578184127,2.053269386291504,0.1323529481887817,0.596684992313385,0.0,0.0,0.7352941036224365,,,gaussian,(11,7.0,
3.0,lowpass,inception,kernel_size-(11_11)_method-mean_iterations-1,0.3382352888584137,0.5588235294117647,10,10,single,2.0,2.0,0.08749951844572268,8,"{0: 13, 1: 23, 2: 38, 3: 23, 4: 24, 5: 37, 6: 26, 7: 20}",1.8903979063034055,0.2961165010929107,0.7024275064468384,0.5263158082962036,0.0485436879098415,1.9694592952728271,0.3382352888584137,0.6508588790893555,0.0,0.0,0.7647058963775635,,,mean,(11,1.0,
14.0,lowpass,inception,kernel_size-(11_11)_method-mean_iterations-2,0.260869562625885,0.47058823529411764,12,12,single,13.0,13.0,0.010133792213193993,8,"{0: 25, 1: 24, 2: 13, 3: 32, 4: 15, 5: 21, 6: 24, 7: 50}",1.840507984161377,0.3349514603614807,0.7126227021217346,0.5454545617103577,0.058252427726984,2.0375349521636963,0.2058823555707931,0.586922287940979,0.0,0.0,0.6764705777168274,,,mean,(11,2.0,
12.0,lowpass,inception,kernel_size-(11_11)_method-mean_iterations-3,0.2753623127937317,0.5,10,10,single,11.0,11.0,0.024626542381040673,8,"{0: 25, 1: 18, 2: 38, 3: 17, 4: 36, 5: 27, 6: 16, 7: 27}",1.957008481025696,0.2621359229087829,0.6642254590988159,0.5,0.0339805819094181,2.012545108795166,0.1911764740943908,0.6201649904251099,0.0,0.0,0.75,,,mean,(11,3.0,
14.0,lowpass,inception,kernel_size-(11_11)_method-mean_iterations-5,0.260869562625885,0.5147058823529411,12,12,single,13.0,13.0,0.010133792213193993,8,"{0: 27, 1: 32, 2: 29, 3: 26, 4: 20, 5: 31, 6: 6, 7: 33}",1.9493968486785889,0.2718446552753448,0.6657891869544983,0.5714285969734192,0.0194174759089946,2.0535850524902344,0.25,0.5825043320655823,0.0,0.0,0.720588207244873,,,mean,(11,5.0,
9.0,lowpass,inception,kernel_size-(3_3)_method-median_iterations-2,0.294117659330368,0.5294117647058824,10,10,single,8.0,8.0,0.04338188891767697,8,"{0: 20, 1: 10, 2: 26, 3: 32, 4: 30, 5: 36, 6: 25, 7: 25}",1.9962235689163208,0.2281553447246551,0.6477788686752319,0.4545454680919647,0.0242718439549207,2.0451104640960693,0.294117659330368,0.5748424530029297,0.0,0.0,0.6617646813392639,,,median,(3,2.0,
10.0,lowpass,inception,kernel_size-(3_3)_method-median_iterations-3,0.2898550629615783,0.5,10,10,single,9.0,9.0,0.0391192925488873,8,"{0: 24, 1: 11, 2: 47, 3: 26, 4: 25, 5: 30, 6: 18, 7: 23}",1.9533982276916504,0.2815533876419067,0.6642893552780151,0.6000000238418579,0.0436893217265605,1.9979771375656128,0.2647058963775635,0.6482791304588318,0.0,0.0,0.7647058963775635,,,median,(3,3.0,
9.0,lowpass,inception,kernel_size-(3_3)_method-median_iterations-5,0.294117659330368,0.47058823529411764,10,10,single,8.0,8.0,0.04338188891767697,8,"{0: 28, 1: 19, 2: 31, 3: 19, 4: 25, 5: 34, 6: 20, 7: 28}",1.9277268648147583,0.291262149810791,0.6858815550804138,0.5135135054588318,0.0922330096364021,1.978063941001892,0.294117659330368,0.6336814761161804,0.0,0.0,0.7058823704719543,,,median,(3,5.0,
5.0,lowpass,inception,kernel_size-(3_3)_method-median_iterations-7,0.3235294222831726,0.5147058823529411,12,12,single,4.0,4.0,0.07279365187048159,8,"{0: 25, 1: 24, 2: 22, 3: 23, 4: 24, 5: 41, 6: 18, 7: 27}",1.8891302347183228,0.2669903039932251,0.7048614025115967,0.4827586114406585,0.0679611638188362,1.982317924499512,0.3235294222831726,0.6374660134315491,0.0,0.0,0.720588207244873,,,median,(3,7.0,
9.0,lowpass,inception,kernel_size-(5_5)_method-gaussian_iterations-1,0.294117659330368,0.5147058823529411,14,14,single,8.0,8.0,0.04338188891767697,8,"{0: 29, 1: 28, 2: 26, 3: 28, 4: 27, 5: 17, 6: 29, 7: 20}",1.7704755067825315,0.3640776574611664,0.7453644871711731,0.3888888955116272,0.0339805819094181,1.9899325370788572,0.294117659330368,0.6239649653434753,0.0,0.0,0.720588207244873,,,gaussian,(5,1.0,
9.0,lowpass,inception,kernel_size-(5_5)_method-gaussian_iterations-2,0.294117659330368,0.5147058823529411,14,14,single,8.0,8.0,0.04338188891767697,8,"{0: 28, 1: 10, 2: 31, 3: 26, 4: 35, 5: 28, 6: 28, 7: 18}",1.93251633644104,0.2864077687263489,0.6878544092178345,0.375,0.029126213863492,2.019675970077514,0.294117659330368,0.6215552687644958,0.0,0.0,0.7058823704719543,,,gaussian,(5,2.0,
14.0,lowpass,inception,kernel_size-(5_5)_method-gaussian_iterations-3,0.260869562625885,0.47058823529411764,12,12,single,13.0,13.0,0.010133792213193993,8,"{0: 16, 1: 33, 2: 11, 3: 19, 4: 28, 5: 41, 6: 27, 7: 29}",1.965317964553833,0.2330097109079361,0.6705324053764343,0.449999988079071,0.0436893217265605,2.029441595077514,0.147058829665184,0.5758774280548096,0.0,0.0,0.7058823704719543,,,gaussian,(5,3.0,
5.0,lowpass,inception,kernel_size-(5_5)_method-gaussian_iterations-5,0.3235294222831726,0.5441176470588235,13,13,single,4.0,4.0,0.07279365187048159,8,"{0: 21, 1: 19, 2: 23, 3: 32, 4: 22, 5: 38, 6: 23, 7: 26}",1.9190863370895384,0.2864077687263489,0.6910389065742493,0.625,0.0728155374526977,2.0514562129974365,0.1764705926179886,0.5695902705192566,0.0,0.0,0.7352941036224365,,,gaussian,(5,5.0,
15.0,lowpass,inception,kernel_size-(5_5)_method-gaussian_iterations-7,0.25,0.47058823529411764,12,12,single,14.0,14.0,-0.000735770412691017,8,"{0: 22, 1: 28, 2: 14, 3: 38, 4: 23, 5: 29, 6: 20, 7: 30}",1.7358289957046509,0.3592233061790466,0.7573942542076111,0.6000000238418579,0.0728155374526977,2.061331272125244,0.1911764740943908,0.566825270652771,0.0,0.0,0.6764705777168274,,,gaussian,(5,7.0,
12.0,lowpass,inception,kernel_size-(5_5)_method-mean_iterations-1,0.2753623127937317,0.45588235294117646,10,10,single,11.0,11.0,0.024626542381040673,8,"{0: 27, 1: 23, 2: 42, 3: 29, 4: 23, 5: 19, 6: 11, 7: 30}",2.0149972438812256,0.2475728094577789,0.6517343521118164,0.3125,0.0242718439549207,2.024416446685791,0.1617647111415863,0.5948004722595215,0.0,0.0,0.7058823704719543,,,mean,(5,1.0,
9.0,lowpass,inception,kernel_size-(5_5)_method-mean_iterations-3,0.294117659330368,0.5,12,12,single,8.0,8.0,0.04338188891767697,8,"{0: 24, 1: 10, 2: 56, 3: 27, 4: 21, 5: 12, 6: 24, 7: 30}",1.813704013824463,0.3495145738124847,0.7301163077354431,0.7307692170143127,0.0922330096364021,1.9930354356765747,0.294117659330368,0.6312717199325562,0.0,0.0,0.7647058963775635,,,mean,(5,3.0,
15.0,lowpass,inception,kernel_size-(5_5)_method-mean_iterations-5,0.25,0.5294117647058824,10,10,single,14.0,14.0,-0.000735770412691017,8,"{0: 15, 1: 36, 2: 30, 3: 21, 4: 25, 5: 35, 6: 19, 7: 23}",1.8821606636047363,0.2961165010929107,0.6983844637870789,0.523809552192688,0.0533980578184127,1.9958127737045288,0.25,0.6204429268836975,0.0,0.0,0.7647058963775635,,,mean,(5,5.0,
14.0,lowpass,inception,kernel_size-(5_5)_method-mean_iterations-7,0.260869562625885,0.5294117647058824,15,15,single,13.0,13.0,0.010133792213193993,8,"{0: 18, 1: 20, 2: 42, 3: 28, 4: 22, 5: 20, 6: 23, 7: 31}",1.7080405950546265,0.3786407709121704,0.7711091041564941,0.5185185074806213,0.0679611638188362,2.0067639350891118,0.1911764740943908,0.632414698600769,0.0,0.0,0.7647058963775635,,,mean,(5,7.0,
11.0,lowpass,inception,kernel_size-(5_5)_method-median_iterations-1,0.2794117629528045,0.5735294117647058,13,13,single,10.0,10.0,0.028675992540113493,8,"{0: 34, 1: 28, 2: 23, 3: 25, 4: 21, 5: 29, 6: 23, 7: 21}",1.8368775844573972,0.3640776574611664,0.7196786403656006,0.5769230723381042,0.0728155374526977,1.974381804466248,0.2794117629528045,0.6580573320388794,0.0,0.0,0.7941176295280457,,,median,(5,1.0,
10.0,lowpass,inception,kernel_size-(5_5)_method-median_iterations-2,0.2898550629615783,0.5882352941176471,9,9,single,9.0,9.0,0.0391192925488873,8,"{0: 22, 1: 21, 2: 18, 3: 28, 4: 21, 5: 25, 6: 40, 7: 29}",1.940504789352417,0.291262149810791,0.6844878792762756,0.4545454680919647,0.0485436879098415,1.9532076120376587,0.2058823555707931,0.6562963724136353,0.0,0.0,0.7647058963775635,,,median,(5,2.0,
8.0,lowpass,inception,kernel_size-(5_5)_method-median_iterations-3,0.304347813129425,0.5735294117647058,14,14,single,7.0,7.0,0.053612042716733976,8,"{0: 12, 1: 40, 2: 27, 3: 40, 4: 26, 5: 14, 6: 25, 7: 20}",1.84671950340271,0.2961165010929107,0.713225245475769,0.5769230723381042,0.0728155374526977,1.954479455947876,0.25,0.651770293712616,0.0,0.0,0.6911764740943909,,,median,(5,3.0,
10.0,lowpass,inception,kernel_size-(5_5)_method-median_iterations-5,0.2898550629615783,0.5294117647058824,7,7,single,9.0,9.0,0.0391192925488873,8,"{0: 35, 1: 24, 2: 39, 3: 17, 4: 22, 5: 20, 6: 28, 7: 19}",1.9937645196914675,0.2621359229087829,0.6655939221382141,0.4666666686534881,0.0679611638188362,1.957935333251953,0.25,0.6669395565986633,0.0,0.0,0.8235294222831726,,,median,(5,5.0,
3.0,lowpass,inception,kernel_size-(5_5)_method-median_iterations-7,0.3382352888584137,0.5,7,7,single,2.0,2.0,0.08749951844572268,8,"{0: 11, 1: 12, 2: 10, 3: 33, 4: 36, 5: 42, 6: 32, 7: 28}",2.103865146636963,0.2427184432744979,0.6289033889770508,0.5333333611488342,0.0776699036359787,1.9824155569076536,0.3382352888584137,0.6301593780517578,0.0,0.0,0.75,,,median,(5,7.0,
13.0,lowpass,inception,kernel_size-(9_9)_method-gaussian_iterations-1,0.2647058963775635,0.5588235294117647,8,8,single,12.0,12.0,0.01397012596487246,8,"{0: 35, 1: 23, 2: 32, 3: 30, 4: 22, 5: 22, 6: 22, 7: 18}",2.0445749759674072,0.2038834989070892,0.6427931785583496,0.3888888955116272,0.0339805819094181,2.030734777450561,0.2352941185235977,0.5874011516571045,0.0,0.0,0.6617646813392639,,,gaussian,(9,1.0,
9.0,lowpass,inception,kernel_size-(9_9)_method-gaussian_iterations-2,0.294117659330368,0.47058823529411764,14,14,single,8.0,8.0,0.04338188891767697,8,"{0: 8, 1: 43, 2: 16, 3: 46, 4: 16, 5: 33, 6: 13, 7: 29}",1.829527735710144,0.3252427279949188,0.7297662496566772,0.4166666567325592,0.0485436879098415,2.00199294090271,0.294117659330368,0.6188982725143433,0.0,0.0,0.7647058963775635,,,gaussian,(9,2.0,
13.0,lowpass,inception,kernel_size-(11_11)_method-mean_iterations-7,0.2647058963775635,0.5,13,13,single,12.0,12.0,0.01397012596487246,8,"{0: 31, 1: 35, 2: 11, 3: 31, 4: 34, 5: 29, 6: 15, 7: 18}",1.84831964969635,0.2815533876419067,0.7188809514045715,0.3636363744735718,0.0194174759089946,2.0338151454925537,0.2647058963775635,0.6076217293739319,0.0,0.0,0.6617646813392639,,,mean,(11,7.0,
14.0,lowpass,inception,kernel_size-(15_15)_method-gaussian_iterations-7,0.260869562625885,0.4411764705882353,7,7,single,13.0,13.0,0.010133792213193993,8,"{0: 20, 1: 26, 2: 34, 3: 34, 4: 19, 5: 17, 6: 21, 7: 33}",2.134237051010132,0.1990291327238083,0.5961178541183472,0.5,0.0388349518179893,2.063830614089966,0.1911764740943908,0.5714904069900513,0.0,0.0,0.6911764740943909,,,gaussian,(15,7.0,
12.0,lowpass,inception,kernel_size-(3_3)_method-gaussian_iterations-1,0.2753623127937317,0.5588235294117647,15,15,single,11.0,11.0,0.024626542381040673,8,"{0: 21, 1: 29, 2: 22, 3: 33, 4: 16, 5: 32, 6: 28, 7: 23}",1.831913948059082,0.3058252334594726,0.7274500727653503,0.3478260934352875,0.0388349518179893,1.956672430038452,0.2352941185235977,0.6550450921058655,0.0,0.0,0.779411792755127,,,gaussian,(3,1.0,
13.0,lowpass,inception,kernel_size-(3_3)_method-median_iterations-1,0.2647058963775635,0.5,12,12,single,12.0,12.0,0.01397012596487246,8,"{0: 32, 1: 40, 2: 15, 3: 13, 4: 21, 5: 38, 6: 24, 7: 21}",1.920225024223328,0.2718446552753448,0.6859338283538818,0.2000000029802322,0.0097087379544973,2.028311252593994,0.2647058963775635,0.6100624203681946,0.0,0.0,0.7352941036224365,,,median,(3,1.0,
13.0,lowpass,inception,kernel_size-(5_5)_method-mean_iterations-2,0.2647058963775635,0.4411764705882353,9,9,single,12.0,12.0,0.01397012596487246,8,"{0: 25, 1: 20, 2: 35, 3: 37, 4: 28, 5: 19, 6: 20, 7: 20}",2.105021715164185,0.1844660192728042,0.6244024634361267,0.1739130467176437,0.0194174759089946,2.034872055053711,0.2647058963775635,0.583184003829956,0.0,0.0,0.6764705777168274,,,mean,(5,2.0,
15.0,lowpass,inception,kernel_size-(9_9)_method-gaussian_iterations-3,0.25,0.4852941176470588,13,13,single,14.0,14.0,-0.000735770412691017,8,"{0: 31, 1: 26, 2: 30, 3: 31, 4: 24, 5: 23, 6: 13, 7: 26}",1.8162615299224851,0.3349514603614807,0.7306835055351257,0.5454545617103577,0.058252427726984,2.017836332321167,0.1764705926179886,0.618465781211853,0.0,0.0,0.720588207244873,,,gaussian,(9,3.0,
4.0,lowpass,inception,kernel_size-(9_9)_method-gaussian_iterations-5,0.3333333432674408,0.5735294117647058,9,9,single,3.0,3.0,0.08259757285474978,8,"{0: 32, 1: 15, 2: 37, 3: 29, 4: 15, 5: 35, 6: 25, 7: 16}",2.024435520172119,0.2475728094577789,0.6426820158958435,0.3333333432674408,0.0194174759089946,2.004347801208496,0.1911764740943908,0.6367863416671753,0.0,0.0,0.75,,,gaussian,(9,5.0,
15.0,lowpass,inception,kernel_size-(9_9)_method-gaussian_iterations-7,0.25,0.5735294117647058,12,12,single,14.0,14.0,-0.000735770412691017,8,"{0: 25, 1: 27, 2: 26, 3: 28, 4: 32, 5: 21, 6: 21, 7: 24}",1.907173037528992,0.2815533876419067,0.6946056485176086,0.4761904776096344,0.0485436879098415,2.0492186546325684,0.25,0.5898263454437256,0.0,0.0,0.6764705777168274,,,gaussian,(9,7.0,
13.0,lowpass,inception,kernel_size-(9_9)_method-mean_iterations-1,0.2647058963775635,0.5735294117647058,14,14,single,12.0,12.0,0.01397012596487246,8,"{0: 21, 1: 17, 2: 29, 3: 17, 4: 28, 5: 34, 6: 31, 7: 27}",1.6488364934921265,0.3786407709121704,0.7872375845909119,0.7599999904632568,0.0922330096364021,1.9950876235961916,0.2205882370471954,0.6293098330497742,0.0,0.0,0.75,,,mean,(9,1.0,
13.0,lowpass,inception,kernel_size-(9_9)_method-mean_iterations-2,0.2647058963775635,0.5588235294117647,12,12,single,12.0,12.0,0.01397012596487246,8,"{0: 35, 1: 20, 2: 32, 3: 19, 4: 15, 5: 34, 6: 24, 7: 25}",1.9257725477218628,0.2427184432744979,0.6809498071670532,0.5555555820465088,0.0485436879098415,2.0296218395233154,0.1323529481887817,0.6120705604553223,0.0,0.0,0.75,,,mean,(9,2.0,
12.0,lowpass,inception,kernel_size-(9_9)_method-mean_iterations-3,0.2753623127937317,0.5441176470588235,13,13,single,11.0,11.0,0.024626542381040673,8,"{0: 34, 1: 24, 2: 31, 3: 29, 4: 19, 5: 22, 6: 24, 7: 21}",1.8140782117843628,0.3349514603614807,0.7291989326477051,0.75,0.058252427726984,1.9787575006484983,0.2058823555707931,0.6591850519180298,0.0,0.0,0.8088235259056091,,,mean,(9,3.0,
10.0,lowpass,inception,kernel_size-(9_9)_method-mean_iterations-5,0.2898550629615783,0.5294117647058824,10,10,single,9.0,9.0,0.0391192925488873,8,"{0: 16, 1: 23, 2: 31, 3: 19, 4: 22, 5: 36, 6: 26, 7: 31}",1.962780833244324,0.2135922312736511,0.666748583316803,0.1000000014901161,0.0048543689772486,2.093745231628418,0.1029411777853965,0.5494933724403381,0.0,0.0,0.7058823704719543,,,mean,(9,5.0,
20.0,lowpass,inception,kernel_size-(9_9)_method-mean_iterations-7,0.2173912972211837,0.5294117647058824,3,3,single,19.0,19.0,-0.03334447319150732,8,"{0: 21, 1: 27, 2: 40, 3: 27, 4: 18, 5: 25, 6: 18, 7: 28}",2.359956741333008,0.1407766938209533,0.5203163027763367,0.1111111119389534,0.0097087379544973,2.0955188274383545,0.1764705926179886,0.5242214798927307,0.0,0.0,0.6911764740943909,,,mean,(9,7.0,
10.0,lowpass,inception,kernel_size-(9_9)_method-median_iterations-1,0.2898550629615783,0.5,9,9,single,9.0,9.0,0.0391192925488873,8,"{0: 29, 1: 26, 2: 37, 3: 28, 4: 11, 5: 15, 6: 40, 7: 18}",2.059483289718628,0.2087378650903701,0.6370517611503601,0.4000000059604645,0.0388349518179893,2.0073673725128174,0.25,0.6038525104522705,0.0,0.0,0.720588207244873,,,median,(9,1.0,
6.0,lowpass,inception,kernel_size-(9_9)_method-median_iterations-2,0.3188405930995941,0.5,14,14,single,5.0,5.0,0.0681048226869031,8,"{0: 28, 1: 31, 2: 26, 3: 26, 4: 16, 5: 15, 6: 42, 7: 20}",1.8677513599395752,0.3252427279949188,0.711878776550293,0.4000000059604645,0.058252427726984,1.961511254310608,0.2205882370471954,0.6479238867759705,0.0,0.0,0.6911764740943909,,,median,(9,2.0,
8.0,lowpass,inception,kernel_size-(9_9)_method-median_iterations-3,0.304347813129425,0.47058823529411764,14,14,single,7.0,7.0,0.053612042716733976,8,"{0: 27, 1: 25, 2: 23, 3: 33, 4: 23, 5: 16, 6: 46, 7: 11}",1.861904978752136,0.2961165010929107,0.7175931930541992,0.4642857015132904,0.0631067976355552,1.996557593345642,0.1764705926179886,0.6255252361297607,0.0,0.0,0.7352941036224365,,,median,(9,3.0,
12.0,lowpass,inception,kernel_size-(9_9)_method-median_iterations-5,0.2753623127937317,0.5147058823529411,11,11,single,11.0,11.0,0.024626542381040673,8,"{0: 36, 1: 33, 2: 8, 3: 31, 4: 21, 5: 42, 6: 11, 7: 22}",2.0311167240142822,0.2427184432744979,0.6516350507736206,0.1818181872367859,0.0194174759089946,2.024850845336914,0.2058823555707931,0.6035127639770508,0.0,0.0,0.720588207244873,,,median,(9,5.0,
9.0,lowpass,inception,kernel_size-(9_9)_method-median_iterations-7,0.294117659330368,0.5294117647058824,13,13,single,8.0,8.0,0.04338188891767697,8,"{0: 25, 1: 30, 2: 21, 3: 28, 4: 24, 5: 30, 6: 26, 7: 20}",1.9641406536102293,0.2669903039932251,0.664996325969696,0.4545454680919647,0.0242718439549207,1.9977693557739256,0.294117659330368,0.6424863934516907,0.0,0.0,0.75,,,median,(9,7.0,
15.0,lowpass,inception,kernel_size-(3_3)_method-gaussian_iterations-2,0.25,0.38235294117647056,12,12,single,14.0,14.0,-0.000735770412691017,8,"{0: 18, 1: 42, 2: 24, 3: 32, 4: 31, 5: 20, 6: 27, 7: 10}",1.970397472381592,0.2330097109079361,0.672325074672699,0.3125,0.0242718439549207,2.034974813461304,0.25,0.5765261650085449,0.0,0.0,0.6911764740943909,,,gaussian,(3,2.0,
13.0,lowpass,inception,kernel_size-(3_3)_method-gaussian_iterations-3,0.2647058963775635,0.5588235294117647,11,11,single,12.0,12.0,0.01397012596487246,8,"{0: 18, 1: 25, 2: 37, 3: 30, 4: 28, 5: 22, 6: 23, 7: 21}",1.847804427146912,0.3543689250946045,0.7162651419639587,0.6000000238418579,0.058252427726984,1.996800422668457,0.2647058963775635,0.6240731477737427,0.0,0.0,0.75,,,gaussian,(3,3.0,
7.0,lowpass,inception,kernel_size-(3_3)_method-gaussian_iterations-5,0.3088235259056091,0.4852941176470588,13,13,single,6.0,6.0,0.05808775549291806,8,"{0: 33, 1: 39, 2: 11, 3: 28, 4: 33, 5: 20, 6: 32, 7: 8}",1.9149773120880127,0.3106796145439148,0.6891553997993469,0.6000000238418579,0.0436893217265605,2.004287004470825,0.3088235259056091,0.6255714893341064,0.0,0.0,0.720588207244873,,,gaussian,(3,5.0,
2.0,lowpass,inception,kernel_size-(3_3)_method-gaussian_iterations-7,0.3529411852359772,0.5147058823529411,13,13,single,1.0,1.0,0.10220541482328616,8,"{0: 33, 1: 18, 2: 22, 3: 28, 4: 15, 5: 45, 6: 25, 7: 18}",1.9457697868347168,0.237864077091217,0.6818115711212158,0.2105263173580169,0.0194174759089946,1.9551200866699217,0.3529411852359772,0.6512141823768616,0.0,0.0,0.7647058963775635,,,gaussian,(3,7.0,
15.0,lowpass,inception,kernel_size-(3_3)_method-mean_iterations-1,0.25,0.5735294117647058,4,4,single,14.0,14.0,-0.000735770412691017,8,"{0: 20, 1: 24, 2: 35, 3: 26, 4: 25, 5: 11, 6: 35, 7: 28}",2.2470388412475586,0.1990291327238083,0.5841855406761169,0.1785714328289032,0.0242718439549207,2.018115520477295,0.25,0.6144803166389465,0.0,0.0,0.75,,,mean,(3,1.0,
10.0,lowpass,inception,kernel_size-(3_3)_method-mean_iterations-2,0.2898550629615783,0.45588235294117646,11,11,single,9.0,9.0,0.0391192925488873,8,"{0: 31, 1: 24, 2: 20, 3: 31, 4: 17, 5: 20, 6: 28, 7: 33}",1.989150881767273,0.2669903039932251,0.6554558873176575,0.5909090638160706,0.0631067976355552,2.0404698848724365,0.1911764740943908,0.5841881036758423,0.0,0.0,0.720588207244873,,,mean,(3,2.0,
15.0,lowpass,inception,kernel_size-(3_3)_method-mean_iterations-3,0.25,0.47058823529411764,13,13,single,14.0,14.0,-0.000735770412691017,8,"{0: 17, 1: 29, 2: 24, 3: 25, 4: 17, 5: 39, 6: 21, 7: 32}",1.8173410892486568,0.3203883469104767,0.7226630449295044,0.5833333134651184,0.0679611638188362,2.0654544830322266,0.1764705926179886,0.5573405623435974,0.0,0.0,0.6764705777168274,,,mean,(3,3.0,
12.0,lowpass,inception,kernel_size-(3_3)_method-mean_iterations-5,0.2753623127937317,0.47058823529411764,13,13,single,11.0,11.0,0.024626542381040673,8,"{0: 28, 1: 34, 2: 15, 3: 27, 4: 31, 5: 29, 6: 20, 7: 20}",1.8696250915527344,0.291262149810791,0.7056457996368408,0.7222222089767456,0.0631067976355552,2.0497748851776123,0.1911764740943908,0.569991946220398,0.0,0.0,0.720588207244873,,,mean,(3,5.0,
12.0,lowpass,inception,kernel_size-(3_3)_method-mean_iterations-7,0.2753623127937317,0.5147058823529411,12,12,single,11.0,11.0,0.024626542381040673,8,"{0: 38, 1: 28, 2: 16, 3: 18, 4: 17, 5: 38, 6: 26, 7: 23}",1.8398805856704712,0.2961165010929107,0.7199766635894775,0.523809552192688,0.0533980578184127,2.015226364135742,0.1911764740943908,0.606586754322052,0.0,0.0,0.75,,,mean,(3,7.0,
7.0,lowpass,inception,kernel_size-(11_11)_method-median_iterations-1,0.3088235259056091,0.47058823529411764,12,12,single,6.0,6.0,0.05808775549291806,8,"{0: 20, 1: 32, 2: 11, 3: 31, 4: 19, 5: 45, 6: 18, 7: 28}",1.982259750366211,0.2330097109079361,0.6698423027992249,0.4482758641242981,0.0631067976355552,1.9992327690124512,0.3088235259056091,0.6166738271713257,0.0,0.0,0.7058823704719543,,,median,(11,1.0,
10.0,lowpass,inception,kernel_size-(11_11)_method-median_iterations-2,0.2898550629615783,0.4264705882352941,12,12,single,9.0,9.0,0.0391192925488873,8,"{0: 19, 1: 16, 2: 24, 3: 38, 4: 17, 5: 33, 6: 35, 7: 22}",1.9793894290924072,0.252427190542221,0.6568277478218079,0.529411792755127,0.0436893217265605,2.0272789001464844,0.2058823555707931,0.5879417657852173,0.0,0.0,0.6323529481887817,,,median,(11,2.0,
8.0,lowpass,inception,kernel_size-(11_11)_method-median_iterations-3,0.304347813129425,0.5147058823529411,12,12,single,7.0,7.0,0.053612042716733976,8,"{0: 19, 1: 25, 2: 36, 3: 27, 4: 12, 5: 30, 6: 41, 7: 14}",1.934391975402832,0.276699036359787,0.674072265625,0.5384615659713745,0.0339805819094181,2.0434274673461914,0.2352941185235977,0.5728188157081604,0.0,0.0,0.7058823704719543,,,median,(11,3.0,
16.0,lowpass,inception,kernel_size-(11_11)_method-median_iterations-5,0.2463768124580383,0.5,15,15,single,15.0,15.0,-0.004358957954652715,8,"{0: 18, 1: 27, 2: 37, 3: 35, 4: 14, 5: 37, 6: 23, 7: 13}",1.9091637134552,0.3155339658260345,0.6887143850326538,0.7333333492279053,0.0533980578184127,2.0400197505950928,0.147058829665184,0.5850222706794739,0.0,0.0,0.7058823704719543,,,median,(11,5.0,
19.0,lowpass,inception,kernel_size-(11_11)_method-median_iterations-7,0.2205882370471954,0.4264705882352941,12,12,single,18.0,18.0,-0.03014753336549561,8,"{0: 10, 1: 21, 2: 33, 3: 34, 4: 16, 5: 46, 6: 20, 7: 24}",1.937111616134644,0.2669903039932251,0.6780765652656555,0.4375,0.0339805819094181,2.063913583755493,0.1911764740943908,0.5726335048675537,0.0,0.0,0.7058823704719543,,,median,(11,7.0,
12.0,lowpass,inception,kernel_size-(15_15)_method-gaussian_iterations-1,0.2753623127937317,0.5147058823529411,13,13,single,11.0,11.0,0.024626542381040673,8,"{0: 28, 1: 22, 2: 32, 3: 24, 4: 24, 5: 26, 6: 16, 7: 32}",1.809083342552185,0.3155339658260345,0.7311766743659973,0.6190476417541504,0.0631067976355552,2.040720701217652,0.2352941185235977,0.5833230018615723,0.0,0.0,0.7058823704719543,,,gaussian,(15,1.0,
18.0,lowpass,inception,kernel_size-(15_15)_method-gaussian_iterations-2,0.2318840622901916,0.5735294117647058,13,13,single,17.0,17.0,-0.018851708122499422,8,"{0: 15, 1: 33, 2: 24, 3: 39, 4: 20, 5: 24, 6: 24, 7: 25}",1.7534784078598022,0.3446601927280426,0.7535111904144287,0.5652173757553101,0.0631067976355552,1.9843889474868772,0.1617647111415863,0.6385936141014099,0.0,0.0,0.7647058963775635,,,gaussian,(15,2.0,
16.0,lowpass,inception,kernel_size-(15_15)_method-gaussian_iterations-3,0.2463768124580383,0.4411764705882353,15,15,single,15.0,15.0,-0.004358957954652715,8,"{0: 22, 1: 23, 2: 29, 3: 24, 4: 17, 5: 38, 6: 21, 7: 30}",1.657225251197815,0.4271844625473022,0.787242591381073,0.6521739363670349,0.0728155374526977,2.030828952789306,0.1323529481887817,0.6020451784133911,0.0,0.0,0.720588207244873,,,gaussian,(15,3.0,
14.0,lowpass,inception,kernel_size-(15_15)_method-gaussian_iterations-5,0.260869562625885,0.5294117647058824,13,13,single,13.0,13.0,0.010133792213193993,8,"{0: 21, 1: 17, 2: 30, 3: 38, 4: 15, 5: 31, 6: 20, 7: 32}",1.883256196975708,0.3058252334594726,0.6964436769485474,0.3846153914928436,0.0242718439549207,2.042644739151001,0.1617647111415863,0.5924215316772461,0.0,0.0,0.779411792755127,,,gaussian,(15,5.0,
14.0,lowpass,inception,kernel_size-(15_15)_method-mean_iterations-1,0.260869562625885,0.5,13,13,single,13.0,13.0,0.010133792213193993,8,"{0: 11, 1: 29, 2: 36, 3: 29, 4: 20, 5: 31, 6: 27, 7: 21}",1.8803839683532717,0.2961165010929107,0.697751522064209,0.5,0.0339805819094181,2.04606556892395,0.1911764740943908,0.5840490460395813,0.0,0.0,0.6764705777168274,,,mean,(15,1.0,
9.0,lowpass,inception,kernel_size-(15_15)_method-mean_iterations-2,0.294117659330368,0.5588235294117647,12,12,single,8.0,8.0,0.04338188891767697,8,"{0: 10, 1: 23, 2: 37, 3: 48, 4: 9, 5: 28, 6: 23, 7: 26}",1.93880295753479,0.2621359229087829,0.6688744425773621,0.6000000238418579,0.029126213863492,2.049365282058716,0.294117659330368,0.5794457197189331,0.0,0.0,0.720588207244873,,,mean,(15,2.0,
11.0,lowpass,inception,kernel_size-(15_15)_method-mean_iterations-3,0.2794117629528045,0.4852941176470588,12,12,single,10.0,10.0,0.028675992540113493,8,"{0: 29, 1: 23, 2: 30, 3: 35, 4: 16, 5: 35, 6: 21, 7: 15}",1.9022071361541748,0.252427190542221,0.6883037090301514,0.5,0.014563106931746,2.031174659729004,0.2794117629528045,0.6122714281082153,0.0,0.0,0.6911764740943909,,,mean,(15,3.0,
7.0,lowpass,inception,kernel_size-(15_15)_method-mean_iterations-5,0.3088235259056091,0.5441176470588235,11,11,single,6.0,6.0,0.05808775549291806,8,"{0: 23, 1: 23, 2: 19, 3: 36, 4: 22, 5: 38, 6: 18, 7: 25}",1.907490611076355,0.291262149810791,0.6815741658210754,0.6000000238418579,0.014563106931746,1.966051459312439,0.3088235259056091,0.6669086813926697,0.0,0.0,0.7647058963775635,,,mean,(15,5.0,
17.0,lowpass,inception,kernel_size-(15_15)_method-mean_iterations-7,0.2352941185235977,0.4852941176470588,10,10,single,16.0,16.0,-0.015441651889093327,8,"{0: 6, 1: 26, 2: 37, 3: 20, 4: 20, 5: 33, 6: 38, 7: 24}",2.010014772415161,0.2281553447246551,0.630283534526825,0.5,0.0194174759089946,2.030149221420288,0.2352941185235977,0.6015971899032593,0.0,0.0,0.75,,,mean,(15,7.0,
16.0,lowpass,inception,kernel_size-(15_15)_method-median_iterations-1,0.2463768124580383,0.4411764705882353,9,9,single,15.0,15.0,-0.004358957954652715,8,"{0: 28, 1: 14, 2: 34, 3: 19, 4: 27, 5: 34, 6: 28, 7: 20}",1.8792212009429927,0.3106796145439148,0.6966187357902527,0.5161290168762207,0.0776699036359787,2.0420050621032715,0.1911764740943908,0.5696830153465271,1.0,0.0147058824077248,0.6470588445663452,,,median,(15,1.0,
11.0,lowpass,inception,kernel_size-(15_15)_method-median_iterations-2,0.2794117629528045,0.4117647058823529,1,1,single,10.0,10.0,0.028675992540113493,8,"{0: 22, 1: 12, 2: 37, 3: 28, 4: 18, 5: 43, 6: 20, 7: 24}",2.925944566726685,0.1747572869062423,0.5522266030311584,0.1894736886024475,0.0873786434531211,2.1652028560638428,0.2794117629528045,0.5500030517578125,1.0,0.0147058824077248,0.6176470518112183,,,median,(15,2.0,
19.0,lowpass,inception,kernel_size-(15_15)_method-median_iterations-3,0.2205882370471954,0.39705882352941174,3,3,single,18.0,18.0,-0.03014753336549561,8,"{0: 22, 1: 28, 2: 39, 3: 34, 4: 20, 5: 34, 6: 11, 7: 16}",2.625413656234741,0.1456310749053955,0.5158810615539551,0.1372549086809158,0.0339805819094181,2.191980361938477,0.147058829665184,0.4917356669902801,0.0,0.0,0.5588235259056091,,,median,(15,3.0,
21.0,lowpass,inception,kernel_size-(15_15)_method-median_iterations-5,0.2058823555707931,0.47058823529411764,13,13,single,20.0,20.0,-0.04485341484189792,8,"{0: 42, 1: 32, 2: 23, 3: 19, 4: 31, 5: 11, 6: 23, 7: 23}",2.0668141841888428,0.2330097109079361,0.6096878051757812,0.6666666865348816,0.0194174759089946,2.0691158771514893,0.2058823555707931,0.5271873474121094,0.0,0.0,0.6764705777168274,,,median,(15,5.0,
21.0,lowpass,inception,kernel_size-(15_15)_method-median_iterations-7,0.2058823555707931,0.4852941176470588,15,15,single,20.0,20.0,-0.04485341484189792,8,"{0: 21, 1: 24, 2: 41, 3: 23, 4: 27, 5: 22, 6: 30, 7: 16}",1.9456205368041992,0.2281553447246551,0.6724143028259277,0.1428571492433548,0.0048543689772486,2.0718648433685303,0.2058823555707931,0.5481339693069458,0.0,0.0,0.6617646813392639,,,median,(15,7.0,
29.0,lowpass,mobilenetv3,kernel_size-(11_11)_method-gaussian_iterations-1,0.147058829665184,0.4411764705882353,1,1,single,17.0,28.0,-0.03616264770934538,5,"{0: 16, 1: 49, 5: 67, 6: 8, 7: 64}",2.283619880676269,0.1067961156368255,0.4864249229431152,0.0,0.0,2.104966878890991,0.147058829665184,0.5102570652961731,0.0,0.0,0.6323529481887817,,,gaussian,(11,1.0,
26.0,lowpass,mobilenetv3,kernel_size-(11_11)_method-gaussian_iterations-2,0.1739130467176437,0.39705882352941174,7,7,single,14.0,25.0,-0.009308430656885663,4,"{0: 2, 1: 66, 3: 68, 5: 68}",2.1479268074035645,0.1359223276376724,0.5265929698944092,0.0,0.0,2.076939344406128,0.1176470592617988,0.5351272821426392,0.0,0.0,0.6470588445663452,,,gaussian,(11,2.0,
23.0,lowpass,mobilenetv3,kernel_size-(11_11)_method-gaussian_iterations-3,0.1911764740943908,0.38235294117647056,13,13,single,11.0,22.0,0.00795499671986144,3,"{0: 68, 1: 68, 3: 68}",2.214087963104248,0.1262135952711105,0.4696736633777618,0.0,0.0,2.0799102783203125,0.1911764740943908,0.5003707408905029,0.0,0.0,0.5882353186607361,,,gaussian,(11,3.0,
27.0,lowpass,mobilenetv3,kernel_size-(11_11)_method-gaussian_iterations-5,0.1617647111415863,0.36764705882352944,10,10,single,15.0,26.0,-0.02145676623294307,4,"{0: 68, 1: 68, 4: 67, 5: 1}",2.145848035812378,0.1699029058218002,0.524379551410675,0.0,0.0,2.0827131271362305,0.1323529481887817,0.4936820268630981,0.0,0.0,0.6176470518112183,,,gaussian,(11,5.0,
23.0,lowpass,mobilenetv3,kernel_size-(11_11)_method-gaussian_iterations-7,0.1911764740943908,0.38235294117647056,15,15,single,11.0,22.0,0.00795499671986144,3,"{1: 68, 5: 68, 6: 68}",2.099170923233032,0.2038834989070892,0.5484409928321838,0.0,0.0,2.0801024436950684,0.1911764740943908,0.5161733627319336,0.0,0.0,0.6470588445663452,,,gaussian,(11,7.0,
26.0,lowpass,mobilenetv3,kernel_size-(11_11)_method-mean_iterations-1,0.1739130467176437,0.36764705882352944,13,13,single,14.0,25.0,-0.009308430656885663,5,"{0: 28, 2: 68, 5: 68, 6: 36, 7: 4}",2.187788963317871,0.1359223276376724,0.4660059809684753,0.0,0.0,2.0788588523864746,0.1323529481887817,0.5065032839775085,0.0,0.0,0.6470588445663452,,,mean,(11,1.0,
30.0,lowpass,mobilenetv3,kernel_size-(11_11)_method-mean_iterations-2,0.1449275314807891,0.38235294117647056,15,15,single,18.0,29.0,-0.03829394589374027,3,"{0: 68, 1: 68, 5: 68}",2.143277645111084,0.1407766938209533,0.514517605304718,0.0,0.0,2.0838143825531006,0.1176470592617988,0.5029195547103882,0.0,0.0,0.6764705777168274,,,mean,(11,2.0,
21.0,lowpass,mobilenetv3,kernel_size-(11_11)_method-mean_iterations-3,0.2058823555707931,0.39705882352941174,9,9,single,9.0,20.0,0.022660878196263723,3,"{1: 68, 2: 68, 5: 68}",2.1611104011535645,0.1359223276376724,0.5012388229370117,0.0,0.0,2.0794527530670166,0.2058823555707931,0.5101180076599121,0.0,0.0,0.6323529481887817,,,mean,(11,3.0,
31.0,lowpass,mobilenetv3,kernel_size-(11_11)_method-mean_iterations-5,0.1323529481887817,0.35294117647058826,5,5,single,19.0,30.0,-0.05086852918574766,4,"{1: 68, 3: 40, 6: 68, 7: 28}",2.2517342567443848,0.1310679614543914,0.485876202583313,0.0,0.0,2.0893754959106445,0.1176470592617988,0.4917665719985962,0.0,0.0,0.6176470518112183,,,mean,(11,5.0,
25.0,lowpass,mobilenetv3,kernel_size-(3_3)_method-median_iterations-2,0.1764705926179886,0.45588235294117646,4,4,single,13.0,24.0,-0.006750884756540787,6,"{2: 36, 3: 34, 4: 37, 5: 1, 6: 68, 7: 28}",2.236409902572632,0.1213592216372489,0.493440568447113,0.0,0.0,2.079484701156616,0.1764705926179886,0.5153083801269531,0.0,0.0,0.6176470518112183,,,median,(3,2.0,
24.0,lowpass,mobilenetv3,kernel_size-(3_3)_method-median_iterations-3,0.1884057968854904,0.39705882352941174,2,2,single,12.0,23.0,0.005184319510961016,4,"{0: 46, 1: 68, 4: 22, 5: 68}",2.198255777359009,0.1456310749053955,0.535268247127533,0.1666666716337204,0.0048543689772486,2.104623556137085,0.1323529481887817,0.4979918003082275,0.0,0.0,0.6176470518112183,,,median,(3,3.0,
23.0,lowpass,mobilenetv3,kernel_size-(3_3)_method-median_iterations-5,0.1911764740943908,0.45588235294117646,15,15,single,11.0,22.0,0.00795499671986144,6,"{0: 18, 2: 1, 3: 19, 5: 68, 6: 55, 7: 43}",2.128211498260498,0.1456310749053955,0.5058407187461853,0.0,0.0,2.0796959400177,0.1029411777853965,0.5141960978507996,0.0,0.0,0.6617646813392639,,,median,(3,5.0,
29.0,lowpass,mobilenetv3,kernel_size-(3_3)_method-median_iterations-7,0.147058829665184,0.36764705882352944,9,9,single,17.0,28.0,-0.03616264770934538,4,"{0: 68, 2: 67, 6: 68, 7: 1}",2.1859729290008545,0.1116504818201065,0.481040358543396,0.0,0.0,2.0967392921447754,0.147058829665184,0.4851859807968139,0.0,0.0,0.6470588445663452,,,median,(3,7.0,
23.0,lowpass,mobilenetv3,kernel_size-(5_5)_method-gaussian_iterations-1,0.1911764740943908,0.39705882352941174,11,11,single,11.0,22.0,0.00795499671986144,4,"{2: 68, 3: 66, 4: 2, 5: 68}",2.2387266159057617,0.0873786434531211,0.4451223909854889,0.0,0.0,2.083242893218994,0.1323529481887817,0.512249767780304,0.0,0.0,0.6617646813392639,,,gaussian,(5,1.0,
28.0,lowpass,mobilenetv3,kernel_size-(5_5)_method-gaussian_iterations-2,0.159420296549797,0.4117647058823529,13,13,single,16.0,27.0,-0.02380118082473237,5,"{0: 68, 1: 13, 2: 50, 3: 68, 6: 5}",2.1391441822052,0.1456310749053955,0.5061167478561401,0.0,0.0,2.0786056518554688,0.1176470592617988,0.5220588445663452,0.0,0.0,0.6764705777168274,,,gaussian,(5,2.0,
24.0,lowpass,mobilenetv3,kernel_size-(5_5)_method-gaussian_iterations-3,0.1884057968854904,0.38235294117647056,7,7,single,12.0,23.0,0.005184319510961016,3,"{2: 68, 3: 68, 6: 68}",2.130331754684448,0.1359223276376724,0.5309962630271912,0.0,0.0,2.087225437164306,0.1176470592617988,0.4937902092933655,0.0,0.0,0.6323529481887817,,,gaussian,(5,3.0,
26.0,lowpass,mobilenetv3,kernel_size-(5_5)_method-gaussian_iterations-5,0.1739130467176437,0.38235294117647056,13,13,single,14.0,25.0,-0.009308430656885663,5,"{0: 67, 1: 54, 2: 68, 3: 9, 5: 6}",2.1470963954925537,0.0873786434531211,0.5011142492294312,0.0,0.0,2.079324722290039,0.1176470592617988,0.5109367370605469,0.0,0.0,0.7058823704719543,,,gaussian,(5,5.0,
27.0,lowpass,mobilenetv3,kernel_size-(5_5)_method-gaussian_iterations-7,0.1617647111415863,0.38235294117647056,13,13,single,15.0,26.0,-0.02145676623294307,3,"{0: 68, 1: 68, 3: 68}",2.1660706996917725,0.1213592216372489,0.4893991351127624,0.0,0.0,2.08302640914917,0.1323529481887817,0.5224604606628418,0.0,0.0,0.6323529481887817,,,gaussian,(5,7.0,
29.0,lowpass,mobilenetv3,kernel_size-(5_5)_method-mean_iterations-1,0.147058829665184,0.38235294117647056,11,11,single,17.0,28.0,-0.03616264770934538,5,"{0: 12, 1: 68, 3: 68, 5: 53, 6: 3}",2.203586339950561,0.1067961156368255,0.4939539134502411,0.0,0.0,2.082263469696045,0.1323529481887817,0.5103497505187988,0.0,0.0,0.6617646813392639,,,mean,(5,1.0,
28.0,lowpass,mobilenetv3,kernel_size-(5_5)_method-mean_iterations-3,0.159420296549797,0.36764705882352944,10,10,single,16.0,27.0,-0.02380118082473237,4,"{0: 9, 1: 68, 2: 59, 6: 68}",2.1947615146636963,0.1407766938209533,0.4926712810993194,0.0,0.0,2.0871710777282715,0.1323529481887817,0.5044333934783936,0.0,0.0,0.6323529481887817,,,mean,(5,3.0,
25.0,lowpass,mobilenetv3,kernel_size-(5_5)_method-mean_iterations-5,0.1764705926179886,0.38235294117647056,5,5,single,13.0,24.0,-0.006750884756540787,3,"{2: 68, 3: 68, 6: 68}",2.232787132263184,0.1262135952711105,0.4885693490505218,0.0,0.0,2.081261157989502,0.1764705926179886,0.5236653089523315,0.0,0.0,0.6323529481887817,,,mean,(5,5.0,
24.0,lowpass,mobilenetv3,kernel_size-(5_5)_method-mean_iterations-7,0.1884057968854904,0.38235294117647056,12,12,single,12.0,23.0,0.005184319510961016,3,"{2: 68, 3: 68, 6: 68}",2.188797235488892,0.1262135952711105,0.4906851649284363,0.0,0.0,2.079397201538086,0.1323529481887817,0.5109521150588989,0.0,0.0,0.6323529481887817,,,mean,(5,7.0,
24.0,lowpass,mobilenetv3,kernel_size-(5_5)_method-median_iterations-1,0.1884057968854904,0.38235294117647056,3,3,single,12.0,23.0,0.005184319510961016,6,"{0: 67, 1: 68, 3: 3, 4: 1, 6: 64, 7: 1}",2.259845733642578,0.0728155374526977,0.4737015962600708,0.0,0.0,2.081522226333618,0.1323529481887817,0.5111066102981567,0.0,0.0,0.6470588445663452,,,median,(5,1.0,
22.0,lowpass,mobilenetv3,kernel_size-(5_5)_method-median_iterations-2,0.2028985470533371,0.38235294117647056,5,5,single,10.0,21.0,0.019677069678807724,5,"{0: 25, 2: 46, 3: 62, 5: 68, 7: 3}",2.187864065170288,0.1067961156368255,0.5061403512954712,0.0,0.0,2.08402681350708,0.1323529481887817,0.5068586468696594,0.0,0.0,0.6617646813392639,,,median,(5,2.0,
23.0,lowpass,mobilenetv3,kernel_size-(5_5)_method-median_iterations-3,0.1911764740943908,0.35294117647058826,10,10,single,11.0,22.0,0.00795499671986144,6,"{0: 22, 1: 26, 3: 68, 5: 32, 6: 55, 7: 1}",2.194347858428955,0.116504855453968,0.4970442652702331,0.0,0.0,2.082151412963867,0.1029411777853965,0.5020854473114014,0.0,0.0,0.6764705777168274,,,median,(5,3.0,
27.0,lowpass,mobilenetv3,kernel_size-(5_5)_method-median_iterations-5,0.1617647111415863,0.4117647058823529,15,15,single,15.0,26.0,-0.02145676623294307,4,"{1: 1, 2: 68, 3: 67, 5: 68}",2.1576857566833496,0.1019417494535446,0.4829895198345184,0.0,0.0,2.078516960144043,0.147058829665184,0.514814019203186,0.0,0.0,0.6470588445663452,,,median,(5,5.0,
19.0,lowpass,mobilenetv3,kernel_size-(5_5)_method-median_iterations-7,0.2205882370471954,0.47058823529411764,7,7,single,7.0,18.0,0.03736675967266603,5,"{0: 53, 1: 42, 2: 40, 3: 68, 5: 1}",2.17272424697876,0.1213592216372489,0.528160035610199,0.0,0.0,2.0763819217681885,0.2205882370471954,0.5253027677536011,0.0,0.0,0.6323529481887817,,,median,(5,7.0,
24.0,lowpass,mobilenetv3,kernel_size-(9_9)_method-gaussian_iterations-1,0.1884057968854904,0.36764705882352944,4,4,single,12.0,23.0,0.005184319510961016,5,"{0: 68, 1: 2, 4: 67, 5: 64, 6: 3}",2.1645545959472656,0.1504854410886764,0.5165055394172668,0.0,0.0,2.0809404850006104,0.0882352963089943,0.4877656698226928,0.0,0.0,0.6323529481887817,,,gaussian,(9,1.0,
23.0,lowpass,mobilenetv3,kernel_size-(9_9)_method-gaussian_iterations-2,0.1911764740943908,0.38235294117647056,4,4,single,11.0,22.0,0.00795499671986144,3,"{0: 68, 2: 68, 3: 68}",2.2267088890075684,0.116504855453968,0.4735719561576843,0.0,0.0,2.0851070880889893,0.1029411777853965,0.5034138560295105,0.0,0.0,0.6323529481887817,,,gaussian,(9,2.0,
29.0,lowpass,mobilenetv3,kernel_size-(11_11)_method-mean_iterations-7,0.147058829665184,0.38235294117647056,3,3,single,17.0,28.0,-0.03616264770934538,3,"{2: 68, 4: 68, 5: 68}",2.2610013484954834,0.0776699036359787,0.4578844904899597,0.0,0.0,2.084944725036621,0.147058829665184,0.4876266717910766,0.0,0.0,0.6176470518112183,,,mean,(11,7.0,
26.0,lowpass,mobilenetv3,kernel_size-(15_15)_method-gaussian_iterations-7,0.1739130467176437,0.35294117647058826,3,3,single,14.0,25.0,-0.009308430656885663,4,"{0: 68, 1: 24, 2: 68, 3: 44}",2.267810821533203,0.1310679614543914,0.4742890298366546,0.0,0.0,2.092627048492432,0.1323529481887817,0.5075692534446716,0.0,0.0,0.6323529481887817,,,gaussian,(15,7.0,
24.0,lowpass,mobilenetv3,kernel_size-(3_3)_method-gaussian_iterations-1,0.1884057968854904,0.36764705882352944,4,4,single,12.0,23.0,0.005184319510961016,3,"{0: 68, 2: 68, 6: 68}",2.212170124053955,0.116504855453968,0.4949671924114227,0.0,0.0,2.083714485168457,0.1176470592617988,0.5130839347839355,0.0,0.0,0.6323529481887817,,,gaussian,(3,1.0,
25.0,lowpass,mobilenetv3,kernel_size-(3_3)_method-median_iterations-1,0.1764705926179886,0.4117647058823529,4,4,single,13.0,24.0,-0.006750884756540787,4,"{0: 68, 3: 16, 5: 68, 7: 52}",2.216609477996826,0.1359223276376724,0.4993402063846588,0.0,0.0,2.081768751144409,0.1764705926179886,0.5115237236022949,0.0,0.0,0.6323529481887817,,,median,(3,1.0,
21.0,lowpass,mobilenetv3,kernel_size-(5_5)_method-mean_iterations-2,0.2058823555707931,0.36764705882352944,2,2,single,9.0,20.0,0.022660878196263723,4,"{0: 68, 4: 68, 5: 65, 6: 3}",2.22893500328064,0.1650485396385193,0.5283687710762024,0.5,0.0048543689772486,2.089487314224243,0.1323529481887817,0.5068740844726562,0.0,0.0,0.6323529481887817,,,mean,(5,2.0,
27.0,lowpass,mobilenetv3,kernel_size-(9_9)_method-gaussian_iterations-3,0.1617647111415863,0.38235294117647056,3,3,single,15.0,26.0,-0.02145676623294307,3,"{0: 68, 3: 68, 5: 68}",2.220137357711792,0.116504855453968,0.4849134087562561,0.0,0.0,2.0996007919311523,0.1176470592617988,0.4946551918983459,0.0,0.0,0.6176470518112183,,,gaussian,(9,3.0,
25.0,lowpass,mobilenetv3,kernel_size-(9_9)_method-gaussian_iterations-5,0.1764705926179886,0.36764705882352944,4,4,single,13.0,24.0,-0.006750884756540787,4,"{0: 1, 2: 68, 4: 67, 6: 68}",2.263976812362671,0.1116504818201065,0.4686132371425628,0.0,0.0,2.079660415649414,0.1764705926179886,0.5089749097824097,0.0,0.0,0.6470588445663452,,,gaussian,(9,5.0,
26.0,lowpass,mobilenetv3,kernel_size-(9_9)_method-gaussian_iterations-7,0.1739130467176437,0.39705882352941174,14,14,single,14.0,25.0,-0.009308430656885663,4,"{1: 68, 2: 10, 3: 68, 6: 58}",2.14762544631958,0.1067961156368255,0.5066924095153809,0.0,0.0,2.0796492099761963,0.1323529481887817,0.5065650939941406,0.0,0.0,0.6323529481887817,,,gaussian,(9,7.0,
28.0,lowpass,mobilenetv3,kernel_size-(9_9)_method-mean_iterations-1,0.159420296549797,0.36764705882352944,6,6,single,16.0,27.0,-0.02380118082473237,3,"{3: 68, 4: 68, 7: 68}",2.199235200881958,0.116504855453968,0.5058037042617798,0.0,0.0,2.0830910205841064,0.1323529481887817,0.5101025700569153,0.0,0.0,0.5882353186607361,,,mean,(9,1.0,
26.0,lowpass,mobilenetv3,kernel_size-(9_9)_method-mean_iterations-2,0.1739130467176437,0.3382352941176471,8,8,single,14.0,25.0,-0.009308430656885663,4,"{0: 68, 1: 15, 6: 68, 7: 53}",2.190357208251953,0.1601941734552383,0.5038074254989624,0.0,0.0,2.084584474563598,0.1176470592617988,0.4911950230598449,0.0,0.0,0.6029411554336548,,,mean,(9,2.0,
21.0,lowpass,mobilenetv3,kernel_size-(9_9)_method-mean_iterations-3,0.2058823555707931,0.38235294117647056,12,12,single,9.0,20.0,0.022660878196263723,3,"{0: 68, 1: 68, 2: 68}",2.139573097229004,0.1213592216372489,0.495490700006485,0.0,0.0,2.0820648670196533,0.1176470592617988,0.5098245143890381,0.0,0.0,0.6470588445663452,,,mean,(9,3.0,
24.0,lowpass,mobilenetv3,kernel_size-(9_9)_method-mean_iterations-5,0.1884057968854904,0.35294117647058826,5,5,single,12.0,23.0,0.005184319510961016,3,"{0: 68, 4: 68, 6: 68}",2.17169451713562,0.1067961156368255,0.5208650231361389,0.0,0.0,2.0861682891845703,0.1176470592617988,0.5111221075057983,0.0,0.0,0.6176470518112183,,,mean,(9,5.0,
27.0,lowpass,mobilenetv3,kernel_size-(9_9)_method-mean_iterations-7,0.1617647111415863,0.38235294117647056,10,10,single,15.0,26.0,-0.02145676623294307,3,"{0: 68, 2: 68, 3: 68}",2.1938564777374268,0.1019417494535446,0.4796366095542907,0.0,0.0,2.082479476928711,0.1617647111415863,0.5067659616470337,0.0,0.0,0.6176470518112183,,,mean,(9,7.0,
27.0,lowpass,mobilenetv3,kernel_size-(9_9)_method-median_iterations-1,0.1617647111415863,0.36764705882352944,4,4,single,15.0,26.0,-0.02145676623294307,4,"{0: 67, 1: 68, 3: 68, 4: 1}",2.2499477863311768,0.1213592216372489,0.5041120648384094,0.0,0.0,2.091203212738037,0.1323529481887817,0.4991349577903747,0.0,0.0,0.6323529481887817,,,median,(9,1.0,
22.0,lowpass,mobilenetv3,kernel_size-(9_9)_method-median_iterations-2,0.2028985470533371,0.38235294117647056,10,10,single,10.0,21.0,0.019677069678807724,5,"{0: 68, 2: 46, 3: 10, 4: 68, 7: 12}",2.1666126251220703,0.097087375819683,0.4855833649635315,0.0,0.0,2.079166412353516,0.1617647111415863,0.5061326026916504,0.0,0.0,0.6029411554336548,,,median,(9,2.0,
22.0,lowpass,mobilenetv3,kernel_size-(9_9)_method-median_iterations-3,0.2028985470533371,0.35294117647058826,15,15,single,10.0,21.0,0.019677069678807724,5,"{0: 68, 1: 1, 2: 25, 4: 43, 6: 67}",2.112057447433472,0.1359223276376724,0.5279025435447693,0.0,0.0,2.084649085998535,0.1029411777853965,0.4963080883026123,0.0,0.0,0.6176470518112183,,,median,(9,3.0,
26.0,lowpass,mobilenetv3,kernel_size-(9_9)_method-median_iterations-5,0.1739130467176437,0.39705882352941174,1,1,single,14.0,25.0,-0.009308430656885663,5,"{0: 19, 1: 22, 3: 29, 4: 68, 6: 66}",2.344613790512085,0.1407766938209533,0.479390799999237,0.0,0.0,2.0913290977478027,0.1323529481887817,0.5208848118782043,0.0,0.0,0.6323529481887817,,,median,(9,5.0,
28.0,lowpass,mobilenetv3,kernel_size-(9_9)_method-median_iterations-7,0.159420296549797,0.39705882352941174,5,5,single,16.0,27.0,-0.02380118082473237,4,"{0: 67, 1: 19, 2: 68, 5: 50}",2.2159535884857178,0.1213592216372489,0.4721968173980713,0.0,0.0,2.085714340209961,0.1323529481887817,0.4994284510612488,0.0,0.0,0.6617646813392639,,,median,(9,7.0,
26.0,lowpass,mobilenetv3,kernel_size-(3_3)_method-gaussian_iterations-2,0.1739130467176437,0.39705882352941174,15,15,single,14.0,25.0,-0.009308430656885663,4,"{0: 43, 1: 68, 3: 68, 6: 25}",2.18029522895813,0.1359223276376724,0.4818836152553558,0.0,0.0,2.0824222564697266,0.1323529481887817,0.5028731822967529,0.0,0.0,0.6176470518112183,,,gaussian,(3,2.0,
21.0,lowpass,mobilenetv3,kernel_size-(3_3)_method-gaussian_iterations-3,0.2058823555707931,0.36764705882352944,6,6,single,9.0,20.0,0.022660878196263723,4,"{1: 68, 2: 68, 6: 56, 7: 12}",2.177607297897339,0.1601941734552383,0.5083723068237305,0.0,0.0,2.080533742904663,0.1323529481887817,0.5103188753128052,0.0,0.0,0.6323529481887817,,,gaussian,(3,3.0,
25.0,lowpass,mobilenetv3,kernel_size-(3_3)_method-gaussian_iterations-5,0.1764705926179886,0.4264705882352941,9,9,single,13.0,24.0,-0.006750884756540787,4,"{0: 68, 1: 32, 2: 36, 6: 68}",2.192360639572144,0.1407766938209533,0.4840213060379028,0.0,0.0,2.0806188583374023,0.1617647111415863,0.5130375623703003,0.0,0.0,0.6176470518112183,,,gaussian,(3,5.0,
25.0,lowpass,mobilenetv3,kernel_size-(3_3)_method-gaussian_iterations-7,0.1764705926179886,0.4117647058823529,1,1,single,13.0,24.0,-0.006750884756540787,5,"{0: 58, 2: 46, 4: 5, 5: 68, 6: 27}",2.2730367183685303,0.1456310749053955,0.5130246877670288,0.3333333432674408,0.0048543689772486,2.113430976867676,0.1764705926179886,0.5100716948509216,0.0,0.0,0.6029411554336548,,,gaussian,(3,7.0,
25.0,lowpass,mobilenetv3,kernel_size-(3_3)_method-mean_iterations-1,0.1764705926179886,0.39705882352941174,8,8,single,13.0,24.0,-0.006750884756540787,5,"{0: 68, 1: 25, 2: 4, 5: 51, 6: 56}",2.2199153900146484,0.1213592216372489,0.5014357566833496,0.0,0.0,2.086647748947144,0.1764705926179886,0.5003244280815125,0.0,0.0,0.6323529481887817,,,mean,(3,1.0,
27.0,lowpass,mobilenetv3,kernel_size-(3_3)_method-mean_iterations-2,0.1617647111415863,0.4264705882352941,12,12,single,15.0,26.0,-0.02145676623294307,4,"{0: 7, 1: 62, 5: 67, 6: 68}",2.11994743347168,0.1456310749053955,0.5205384492874146,0.0,0.0,2.0815725326538086,0.1617647111415863,0.5051748752593994,0.0,0.0,0.6176470518112183,,,mean,(3,2.0,
25.0,lowpass,mobilenetv3,kernel_size-(3_3)_method-mean_iterations-3,0.1764705926179886,0.38235294117647056,15,15,single,13.0,24.0,-0.006750884756540787,3,"{2: 68, 5: 68, 6: 68}",2.101531505584717,0.1553398072719574,0.5444602370262146,0.0,0.0,2.086082696914673,0.1323529481887817,0.4991040527820587,0.0,0.0,0.6176470518112183,,,mean,(3,3.0,
23.0,lowpass,mobilenetv3,kernel_size-(3_3)_method-mean_iterations-5,0.1911764740943908,0.36764705882352944,11,11,single,11.0,22.0,0.00795499671986144,3,"{0: 68, 5: 68, 6: 68}",2.147496461868286,0.1019417494535446,0.5028463006019592,0.0,0.0,2.091081142425537,0.1176470592617988,0.4842900335788727,0.0,0.0,0.6029411554336548,,,mean,(3,5.0,
21.0,lowpass,mobilenetv3,kernel_size-(3_3)_method-mean_iterations-7,0.2058823555707931,0.4117647058823529,4,4,single,9.0,20.0,0.022660878196263723,4,"{0: 68, 2: 52, 6: 68, 7: 16}",2.2416093349456787,0.1116504818201065,0.4614545702934265,0.0,0.0,2.0825424194335938,0.2058823555707931,0.5145977735519409,0.0,0.0,0.6176470518112183,,,mean,(3,7.0,
21.0,lowpass,mobilenetv3,kernel_size-(11_11)_method-median_iterations-1,0.2058823555707931,0.36764705882352944,7,7,single,9.0,20.0,0.022660878196263723,4,"{0: 68, 3: 1, 5: 67, 6: 68}",2.2560200691223145,0.0679611638188362,0.4644540250301361,0.0,0.0,2.081939458847046,0.1029411777853965,0.5050667524337769,0.0,0.0,0.6029411554336548,,,median,(11,1.0,
25.0,lowpass,mobilenetv3,kernel_size-(11_11)_method-median_iterations-2,0.1764705926179886,0.4411764705882353,8,8,single,13.0,24.0,-0.006750884756540787,5,"{0: 27, 2: 29, 3: 68, 4: 12, 5: 68}",2.2457547187805176,0.0679611638188362,0.4528702199459076,0.0,0.0,2.072837352752685,0.1176470592617988,0.5495860576629639,0.0,0.0,0.7058823704719543,,,median,(11,2.0,
28.0,lowpass,mobilenetv3,kernel_size-(11_11)_method-median_iterations-3,0.159420296549797,0.36764705882352944,2,2,single,16.0,27.0,-0.02380118082473237,4,"{0: 68, 2: 19, 5: 49, 6: 68}",2.2614996433258057,0.1359223276376724,0.4993570148944855,0.0,0.0,2.126267671585083,0.1176470592617988,0.5131766200065613,0.0,0.0,0.6470588445663452,,,median,(11,3.0,
25.0,lowpass,mobilenetv3,kernel_size-(11_11)_method-median_iterations-5,0.1764705926179886,0.36764705882352944,3,3,single,13.0,24.0,-0.006750884756540787,5,"{0: 68, 1: 68, 3: 9, 6: 58, 7: 1}",2.154212951660156,0.1359223276376724,0.535150408744812,0.0,0.0,2.088629484176636,0.1176470592617988,0.4904535412788391,0.0,0.0,0.6323529481887817,,,median,(11,5.0,
31.0,lowpass,mobilenetv3,kernel_size-(11_11)_method-median_iterations-7,0.1323529481887817,0.3382352941176471,1,1,single,19.0,30.0,-0.05086852918574766,5,"{0: 62, 1: 4, 2: 68, 6: 2, 7: 68}",2.449149370193481,0.1456310749053955,0.4816580712795257,0.0,0.0,2.201364278793335,0.1176470592617988,0.4802119433879852,0.0,0.0,0.6176470518112183,,,median,(11,7.0,
23.0,lowpass,mobilenetv3,kernel_size-(15_15)_method-gaussian_iterations-1,0.1911764740943908,0.39705882352941174,9,9,single,11.0,22.0,0.00795499671986144,4,"{0: 68, 1: 37, 2: 68, 3: 31}",2.1535191535949707,0.1213592216372489,0.5093317031860352,0.0,0.0,2.0836374759674072,0.1911764740943908,0.5090675950050354,0.0,0.0,0.6323529481887817,,,gaussian,(15,1.0,
27.0,lowpass,mobilenetv3,kernel_size-(15_15)_method-gaussian_iterations-2,0.1617647111415863,0.36764705882352944,4,4,single,15.0,26.0,-0.02145676623294307,3,"{0: 68, 3: 68, 6: 68}",2.223468065261841,0.1213592216372489,0.4810571670532226,0.0,0.0,2.0898003578186035,0.1176470592617988,0.5041090250015259,0.0,0.0,0.6323529481887817,,,gaussian,(15,2.0,
27.0,lowpass,mobilenetv3,kernel_size-(15_15)_method-gaussian_iterations-3,0.1617647111415863,0.38235294117647056,9,9,single,15.0,26.0,-0.02145676623294307,3,"{0: 68, 1: 68, 3: 68}",2.1915645599365234,0.1067961156368255,0.5012876391410828,0.0,0.0,2.080179214477539,0.1323529481887817,0.5183823108673096,0.0,0.0,0.6470588445663452,,,gaussian,(15,3.0,
30.0,lowpass,mobilenetv3,kernel_size-(15_15)_method-gaussian_iterations-5,0.1449275314807891,0.38235294117647056,15,15,single,18.0,29.0,-0.03829394589374027,3,"{2: 68, 4: 68, 5: 68}",2.183718681335449,0.1019417494535446,0.4783539772033691,0.0,0.0,2.0830626487731934,0.1323529481887817,0.4987641870975494,0.0,0.0,0.6176470518112183,,,gaussian,(15,5.0,
22.0,lowpass,mobilenetv3,kernel_size-(15_15)_method-mean_iterations-1,0.2028985470533371,0.36764705882352944,4,4,single,10.0,21.0,0.019677069678807724,3,"{5: 68, 6: 68, 7: 68}",2.235107660293579,0.1262135952711105,0.4802677631378174,0.0,0.0,2.083143949508667,0.1176470592617988,0.4982390105724334,0.0,0.0,0.6176470518112183,,,mean,(15,1.0,
22.0,lowpass,mobilenetv3,kernel_size-(15_15)_method-mean_iterations-2,0.2028985470533371,0.38235294117647056,10,10,single,10.0,21.0,0.019677069678807724,3,"{2: 68, 3: 68, 7: 68}",2.254381895065308,0.0728155374526977,0.4468140006065368,0.0,0.0,2.083730459213257,0.1323529481887817,0.50586998462677,0.0,0.0,0.6323529481887817,,,mean,(15,2.0,
27.0,lowpass,mobilenetv3,kernel_size-(15_15)_method-mean_iterations-3,0.1617647111415863,0.38235294117647056,15,15,single,15.0,26.0,-0.02145676623294307,3,"{0: 68, 3: 68, 5: 68}",2.1514296531677246,0.1456310749053955,0.5022622346878052,0.0,0.0,2.0802597999572754,0.1176470592617988,0.4942072331905365,0.0,0.0,0.6323529481887817,,,mean,(15,3.0,
31.0,lowpass,mobilenetv3,kernel_size-(15_15)_method-mean_iterations-5,0.1323529481887817,0.36764705882352944,1,1,single,19.0,30.0,-0.05086852918574766,3,"{0: 68, 1: 68, 4: 68}",2.4185004234313965,0.1213592216372489,0.4930534064769745,0.1875,0.014563106931746,2.131808996200561,0.1323529481887817,0.5124660730361938,0.0,0.0,0.6470588445663452,,,mean,(15,5.0,
27.0,lowpass,mobilenetv3,kernel_size-(15_15)_method-mean_iterations-7,0.1617647111415863,0.38235294117647056,10,10,single,15.0,26.0,-0.02145676623294307,3,"{0: 68, 1: 68, 3: 68}",2.156850814819336,0.1407766938209533,0.511944055557251,0.0,0.0,2.081613540649414,0.1617647111415863,0.5105041861534119,0.0,0.0,0.6470588445663452,,,mean,(15,7.0,
24.0,lowpass,mobilenetv3,kernel_size-(15_15)_method-median_iterations-1,0.1884057968854904,0.36764705882352944,14,14,single,12.0,23.0,0.005184319510961016,4,"{0: 68, 1: 2, 3: 66, 6: 68}",2.174968719482422,0.0679611638188362,0.4952735900878906,0.0,0.0,2.0883302688598637,0.1176470592617988,0.505143940448761,0.0,0.0,0.6323529481887817,,,median,(15,1.0,
24.0,lowpass,mobilenetv3,kernel_size-(15_15)_method-median_iterations-2,0.1884057968854904,0.3235294117647059,4,4,single,12.0,23.0,0.005184319510961016,5,"{0: 68, 2: 22, 3: 68, 4: 31, 5: 15}",2.1605050563812256,0.1310679614543914,0.5169196128845215,0.0,0.0,2.08854341506958,0.1029411777853965,0.4901754856109619,0.0,0.0,0.6323529481887817,,,median,(15,2.0,
24.0,lowpass,mobilenetv3,kernel_size-(15_15)_method-median_iterations-3,0.1884057968854904,0.4264705882352941,11,11,single,12.0,23.0,0.005184319510961016,6,"{0: 68, 1: 68, 2: 21, 3: 42, 5: 1, 6: 4}",2.182032346725464,0.1019417494535446,0.4722355008125305,0.0,0.0,2.08099102973938,0.1323529481887817,0.5109058022499084,0.0,0.0,0.6323529481887817,,,median,(15,3.0,
19.0,lowpass,mobilenetv3,kernel_size-(15_15)_method-median_iterations-5,0.2205882370471954,0.39705882352941174,13,13,single,7.0,18.0,0.03736675967266603,4,"{1: 67, 2: 68, 3: 68, 6: 1}",2.1698246002197266,0.1504854410886764,0.5024591684341431,0.0,0.0,2.078999757766724,0.2205882370471954,0.5271409749984741,0.0,0.0,0.6470588445663452,,,median,(15,5.0,
23.0,lowpass,mobilenetv3,kernel_size-(15_15)_method-median_iterations-7,0.1911764740943908,0.4411764705882353,6,6,single,11.0,22.0,0.00795499671986144,5,"{0: 27, 2: 26, 3: 61, 5: 68, 6: 22}",2.1632893085479736,0.1456310749053955,0.5197574496269226,0.0,0.0,2.088576078414917,0.1176470592617988,0.5061017274856567,0.0,0.0,0.6029411554336548,,,median,(15,7.0,
10.0,lowpass,nasnet,kernel_size-(11_11)_method-gaussian_iterations-1,0.2898550629615783,0.4264705882352941,11,11,single,5.0,9.0,0.05668680199012635,8,"{0: 21, 1: 22, 2: 28, 3: 38, 4: 9, 5: 44, 6: 26, 7: 16}",1.9891674518585205,0.237864077091217,0.642796516418457,0.0,0.0,2.0773775577545166,0.1617647111415863,0.5622373819351196,0.0,0.0,0.7058823704719543,,,gaussian,(11,1.0,
20.0,lowpass,nasnet,kernel_size-(11_11)_method-gaussian_iterations-2,0.2173912972211837,0.4411764705882353,8,8,single,15.0,19.0,-0.01577696375026827,8,"{0: 31, 1: 15, 2: 29, 3: 31, 4: 25, 5: 28, 6: 28, 7: 17}",2.025553703308105,0.2135922312736511,0.6205276250839233,0.0,0.0,2.100549936294556,0.1323529481887817,0.5223986506462097,0.0,0.0,0.6323529481887817,,,gaussian,(11,2.0,
17.0,lowpass,nasnet,kernel_size-(11_11)_method-gaussian_iterations-3,0.2352941185235977,0.45588235294117646,14,14,single,12.0,16.0,0.002125857552145727,8,"{0: 28, 1: 35, 2: 25, 3: 32, 4: 22, 5: 15, 6: 25, 7: 22}",1.89682412147522,0.3203883469104767,0.6930453181266785,0.4000000059604645,0.0097087379544973,2.0671753883361816,0.2352941185235977,0.5631024241447449,0.0,0.0,0.6764705777168274,,,gaussian,(11,3.0,
19.0,lowpass,nasnet,kernel_size-(11_11)_method-gaussian_iterations-5,0.2205882370471954,0.45588235294117646,7,7,single,14.0,18.0,-0.012580023924256556,8,"{0: 23, 1: 16, 2: 30, 3: 17, 4: 26, 5: 24, 6: 35, 7: 33}",2.0866215229034424,0.1941747516393661,0.5813847184181213,0.0,0.0,2.084552764892578,0.2205882370471954,0.5268474817276001,0.0,0.0,0.6617646813392639,,,gaussian,(11,5.0,
20.0,lowpass,nasnet,kernel_size-(11_11)_method-gaussian_iterations-7,0.2173912972211837,0.36764705882352944,12,12,single,15.0,19.0,-0.01577696375026827,8,"{0: 21, 1: 25, 2: 37, 3: 20, 4: 12, 5: 26, 6: 33, 7: 30}",1.9584962129592896,0.223300963640213,0.6549879908561707,1.0,0.0048543689772486,2.109999895095825,0.1029411777853965,0.4947015345096588,0.0,0.0,0.6764705777168274,,,gaussian,(11,7.0,
13.0,lowpass,nasnet,kernel_size-(11_11)_method-mean_iterations-1,0.2647058963775635,0.5,15,15,single,8.0,12.0,0.031537635406111514,8,"{0: 26, 1: 17, 2: 33, 3: 30, 4: 32, 5: 19, 6: 30, 7: 17}",1.8729262351989744,0.3009708821773529,0.7040703296661377,1.0,0.0097087379544973,2.038562297821045,0.2647058963775635,0.5902125835418701,0.0,0.0,0.6764705777168274,,,mean,(11,1.0,
16.0,lowpass,nasnet,kernel_size-(11_11)_method-mean_iterations-2,0.2463768124580383,0.4411764705882353,4,4,single,11.0,15.0,0.01320855148658634,8,"{0: 32, 1: 25, 2: 29, 3: 34, 4: 9, 5: 27, 6: 34, 7: 14}",2.149824857711792,0.1990291327238083,0.5555626153945923,0.0,0.0,2.08433198928833,0.1323529481887817,0.5234799385070801,0.0,0.0,0.6176470518112183,,,mean,(11,2.0,
15.0,lowpass,nasnet,kernel_size-(11_11)_method-mean_iterations-3,0.25,0.5147058823529411,13,13,single,10.0,14.0,0.016831739028548037,8,"{0: 32, 1: 29, 2: 22, 3: 29, 4: 24, 5: 35, 6: 23, 7: 10}",1.930314779281616,0.276699036359787,0.683026909828186,0.0,0.0,2.015552282333374,0.25,0.6254634261131287,0.0,0.0,0.6911764740943909,,,mean,(11,3.0,
25.0,lowpass,nasnet,kernel_size-(11_11)_method-mean_iterations-5,0.1764705926179886,0.47058823529411764,13,13,single,20.0,24.0,-0.056697668353463376,8,"{0: 25, 1: 20, 2: 24, 3: 27, 4: 11, 5: 24, 6: 31, 7: 42}",1.9675383567810056,0.2572815418243408,0.6507177352905273,0.6666666865348816,0.0097087379544973,2.0764455795288086,0.147058829665184,0.5485973954200745,0.0,0.0,0.6911764740943909,,,mean,(11,5.0,
11.0,lowpass,nasnet,kernel_size-(3_3)_method-median_iterations-2,0.2794117629528045,0.5882352941176471,13,13,single,6.0,10.0,0.04624350198135255,8,"{0: 39, 1: 21, 2: 36, 3: 21, 4: 19, 5: 24, 6: 25, 7: 19}",1.879180908203125,0.2961165010929107,0.6998354196548462,0.7142857313156128,0.0242718439549207,2.0162429809570312,0.1617647111415863,0.617168128490448,0.0,0.0,0.75,,,median,(3,2.0,
13.0,lowpass,nasnet,kernel_size-(3_3)_method-median_iterations-3,0.2647058963775635,0.5147058823529411,5,5,single,8.0,12.0,0.031537635406111514,8,"{0: 56, 1: 28, 2: 27, 3: 17, 4: 18, 5: 21, 6: 17, 7: 20}",2.162665843963623,0.1699029058218002,0.5726118683815002,0.0,0.0,2.0349836349487305,0.2647058963775635,0.5748733282089233,0.0,0.0,0.6764705777168274,,,median,(3,3.0,
9.0,lowpass,nasnet,kernel_size-(3_3)_method-median_iterations-5,0.294117659330368,0.5441176470588235,15,15,single,4.0,8.0,0.060949398358916024,8,"{0: 37, 1: 29, 2: 33, 3: 20, 4: 19, 5: 16, 6: 20, 7: 30}",1.8831353187561035,0.237864077091217,0.7019192576408386,1.0,0.0097087379544973,1.98499858379364,0.294117659330368,0.6349480152130127,0.0,0.0,0.75,,,median,(3,5.0,
17.0,lowpass,nasnet,kernel_size-(3_3)_method-median_iterations-7,0.2352941185235977,0.5882352941176471,11,11,single,12.0,16.0,0.002125857552145727,8,"{0: 38, 1: 25, 2: 26, 3: 29, 4: 15, 5: 19, 6: 25, 7: 27}",1.97908616065979,0.2135922312736511,0.6483410000801086,0.5,0.0048543689772486,2.03769588470459,0.2352941185235977,0.5967621803283691,0.0,0.0,0.7647058963775635,,,median,(3,7.0,
11.0,lowpass,nasnet,kernel_size-(5_5)_method-gaussian_iterations-1,0.2794117629528045,0.45588235294117646,15,15,single,6.0,10.0,0.04624350198135255,8,"{0: 28, 1: 26, 2: 31, 3: 31, 4: 10, 5: 24, 6: 34, 7: 20}",1.9264243841171265,0.2330097109079361,0.6786304116249084,0.0,0.0,2.0748064517974854,0.147058829665184,0.5652341842651367,0.0,0.0,0.7352941036224365,,,gaussian,(5,1.0,
8.0,lowpass,nasnet,kernel_size-(5_5)_method-gaussian_iterations-2,0.304347813129425,0.5294117647058824,15,15,single,3.0,7.0,0.07117955215797303,8,"{0: 28, 1: 23, 2: 26, 3: 28, 4: 21, 5: 20, 6: 28, 7: 30}",1.8513318300247192,0.2815533876419067,0.7140534520149231,0.7777777910232544,0.0339805819094181,2.0419089794158936,0.2352941185235977,0.5945996046066284,0.0,0.0,0.779411792755127,,,gaussian,(5,2.0,
16.0,lowpass,nasnet,kernel_size-(5_5)_method-gaussian_iterations-3,0.2463768124580383,0.4411764705882353,7,7,single,11.0,15.0,0.01320855148658634,8,"{0: 31, 1: 31, 2: 40, 3: 12, 4: 24, 5: 15, 6: 27, 7: 24}",2.009150505065918,0.2427184432744979,0.6273278594017029,0.0,0.0,2.1104116439819336,0.147058829665184,0.508650541305542,0.0,0.0,0.5588235259056091,,,gaussian,(5,3.0,
16.0,lowpass,nasnet,kernel_size-(5_5)_method-gaussian_iterations-5,0.2463768124580383,0.45588235294117646,15,15,single,11.0,15.0,0.01320855148658634,8,"{0: 36, 1: 26, 2: 20, 3: 34, 4: 16, 5: 21, 6: 36, 7: 15}",1.9028574228286743,0.2864077687263489,0.6799314618110657,1.0,0.0194174759089946,2.06394624710083,0.1911764740943908,0.5747034549713135,0.0,0.0,0.6764705777168274,,,gaussian,(5,5.0,
13.0,lowpass,nasnet,kernel_size-(5_5)_method-gaussian_iterations-7,0.2647058963775635,0.5,11,11,single,8.0,12.0,0.031537635406111514,8,"{0: 25, 1: 26, 2: 38, 3: 34, 4: 21, 5: 19, 6: 30, 7: 11}",1.8733114004135127,0.2961165010929107,0.7040198445320129,0.6666666865348816,0.0097087379544973,2.0344901084899902,0.2647058963775635,0.6024468541145325,0.0,0.0,0.7647058963775635,,,gaussian,(5,7.0,
16.0,lowpass,nasnet,kernel_size-(5_5)_method-mean_iterations-1,0.2463768124580383,0.4411764705882353,14,14,single,11.0,15.0,0.01320855148658634,8,"{0: 20, 1: 32, 2: 21, 3: 35, 4: 25, 5: 19, 6: 32, 7: 20}",1.8954819440841677,0.2572815418243408,0.6953613758087158,0.5714285969734192,0.0194174759089946,2.0784459114074707,0.1764705926179886,0.5542356371879578,0.0,0.0,0.6617646813392639,,,mean,(5,1.0,
19.0,lowpass,nasnet,kernel_size-(5_5)_method-mean_iterations-3,0.2205882370471954,0.4852941176470588,15,15,single,14.0,18.0,-0.012580023924256556,8,"{0: 33, 1: 28, 2: 22, 3: 35, 4: 10, 5: 31, 6: 26, 7: 19}",1.8833482265472408,0.2427184432744979,0.7044726610183716,0.3333333432674408,0.014563106931746,2.0503554344177246,0.2058823555707931,0.5833384990692139,0.0,0.0,0.7058823704719543,,,mean,(5,3.0,
11.0,lowpass,nasnet,kernel_size-(5_5)_method-mean_iterations-5,0.2794117629528045,0.5294117647058824,15,15,single,6.0,10.0,0.04624350198135255,8,"{0: 25, 1: 16, 2: 12, 3: 48, 4: 28, 5: 33, 6: 26, 7: 16}",1.8741557598114011,0.3106796145439148,0.7054640054702759,0.3333333432674408,0.0048543689772486,2.076674222946167,0.1764705926179886,0.5707797408103943,0.0,0.0,0.6764705777168274,,,mean,(5,5.0,
14.0,lowpass,nasnet,kernel_size-(5_5)_method-mean_iterations-7,0.260869562625885,0.5147058823529411,8,8,single,9.0,13.0,0.027701301654433047,8,"{0: 17, 1: 33, 2: 23, 3: 27, 4: 17, 5: 32, 6: 35, 7: 20}",2.073260307312012,0.1601941734552383,0.5917953848838806,0.0,0.0,2.087111234664917,0.1029411777853965,0.5351890921592712,0.0,0.0,0.6911764740943909,,,mean,(5,7.0,
18.0,lowpass,nasnet,kernel_size-(5_5)_method-median_iterations-1,0.2318840622901916,0.6029411764705882,11,11,single,13.0,17.0,-0.0012841986812603678,8,"{0: 20, 1: 34, 2: 27, 3: 19, 4: 24, 5: 34, 6: 28, 7: 18}",1.929731845855713,0.252427190542221,0.6798758506774902,0.4000000059604645,0.0097087379544973,2.0518813133239746,0.1911764740943908,0.5861961841583252,0.0,0.0,0.720588207244873,,,median,(5,1.0,
15.0,lowpass,nasnet,kernel_size-(5_5)_method-median_iterations-2,0.25,0.4852941176470588,10,10,single,10.0,14.0,0.016831739028548037,8,"{0: 31, 1: 23, 2: 28, 3: 27, 4: 32, 5: 19, 6: 25, 7: 19}",1.9771466255187988,0.1747572869062423,0.6610845923423767,0.0,0.0,2.030893325805664,0.25,0.596391499042511,0.0,0.0,0.7058823704719543,,,median,(5,2.0,
7.0,lowpass,nasnet,kernel_size-(5_5)_method-median_iterations-3,0.3088235259056091,0.45588235294117646,1,1,single,2.0,6.0,0.07565526493415711,8,"{0: 28, 1: 36, 2: 35, 3: 16, 4: 27, 5: 18, 6: 18, 7: 26}",2.49087905883789,0.1116504818201065,0.4705085456371307,0.0,0.0,2.166711807250977,0.1323529481887817,0.491380363702774,0.0,0.0,0.6470588445663452,,,median,(5,3.0,
13.0,lowpass,nasnet,kernel_size-(5_5)_method-median_iterations-5,0.2647058963775635,0.5294117647058824,15,15,single,8.0,12.0,0.031537635406111514,8,"{0: 29, 1: 27, 2: 28, 3: 19, 4: 23, 5: 32, 6: 28, 7: 18}",1.91387939453125,0.252427190542221,0.6861408352851868,1.0,0.014563106931746,2.0403685569763184,0.2352941185235977,0.5869840383529663,0.0,0.0,0.6911764740943909,,,median,(5,5.0,
19.0,lowpass,nasnet,kernel_size-(5_5)_method-median_iterations-7,0.2205882370471954,0.4411764705882353,9,9,single,14.0,18.0,-0.012580023924256556,8,"{0: 24, 1: 23, 2: 29, 3: 30, 4: 17, 5: 39, 6: 21, 7: 21}",1.9734033346176147,0.2427184432744979,0.6587079167366028,0.0,0.0,2.0141377449035645,0.2205882370471954,0.6087648272514343,0.0,0.0,0.6764705777168274,,,median,(5,7.0,
11.0,lowpass,nasnet,kernel_size-(9_9)_method-gaussian_iterations-1,0.2794117629528045,0.4411764705882353,2,2,single,6.0,10.0,0.04624350198135255,8,"{0: 32, 1: 25, 2: 21, 3: 30, 4: 13, 5: 33, 6: 43, 7: 7}",2.349219799041748,0.1553398072719574,0.5023313164710999,0.25,0.0097087379544973,2.055515766143799,0.147058829665184,0.5565063953399658,0.0,0.0,0.6911764740943909,,,gaussian,(9,1.0,
19.0,lowpass,nasnet,kernel_size-(9_9)_method-gaussian_iterations-2,0.2205882370471954,0.5588235294117647,3,3,single,14.0,18.0,-0.012580023924256556,8,"{0: 25, 1: 15, 2: 39, 3: 35, 4: 16, 5: 32, 6: 27, 7: 15}",2.228865623474121,0.1213592216372489,0.5352783203125,0.2000000029802322,0.0048543689772486,2.1262905597686768,0.0882352963089943,0.4843827188014984,0.0,0.0,0.6617646813392639,,,gaussian,(9,2.0,
14.0,lowpass,nasnet,kernel_size-(11_11)_method-mean_iterations-7,0.260869562625885,0.47058823529411764,11,11,single,9.0,13.0,0.027701301654433047,8,"{0: 42, 1: 21, 2: 13, 3: 44, 4: 26, 5: 16, 6: 24, 7: 18}",2.010113000869751,0.1990291327238083,0.6238065361976624,0.0,0.0,2.047107458114624,0.2058823555707931,0.5850995182991028,0.0,0.0,0.7058823704719543,,,mean,(11,7.0,
15.0,lowpass,nasnet,kernel_size-(15_15)_method-gaussian_iterations-7,0.25,0.5294117647058824,12,12,single,10.0,14.0,0.016831739028548037,8,"{0: 40, 1: 25, 2: 15, 3: 19, 4: 16, 5: 36, 6: 21, 7: 32}",2.02319860458374,0.1844660192728042,0.6109974384307861,1.0,0.0048543689772486,2.031603574752808,0.25,0.6048875451087952,0.0,0.0,0.720588207244873,,,gaussian,(15,7.0,
12.0,lowpass,nasnet,kernel_size-(3_3)_method-gaussian_iterations-1,0.2753623127937317,0.45588235294117646,12,12,single,7.0,11.0,0.04219405182227973,8,"{0: 26, 1: 25, 2: 18, 3: 23, 4: 15, 5: 44, 6: 29, 7: 24}",1.9366841316223145,0.2427184432744979,0.6700223684310913,0.3333333432674408,0.0048543689772486,2.085180282592773,0.1176470592617988,0.540054976940155,0.0,0.0,0.6470588445663452,,,gaussian,(3,1.0,
18.0,lowpass,nasnet,kernel_size-(3_3)_method-median_iterations-1,0.2318840622901916,0.47058823529411764,12,12,single,13.0,17.0,-0.0012841986812603678,8,"{0: 22, 1: 15, 2: 31, 3: 37, 4: 27, 5: 25, 6: 27, 7: 20}",1.913886785507202,0.291262149810791,0.686125636100769,0.75,0.014563106931746,2.0597074031829834,0.1617647111415863,0.5803108215332031,0.0,0.0,0.7941176295280457,,,median,(3,1.0,
11.0,lowpass,nasnet,kernel_size-(5_5)_method-mean_iterations-2,0.2794117629528045,0.4411764705882353,15,15,single,6.0,10.0,0.04624350198135255,8,"{0: 23, 1: 28, 2: 23, 3: 25, 4: 13, 5: 43, 6: 42, 7: 7}",1.8017330169677732,0.291262149810791,0.7428648471832275,0.5,0.014563106931746,2.038668155670166,0.2794117629528045,0.5895019769668579,0.0,0.0,0.6764705777168274,,,mean,(5,2.0,
18.0,lowpass,nasnet,kernel_size-(9_9)_method-gaussian_iterations-3,0.2318840622901916,0.4411764705882353,5,5,single,13.0,17.0,-0.0012841986812603678,8,"{0: 21, 1: 22, 2: 26, 3: 35, 4: 24, 5: 34, 6: 31, 7: 11}",2.195502519607544,0.1213592216372489,0.5307101011276245,0.6666666865348816,0.0097087379544973,2.100155830383301,0.0882352963089943,0.5133155584335327,0.0,0.0,0.5882353186607361,,,gaussian,(9,3.0,
12.0,lowpass,nasnet,kernel_size-(9_9)_method-gaussian_iterations-5,0.2753623127937317,0.45588235294117646,3,3,single,7.0,11.0,0.04219405182227973,8,"{0: 28, 1: 18, 2: 41, 3: 32, 4: 15, 5: 16, 6: 31, 7: 23}",2.207979917526245,0.116504855453968,0.5425429940223694,0.3333333432674408,0.0048543689772486,2.0852067470550537,0.1029411777853965,0.5206531286239624,0.0,0.0,0.6176470518112183,,,gaussian,(9,5.0,
15.0,lowpass,nasnet,kernel_size-(9_9)_method-gaussian_iterations-7,0.25,0.5,7,7,single,10.0,14.0,0.016831739028548037,8,"{0: 24, 1: 20, 2: 20, 3: 34, 4: 30, 5: 21, 6: 37, 7: 18}",2.0634984970092773,0.1990291327238083,0.5915715098381042,0.0,0.0,2.0198681354522705,0.25,0.6241967082023621,0.0,0.0,0.6911764740943909,,,gaussian,(9,7.0,
9.0,lowpass,nasnet,kernel_size-(9_9)_method-mean_iterations-1,0.294117659330368,0.5,11,11,single,4.0,8.0,0.060949398358916024,8,"{0: 36, 1: 15, 2: 18, 3: 41, 4: 20, 5: 29, 6: 28, 7: 17}",1.971729516983032,0.252427190542221,0.6515307426452637,0.5,0.0048543689772486,2.058032989501953,0.1617647111415863,0.5762172341346741,0.0,0.0,0.6470588445663452,,,mean,(9,1.0,
12.0,lowpass,nasnet,kernel_size-(9_9)_method-mean_iterations-2,0.2753623127937317,0.5147058823529411,6,6,single,7.0,11.0,0.04219405182227973,8,"{0: 29, 1: 29, 2: 28, 3: 20, 4: 17, 5: 35, 6: 27, 7: 19}",2.1218271255493164,0.1747572869062423,0.5660995244979858,0.0,0.0,2.066503524780273,0.1029411777853965,0.5761091113090515,0.0,0.0,0.75,,,mean,(9,2.0,
7.0,lowpass,nasnet,kernel_size-(9_9)_method-mean_iterations-3,0.3088235259056091,0.5735294117647058,15,15,single,2.0,6.0,0.07565526493415711,8,"{0: 25, 1: 23, 2: 17, 3: 35, 4: 24, 5: 34, 6: 31, 7: 15}",1.907357931137085,0.276699036359787,0.6861390471458435,0.6666666865348816,0.0097087379544973,1.9752713441848757,0.3088235259056091,0.6563889980316162,0.0,0.0,0.779411792755127,,,mean,(9,3.0,
10.0,lowpass,nasnet,kernel_size-(9_9)_method-mean_iterations-5,0.2898550629615783,0.45588235294117646,3,3,single,5.0,9.0,0.05668680199012635,8,"{0: 17, 1: 40, 2: 32, 3: 25, 4: 21, 5: 11, 6: 31, 7: 27}",2.224086046218872,0.1747572869062423,0.5157312154769897,0.3333333432674408,0.0048543689772486,2.0611019134521484,0.1764705926179886,0.571876585483551,0.0,0.0,0.6764705777168274,,,mean,(9,5.0,
15.0,lowpass,nasnet,kernel_size-(9_9)_method-mean_iterations-7,0.25,0.5735294117647058,12,12,single,10.0,14.0,0.016831739028548037,8,"{0: 22, 1: 34, 2: 33, 3: 33, 4: 21, 5: 21, 6: 28, 7: 12}",2.0285990238189697,0.1747572869062423,0.6076125502586365,0.0,0.0,2.0385985374450684,0.25,0.5959126353263855,0.0,0.0,0.720588207244873,,,mean,(9,7.0,
15.0,lowpass,nasnet,kernel_size-(9_9)_method-median_iterations-1,0.25,0.5,15,15,single,10.0,14.0,0.016831739028548037,8,"{0: 23, 1: 19, 2: 31, 3: 26, 4: 26, 5: 23, 6: 36, 7: 20}",1.8855539560317995,0.291262149810791,0.6895408630371094,0.6666666865348816,0.0194174759089946,2.002136468887329,0.25,0.6218178272247314,0.0,0.0,0.720588207244873,,,median,(9,1.0,
21.0,lowpass,nasnet,kernel_size-(9_9)_method-median_iterations-2,0.2058823555707931,0.4852941176470588,14,14,single,16.0,20.0,-0.027285905400658866,8,"{0: 35, 1: 39, 2: 28, 3: 17, 4: 19, 5: 15, 6: 33, 7: 18}",1.8834959268569944,0.3009708821773529,0.6915135979652405,1.0,0.0097087379544973,2.0696475505828857,0.2058823555707931,0.5627626180648804,0.0,0.0,0.6470588445663452,,,median,(9,2.0,
17.0,lowpass,nasnet,kernel_size-(9_9)_method-median_iterations-3,0.2352941185235977,0.4852941176470588,15,15,single,12.0,16.0,0.002125857552145727,8,"{0: 15, 1: 39, 2: 30, 3: 27, 4: 17, 5: 31, 6: 28, 7: 17}",1.90926992893219,0.2669903039932251,0.6852639317512512,0.25,0.0048543689772486,2.032442569732666,0.2352941185235977,0.5879108905792236,0.0,0.0,0.6176470518112183,,,median,(9,3.0,
10.0,lowpass,nasnet,kernel_size-(9_9)_method-median_iterations-5,0.2898550629615783,0.38235294117647056,15,15,single,5.0,9.0,0.05668680199012635,8,"{0: 36, 1: 25, 2: 20, 3: 33, 4: 11, 5: 17, 6: 41, 7: 21}",1.9046014547348025,0.2572815418243408,0.6890712380409241,1.0,0.0048543689772486,2.08932900428772,0.1176470592617988,0.5402557849884033,0.0,0.0,0.6911764740943909,,,median,(9,5.0,
17.0,lowpass,nasnet,kernel_size-(9_9)_method-median_iterations-7,0.2352941185235977,0.5588235294117647,9,9,single,12.0,16.0,0.002125857552145727,8,"{0: 21, 1: 28, 2: 30, 3: 33, 4: 16, 5: 22, 6: 36, 7: 18}",2.073049306869507,0.1893203854560852,0.589044988155365,0.0,0.0,2.042941093444824,0.147058829665184,0.588837742805481,0.0,0.0,0.7352941036224365,,,median,(9,7.0,
10.0,lowpass,nasnet,kernel_size-(3_3)_method-gaussian_iterations-2,0.2898550629615783,0.5588235294117647,14,14,single,5.0,9.0,0.05668680199012635,8,"{0: 30, 1: 24, 2: 15, 3: 24, 4: 23, 5: 23, 6: 38, 7: 27}",1.889289140701294,0.276699036359787,0.6992530226707458,1.0,0.0097087379544973,2.0467820167541504,0.25,0.5920044779777527,0.0,0.0,0.720588207244873,,,gaussian,(3,2.0,
12.0,lowpass,nasnet,kernel_size-(3_3)_method-gaussian_iterations-3,0.2753623127937317,0.5147058823529411,13,13,single,7.0,11.0,0.04219405182227973,8,"{0: 40, 1: 36, 2: 26, 3: 23, 4: 14, 5: 34, 6: 14, 7: 17}",1.8993675708770752,0.2718446552753448,0.6846191883087158,0.6666666865348816,0.0097087379544973,2.0013327598571777,0.2352941185235977,0.6312098503112793,0.0,0.0,0.779411792755127,,,gaussian,(3,3.0,
15.0,lowpass,nasnet,kernel_size-(3_3)_method-gaussian_iterations-5,0.25,0.4852941176470588,13,13,single,10.0,14.0,0.016831739028548037,8,"{0: 39, 1: 26, 2: 36, 3: 34, 4: 15, 5: 16, 6: 22, 7: 16}",1.9582756757736208,0.2330097109079361,0.6530405282974243,0.5,0.0194174759089946,2.010329484939575,0.25,0.6357976794242859,0.0,0.0,0.779411792755127,,,gaussian,(3,5.0,
10.0,lowpass,nasnet,kernel_size-(3_3)_method-gaussian_iterations-7,0.2898550629615783,0.4264705882352941,5,5,single,5.0,9.0,0.05668680199012635,8,"{0: 32, 1: 20, 2: 25, 3: 35, 4: 22, 5: 28, 6: 28, 7: 14}",2.1970176696777344,0.1699029058218002,0.553840696811676,0.0,0.0,2.067202091217041,0.1176470592617988,0.5639984011650085,0.0,0.0,0.75,,,gaussian,(3,7.0,
10.0,lowpass,nasnet,kernel_size-(3_3)_method-mean_iterations-1,0.2898550629615783,0.5588235294117647,14,14,single,5.0,9.0,0.05668680199012635,8,"{0: 38, 1: 17, 2: 26, 3: 38, 4: 14, 5: 18, 6: 29, 7: 24}",1.9115079641342163,0.3155339658260345,0.6815001964569092,0.3333333432674408,0.0048543689772486,2.007857084274292,0.1911764740943908,0.6207983493804932,0.0,0.0,0.7352941036224365,,,mean,(3,1.0,
13.0,lowpass,nasnet,kernel_size-(3_3)_method-mean_iterations-2,0.2647058963775635,0.5,13,13,single,8.0,12.0,0.031537635406111514,8,"{0: 28, 1: 30, 2: 26, 3: 38, 4: 10, 5: 20, 6: 27, 7: 25}",1.934887170791626,0.2475728094577789,0.6720473170280457,0.5,0.014563106931746,2.016611099243164,0.2647058963775635,0.6125184893608093,0.0,0.0,0.6911764740943909,,,mean,(3,2.0,
12.0,lowpass,nasnet,kernel_size-(3_3)_method-mean_iterations-3,0.2753623127937317,0.45588235294117646,10,10,single,7.0,11.0,0.04219405182227973,8,"{0: 38, 1: 30, 2: 21, 3: 29, 4: 18, 5: 35, 6: 21, 7: 12}",1.997382640838623,0.218446597456932,0.6328049898147583,0.0,0.0,2.0451500415802,0.2058823555707931,0.5965613722801208,0.0,0.0,0.720588207244873,,,mean,(3,3.0,
12.0,lowpass,nasnet,kernel_size-(3_3)_method-mean_iterations-5,0.2753623127937317,0.5588235294117647,14,14,single,7.0,11.0,0.04219405182227973,8,"{0: 19, 1: 25, 2: 29, 3: 37, 4: 19, 5: 30, 6: 28, 7: 17}",1.8772929906845093,0.3252427279949188,0.6965160369873047,0.5,0.0097087379544973,2.052431344985962,0.1764705926179886,0.5972256660461426,0.0,0.0,0.779411792755127,,,mean,(3,5.0,
20.0,lowpass,nasnet,kernel_size-(3_3)_method-mean_iterations-7,0.2173912972211837,0.4117647058823529,15,15,single,15.0,19.0,-0.01577696375026827,8,"{0: 28, 1: 27, 2: 42, 3: 34, 4: 12, 5: 28, 6: 22, 7: 11}",1.8969295024871824,0.2427184432744979,0.6958984136581421,0.25,0.0048543689772486,2.083939790725708,0.1323529481887817,0.5477014183998108,0.0,0.0,0.6911764740943909,,,mean,(3,7.0,
14.0,lowpass,nasnet,kernel_size-(11_11)_method-median_iterations-1,0.260869562625885,0.47058823529411764,15,15,single,9.0,13.0,0.027701301654433047,8,"{0: 39, 1: 36, 2: 17, 3: 33, 4: 15, 5: 39, 6: 18, 7: 7}",1.9351006746292116,0.2475728094577789,0.665839672088623,1.0,0.0048543689772486,2.0799171924591064,0.1764705926179886,0.5433298945426941,0.0,0.0,0.6911764740943909,,,median,(11,1.0,
17.0,lowpass,nasnet,kernel_size-(11_11)_method-median_iterations-2,0.2352941185235977,0.45588235294117646,13,13,single,12.0,16.0,0.002125857552145727,8,"{0: 21, 1: 32, 2: 16, 3: 29, 4: 19, 5: 23, 6: 39, 7: 25}",1.8538435697555544,0.3009708821773529,0.714775562286377,0.5,0.0048543689772486,2.063711881637573,0.2352941185235977,0.5582056045532227,0.0,0.0,0.6176470518112183,,,median,(11,2.0,
22.0,lowpass,nasnet,kernel_size-(11_11)_method-median_iterations-3,0.2028985470533371,0.36764705882352944,12,12,single,17.0,21.0,-0.030269713918114866,8,"{0: 30, 1: 18, 2: 22, 3: 32, 4: 18, 5: 26, 6: 42, 7: 16}",1.94904899597168,0.2621359229087829,0.6643718481063843,0.0,0.0,2.0952625274658203,0.1029411777853965,0.5339378118515015,0.0,0.0,0.6764705777168274,,,median,(11,3.0,
15.0,lowpass,nasnet,kernel_size-(11_11)_method-median_iterations-5,0.25,0.4264705882352941,7,7,single,10.0,14.0,0.016831739028548037,8,"{0: 32, 1: 29, 2: 38, 3: 7, 4: 16, 5: 36, 6: 35, 7: 11}",2.133457660675049,0.1941747516393661,0.5631606578826904,0.0,0.0,2.080629348754883,0.1911764740943908,0.5124505758285522,0.0,0.0,0.6029411554336548,,,median,(11,5.0,
22.0,lowpass,nasnet,kernel_size-(11_11)_method-median_iterations-7,0.2028985470533371,0.45588235294117646,1,1,single,17.0,21.0,-0.030269713918114866,8,"{0: 28, 1: 26, 2: 26, 3: 34, 4: 15, 5: 34, 6: 17, 7: 24}",2.6027307510375977,0.1116504818201065,0.4586755633354187,0.0869565233588218,0.0097087379544973,2.1725285053253174,0.147058829665184,0.4513871669769287,0.0,0.0,0.529411792755127,,,median,(11,7.0,
12.0,lowpass,nasnet,kernel_size-(15_15)_method-gaussian_iterations-1,0.2753623127937317,0.47058823529411764,13,13,single,7.0,11.0,0.04219405182227973,8,"{0: 22, 1: 38, 2: 42, 3: 34, 4: 19, 5: 18, 6: 20, 7: 11}",1.932773470878601,0.2864077687263489,0.6750181913375854,1.0,0.0048543689772486,2.095508813858032,0.1764705926179886,0.5383249521255493,0.0,0.0,0.6617646813392639,,,gaussian,(15,1.0,
18.0,lowpass,nasnet,kernel_size-(15_15)_method-gaussian_iterations-2,0.2318840622901916,0.4264705882352941,15,15,single,13.0,17.0,-0.0012841986812603678,8,"{0: 18, 1: 27, 2: 31, 3: 29, 4: 34, 5: 19, 6: 31, 7: 15}",1.9349671602249143,0.2718446552753448,0.6622274518013,0.5,0.0048543689772486,2.0356786251068115,0.147058829665184,0.5798010230064392,0.0,0.0,0.6911764740943909,,,gaussian,(15,2.0,
17.0,lowpass,nasnet,kernel_size-(15_15)_method-gaussian_iterations-3,0.2352941185235977,0.4264705882352941,5,5,single,12.0,16.0,0.002125857552145727,8,"{0: 17, 1: 28, 2: 28, 3: 34, 4: 25, 5: 28, 6: 27, 7: 17}",2.104626417160034,0.1844660192728042,0.5747899413108826,1.0,0.0048543689772486,2.0800023078918457,0.2352941185235977,0.5350655317306519,0.0,0.0,0.6323529481887817,,,gaussian,(15,3.0,
16.0,lowpass,nasnet,kernel_size-(15_15)_method-gaussian_iterations-5,0.2463768124580383,0.39705882352941174,10,10,single,11.0,15.0,0.01320855148658634,8,"{0: 18, 1: 17, 2: 41, 3: 18, 4: 16, 5: 22, 6: 29, 7: 43}",1.9535046815872192,0.2330097109079361,0.6592481732368469,0.0,0.0,2.076450824737549,0.1617647111415863,0.522738516330719,0.0,0.0,0.6617646813392639,,,gaussian,(15,5.0,
19.0,lowpass,nasnet,kernel_size-(15_15)_method-mean_iterations-1,0.2205882370471954,0.4852941176470588,15,15,single,14.0,18.0,-0.012580023924256556,8,"{0: 26, 1: 19, 2: 29, 3: 18, 4: 36, 5: 22, 6: 27, 7: 27}",1.929839015007019,0.2475728094577789,0.6758227348327637,1.0,0.0048543689772486,2.0537354946136475,0.2205882370471954,0.5709960460662842,0.0,0.0,0.7352941036224365,,,mean,(15,1.0,
17.0,lowpass,nasnet,kernel_size-(15_15)_method-mean_iterations-2,0.2352941185235977,0.4117647058823529,10,10,single,12.0,16.0,0.002125857552145727,8,"{0: 27, 1: 23, 2: 20, 3: 19, 4: 31, 5: 23, 6: 38, 7: 23}",2.020220994949341,0.2087378650903701,0.6096273064613342,0.0,0.0,2.076823234558105,0.1764705926179886,0.537259042263031,0.0,0.0,0.6176470518112183,,,mean,(15,2.0,
11.0,lowpass,nasnet,kernel_size-(15_15)_method-mean_iterations-3,0.2794117629528045,0.5441176470588235,13,13,single,6.0,10.0,0.04624350198135255,8,"{0: 33, 1: 30, 2: 20, 3: 26, 4: 19, 5: 29, 6: 24, 7: 23}",1.973584532737732,0.2087378650903701,0.6372100114822388,0.0,0.0,2.0152511596679688,0.2794117629528045,0.6152063608169556,0.0,0.0,0.7352941036224365,,,mean,(15,3.0,
17.0,lowpass,nasnet,kernel_size-(15_15)_method-mean_iterations-5,0.2352941185235977,0.4411764705882353,8,8,single,12.0,16.0,0.002125857552145727,8,"{0: 50, 1: 35, 2: 38, 3: 38, 4: 17, 5: 3, 6: 19, 7: 4}",2.071589469909668,0.1553398072719574,0.5736891031265259,0.0,0.0,2.048356294631958,0.2352941185235977,0.578503429889679,0.0,0.0,0.6911764740943909,,,mean,(15,5.0,
26.0,lowpass,nasnet,kernel_size-(15_15)_method-mean_iterations-7,0.1739130467176437,0.4852941176470588,2,2,single,21.0,25.0,-0.05925521425380825,8,"{0: 27, 1: 12, 2: 24, 3: 62, 4: 10, 5: 21, 6: 22, 7: 26}",2.148503303527832,0.1504854410886764,0.5499441027641296,0.3333333432674408,0.0048543689772486,2.082326412200928,0.1176470592617988,0.5192010998725891,0.0,0.0,0.6176470518112183,,,mean,(15,7.0,
19.0,lowpass,nasnet,kernel_size-(15_15)_method-median_iterations-1,0.2205882370471954,0.4411764705882353,4,4,single,14.0,18.0,-0.012580023924256556,8,"{0: 22, 1: 30, 2: 36, 3: 26, 4: 15, 5: 25, 6: 41, 7: 9}",2.199195146560669,0.1504854410886764,0.5503093600273132,0.3333333432674408,0.014563106931746,2.079728603363037,0.2205882370471954,0.5535869002342224,0.0,0.0,0.6617646813392639,,,median,(15,1.0,
15.0,lowpass,nasnet,kernel_size-(15_15)_method-median_iterations-2,0.25,0.4117647058823529,15,15,single,10.0,14.0,0.016831739028548037,8,"{0: 27, 1: 16, 2: 24, 3: 40, 4: 21, 5: 29, 6: 28, 7: 19}",1.9544001817703247,0.1844660192728042,0.660214364528656,0.5,0.0097087379544973,2.067790508270264,0.1029411777853965,0.553710401058197,0.0,0.0,0.7352941036224365,,,median,(15,2.0,
17.0,lowpass,nasnet,kernel_size-(15_15)_method-median_iterations-3,0.2352941185235977,0.47058823529411764,3,3,single,12.0,16.0,0.002125857552145727,8,"{0: 14, 1: 31, 2: 43, 3: 19, 4: 19, 5: 23, 6: 34, 7: 21}",2.370720624923706,0.1019417494535446,0.5019710659980774,0.0769230797886848,0.0048543689772486,2.088514804840088,0.2352941185235977,0.5271874070167542,0.0,0.0,0.6470588445663452,,,median,(15,3.0,
21.0,lowpass,nasnet,kernel_size-(15_15)_method-median_iterations-5,0.2058823555707931,0.5147058823529411,15,15,single,16.0,20.0,-0.027285905400658866,8,"{0: 38, 1: 25, 2: 25, 3: 26, 4: 11, 5: 40, 6: 15, 7: 24}",1.9612352848052976,0.1941747516393661,0.6550940275192261,0.0,0.0,2.05489182472229,0.2058823555707931,0.5822880268096924,0.0,0.0,0.7352941036224365,,,median,(15,5.0,
25.0,lowpass,nasnet,kernel_size-(15_15)_method-median_iterations-7,0.1764705926179886,0.45588235294117646,11,11,single,20.0,24.0,-0.056697668353463376,8,"{0: 22, 1: 33, 2: 24, 3: 25, 4: 19, 5: 20, 6: 42, 7: 19}",2.1036739349365234,0.1601941734552383,0.5718056559562683,0.0,0.0,2.0871548652648926,0.1764705926179886,0.5353280901908875,0.0,0.0,0.6470588445663452,,,median,(15,7.0,
29.0,lowpass,resnet,kernel_size-(11_11)_method-gaussian_iterations-1,0.147058829665184,0.38235294117647056,3,3,single,16.0,28.0,-0.02734475107420059,3,"{0: 68, 1: 68, 3: 68}",2.622967481613159,0.1359223276376724,0.4950968027114868,0.1136363670229911,0.0242718439549207,2.0977325439453125,0.1323529481887817,0.509469211101532,0.0,0.0,0.6323529481887817,,,gaussian,(11,1.0,
26.0,lowpass,resnet,kernel_size-(11_11)_method-gaussian_iterations-2,0.1739130467176437,0.36764705882352944,11,11,single,13.0,25.0,-0.0004905340217408738,4,"{3: 68, 5: 6, 6: 62, 7: 68}",2.349320411682129,0.1407766938209533,0.4969197511672973,0.0,0.0,2.1011064052581787,0.1323529481887817,0.5059317946434021,0.0,0.0,0.6323529481887817,,,gaussian,(11,2.0,
29.0,lowpass,resnet,kernel_size-(11_11)_method-gaussian_iterations-3,0.147058829665184,0.39705882352941174,15,15,single,16.0,28.0,-0.02734475107420059,4,"{1: 5, 3: 68, 5: 68, 7: 63}",2.3032689094543457,0.1019417494535446,0.4858374893665313,0.0,0.0,2.081127643585205,0.1323529481887817,0.5068432092666626,0.0,0.0,0.6323529481887817,,,gaussian,(11,3.0,
30.0,lowpass,resnet,kernel_size-(11_11)_method-gaussian_iterations-5,0.1449275314807891,0.36764705882352944,4,4,single,17.0,29.0,-0.029476049258595483,3,"{1: 68, 4: 68, 7: 68}",2.669104814529419,0.1213592216372489,0.4680964946746826,0.1176470592617988,0.0194174759089946,2.1188552379608154,0.1176470592617988,0.4991194903850555,0.0,0.0,0.6176470518112183,,,gaussian,(11,5.0,
27.0,lowpass,resnet,kernel_size-(11_11)_method-gaussian_iterations-7,0.1617647111415863,0.36764705882352944,6,6,single,14.0,26.0,-0.01263886959779828,3,"{4: 68, 5: 68, 7: 68}",2.542608976364136,0.116504855453968,0.5059097409248352,0.1935483813285827,0.029126213863492,2.096887350082397,0.1617647111415863,0.5065497159957886,0.0,0.0,0.6323529481887817,,,gaussian,(11,7.0,
28.0,lowpass,resnet,kernel_size-(11_11)_method-mean_iterations-1,0.159420296549797,0.35294117647058826,7,7,single,15.0,27.0,-0.014983284189587581,4,"{1: 68, 2: 47, 3: 21, 4: 68}",2.463965892791748,0.1116504818201065,0.4802122116088867,0.0,0.0,2.084521532058716,0.0441176481544971,0.4994284510612488,0.0,0.0,0.6029411554336548,,,mean,(11,1.0,
23.0,lowpass,resnet,kernel_size-(11_11)_method-mean_iterations-2,0.1911764740943908,0.36764705882352944,3,3,single,10.0,22.0,0.01677289335500623,3,"{0: 68, 2: 68, 4: 68}",2.6128745079040527,0.1116504818201065,0.5079598426818848,0.1162790730595588,0.0242718439549207,2.1118264198303223,0.1176470592617988,0.4975129663944244,0.0,0.0,0.6176470518112183,,,mean,(11,2.0,
30.0,lowpass,resnet,kernel_size-(11_11)_method-mean_iterations-3,0.1449275314807891,0.36764705882352944,1,1,single,17.0,29.0,-0.029476049258595483,3,"{0: 68, 1: 68, 6: 68}",3.008633852005005,0.0922330096364021,0.4811177849769592,0.0428571440279483,0.014563106931746,2.097088575363159,0.1323529481887817,0.4982389807701111,0.0,0.0,0.6029411554336548,,,mean,(11,3.0,
22.0,lowpass,resnet,kernel_size-(11_11)_method-mean_iterations-5,0.2028985470533371,0.36764705882352944,14,14,single,9.0,21.0,0.028494966313952513,3,"{0: 68, 2: 68, 6: 68}",2.305652141571045,0.1310679614543914,0.4968456923961639,0.0,0.0,2.093451976776123,0.1323529481887817,0.5028268694877625,0.0,0.0,0.6176470518112183,,,mean,(11,5.0,
25.0,lowpass,resnet,kernel_size-(3_3)_method-median_iterations-2,0.1764705926179886,0.38235294117647056,15,15,single,12.0,24.0,0.0020670118786040026,3,"{0: 68, 2: 68, 5: 68}",2.3504209518432617,0.1116504818201065,0.4804983735084533,0.25,0.0048543689772486,2.091470241546631,0.1764705926179886,0.5007106065750122,0.0,0.0,0.6617646813392639,,,median,(3,2.0,
25.0,lowpass,resnet,kernel_size-(3_3)_method-median_iterations-3,0.1764705926179886,0.39705882352941174,13,13,single,12.0,24.0,0.0020670118786040026,4,"{0: 68, 1: 20, 3: 68, 4: 48}",2.2473247051239014,0.1407766938209533,0.5271703004837036,0.1666666716337204,0.0048543689772486,2.0836009979248047,0.1764705926179886,0.5127286314964294,0.0,0.0,0.6911764740943909,,,median,(3,3.0,
27.0,lowpass,resnet,kernel_size-(3_3)_method-median_iterations-5,0.1617647111415863,0.45588235294117646,12,12,single,14.0,26.0,-0.01263886959779828,4,"{0: 68, 1: 59, 2: 13, 6: 64}",2.41858434677124,0.0922330096364021,0.4930685758590698,0.125,0.0048543689772486,2.0904617309570312,0.1617647111415863,0.4978528022766113,0.0,0.0,0.6176470518112183,,,median,(3,5.0,
24.0,lowpass,resnet,kernel_size-(3_3)_method-median_iterations-7,0.1884057968854904,0.36764705882352944,4,4,single,11.0,23.0,0.014002216146105806,3,"{0: 68, 3: 68, 6: 68}",2.5355961322784424,0.1213592216372489,0.5137837529182434,0.0666666701436042,0.0097087379544973,2.0910606384277344,0.1176470592617988,0.5192628502845764,0.0,0.0,0.6323529481887817,,,median,(3,7.0,
24.0,lowpass,resnet,kernel_size-(5_5)_method-gaussian_iterations-1,0.1884057968854904,0.35294117647058826,15,15,single,11.0,23.0,0.014002216146105806,3,"{0: 68, 6: 68, 7: 68}",2.2705166339874268,0.1407766938209533,0.503189742565155,0.0,0.0,2.093141794204712,0.1176470592617988,0.4986715614795685,0.0,0.0,0.6176470518112183,,,gaussian,(5,1.0,
29.0,lowpass,resnet,kernel_size-(5_5)_method-gaussian_iterations-2,0.147058829665184,0.38235294117647056,3,3,single,16.0,28.0,-0.02734475107420059,3,"{1: 68, 2: 68, 7: 68}",2.707742929458618,0.116504855453968,0.4933631420135498,0.1627907007932663,0.0339805819094181,2.0982398986816406,0.1323529481887817,0.4990422427654266,0.0,0.0,0.6470588445663452,,,gaussian,(5,2.0,
23.0,lowpass,resnet,kernel_size-(5_5)_method-gaussian_iterations-3,0.1911764740943908,0.36764705882352944,10,10,single,10.0,22.0,0.01677289335500623,3,"{0: 68, 3: 68, 6: 68}",2.314239263534546,0.116504855453968,0.5087190270423889,0.25,0.0048543689772486,2.08465838432312,0.1176470592617988,0.5019463896751404,0.0,0.0,0.6617646813392639,,,gaussian,(5,3.0,
23.0,lowpass,resnet,kernel_size-(5_5)_method-gaussian_iterations-5,0.1911764740943908,0.38235294117647056,4,4,single,10.0,22.0,0.01677289335500623,3,"{1: 68, 5: 68, 6: 68}",2.474022626876831,0.1310679614543914,0.5289561748504639,0.1578947305679321,0.029126213863492,2.0882065296173096,0.1911764740943908,0.5107977390289307,0.0,0.0,0.6323529481887817,,,gaussian,(5,5.0,
28.0,lowpass,resnet,kernel_size-(5_5)_method-gaussian_iterations-7,0.159420296549797,0.38235294117647056,5,5,single,15.0,27.0,-0.014983284189587581,3,"{2: 68, 3: 68, 6: 68}",2.8192687034606934,0.1067961156368255,0.4551190137863159,0.1025641039013862,0.0194174759089946,2.094820737838745,0.147058829665184,0.4995365440845489,0.0,0.0,0.6176470518112183,,,gaussian,(5,7.0,
27.0,lowpass,resnet,kernel_size-(5_5)_method-mean_iterations-1,0.1617647111415863,0.36764705882352944,12,12,single,14.0,26.0,-0.01263886959779828,3,"{3: 68, 4: 68, 6: 68}",2.241908311843872,0.1504854410886764,0.5499895215034485,0.2000000029802322,0.0097087379544973,2.091054916381836,0.1617647111415863,0.5052211880683899,0.0,0.0,0.6323529481887817,,,mean,(5,1.0,
31.0,lowpass,resnet,kernel_size-(5_5)_method-mean_iterations-3,0.1323529481887817,0.36764705882352944,3,3,single,18.0,30.0,-0.04205063255060287,3,"{0: 68, 3: 68, 6: 68}",2.653028964996338,0.1359223276376724,0.5072714686393738,0.125,0.0242718439549207,2.103931665420532,0.1323529481887817,0.4999845623970032,0.0,0.0,0.6176470518112183,,,mean,(5,3.0,
31.0,lowpass,resnet,kernel_size-(5_5)_method-mean_iterations-5,0.1323529481887817,0.4117647058823529,2,2,single,18.0,30.0,-0.04205063255060287,4,"{1: 68, 2: 29, 5: 68, 6: 39}",2.6194350719451904,0.1213592216372489,0.5098165273666382,0.1132075488567352,0.029126213863492,2.087845087051392,0.1176470592617988,0.5030894875526428,0.0,0.0,0.6323529481887817,,,mean,(5,5.0,
31.0,lowpass,resnet,kernel_size-(5_5)_method-mean_iterations-7,0.1323529481887817,0.38235294117647056,3,3,single,18.0,30.0,-0.04205063255060287,4,"{0: 68, 2: 3, 4: 65, 6: 68}",2.5660877227783203,0.1359223276376724,0.517594575881958,0.1914893686771392,0.0436893217265605,2.089954137802124,0.1176470592617988,0.4906079769134521,0.0,0.0,0.6176470518112183,,,mean,(5,7.0,
29.0,lowpass,resnet,kernel_size-(5_5)_method-median_iterations-1,0.147058829665184,0.38235294117647056,15,15,single,16.0,28.0,-0.02734475107420059,4,"{0: 68, 1: 66, 3: 2, 7: 68}",2.292935371398926,0.1310679614543914,0.5155680179595947,0.1666666716337204,0.0048543689772486,2.086781740188598,0.1029411777853965,0.4973430633544922,0.0,0.0,0.6176470518112183,,,median,(5,1.0,
25.0,lowpass,resnet,kernel_size-(5_5)_method-median_iterations-2,0.1764705926179886,0.38235294117647056,3,3,single,12.0,24.0,0.0020670118786040026,4,"{0: 6, 4: 62, 5: 68, 6: 68}",2.397444248199463,0.1553398072719574,0.5453725457191467,0.2758620679378509,0.0388349518179893,2.095315456390381,0.1764705926179886,0.4998918771743774,0.0,0.0,0.6176470518112183,,,median,(5,2.0,
27.0,lowpass,resnet,kernel_size-(5_5)_method-median_iterations-3,0.1617647111415863,0.38235294117647056,4,4,single,14.0,26.0,-0.01263886959779828,3,"{1: 68, 5: 68, 6: 68}",2.650094985961914,0.097087375819683,0.4740180373191833,0.0784313753247261,0.0194174759089946,2.1033952236175537,0.1617647111415863,0.5154164433479309,0.0,0.0,0.6470588445663452,,,median,(5,3.0,
25.0,lowpass,resnet,kernel_size-(5_5)_method-median_iterations-5,0.1764705926179886,0.39705882352941174,5,5,single,12.0,24.0,0.0020670118786040026,4,"{0: 2, 1: 68, 2: 68, 3: 66}",2.438323736190796,0.1407766938209533,0.5366921424865723,0.1515151560306549,0.0242718439549207,2.0907557010650635,0.1764705926179886,0.530817449092865,0.0,0.0,0.6470588445663452,,,median,(5,5.0,
27.0,lowpass,resnet,kernel_size-(5_5)_method-median_iterations-7,0.1617647111415863,0.38235294117647056,1,1,single,14.0,26.0,-0.01263886959779828,3,"{0: 68, 1: 68, 2: 68}",3.023723125457764,0.1601941734552383,0.4857903718948364,0.1285714358091354,0.0436893217265605,2.1000304222106934,0.1617647111415863,0.4998300969600677,0.0,0.0,0.6323529481887817,,,median,(5,7.0,
29.0,lowpass,resnet,kernel_size-(9_9)_method-gaussian_iterations-1,0.147058829665184,0.36764705882352944,3,3,single,16.0,28.0,-0.02734475107420059,4,"{0: 64, 1: 68, 4: 4, 6: 68}",2.762949228286743,0.1213592216372489,0.5064635276794434,0.1052631586790084,0.029126213863492,2.106912612915039,0.1323529481887817,0.4964470863342285,0.0,0.0,0.6323529481887817,,,gaussian,(9,1.0,
25.0,lowpass,resnet,kernel_size-(9_9)_method-gaussian_iterations-2,0.1764705926179886,0.38235294117647056,13,13,single,12.0,24.0,0.0020670118786040026,3,"{0: 68, 2: 68, 5: 68}",2.3518166542053223,0.0873786434531211,0.5052533149719238,0.1538461595773697,0.0097087379544973,2.092360734939575,0.1176470592617988,0.5054529309272766,0.0,0.0,0.6323529481887817,,,gaussian,(9,2.0,
30.0,lowpass,resnet,kernel_size-(11_11)_method-mean_iterations-7,0.1449275314807891,0.39705882352941174,3,3,single,17.0,29.0,-0.029476049258595483,3,"{1: 68, 2: 68, 5: 68}",2.5646908283233643,0.1067961156368255,0.5170307159423828,0.0930232554674148,0.0194174759089946,2.0886669158935547,0.1323529481887817,0.5137790441513062,0.0,0.0,0.6470588445663452,,,mean,(11,7.0,
30.0,lowpass,resnet,kernel_size-(15_15)_method-gaussian_iterations-7,0.1449275314807891,0.39705882352941174,10,10,single,17.0,29.0,-0.029476049258595483,3,"{2: 68, 3: 68, 5: 68}",2.248622417449951,0.1747572869062423,0.5539770722389221,0.2142857164144516,0.014563106931746,2.110412836074829,0.1323529481887817,0.5100098848342896,0.0,0.0,0.6323529481887817,,,gaussian,(15,7.0,
30.0,lowpass,resnet,kernel_size-(3_3)_method-gaussian_iterations-1,0.1449275314807891,0.38235294117647056,13,13,single,17.0,29.0,-0.029476049258595483,3,"{1: 68, 5: 68, 6: 68}",2.301628351211548,0.1262135952711105,0.5008920431137085,0.0,0.0,2.0937652587890625,0.1176470592617988,0.511724591255188,0.0,0.0,0.6470588445663452,,,gaussian,(3,1.0,
24.0,lowpass,resnet,kernel_size-(3_3)_method-median_iterations-1,0.1884057968854904,0.38235294117647056,10,10,single,11.0,23.0,0.014002216146105806,4,"{0: 3, 1: 68, 3: 65, 7: 68}",2.3933663368225098,0.1359223276376724,0.4739910960197449,0.1666666716337204,0.0048543689772486,2.089513301849365,0.1323529481887817,0.4957519769668579,0.0,0.0,0.6323529481887817,,,median,(3,1.0,
31.0,lowpass,resnet,kernel_size-(5_5)_method-mean_iterations-2,0.1323529481887817,0.35294117647058826,3,3,single,18.0,30.0,-0.04205063255060287,4,"{0: 63, 3: 68, 6: 68, 7: 5}",2.692856311798096,0.0728155374526977,0.4829204976558685,0.0277777779847383,0.0048543689772486,2.106506109237671,0.1323529481887817,0.4941454529762268,0.0,0.0,0.6176470518112183,,,mean,(5,2.0,
25.0,lowpass,resnet,kernel_size-(9_9)_method-gaussian_iterations-3,0.1764705926179886,0.38235294117647056,15,15,single,12.0,24.0,0.0020670118786040026,5,"{0: 4, 1: 63, 4: 68, 5: 68, 7: 1}",2.196960926055908,0.1747572869062423,0.5426945090293884,0.0,0.0,2.085288524627685,0.1323529481887817,0.4950414299964905,0.0,0.0,0.6176470518112183,,,gaussian,(9,3.0,
25.0,lowpass,resnet,kernel_size-(9_9)_method-gaussian_iterations-5,0.1764705926179886,0.38235294117647056,7,7,single,12.0,24.0,0.0020670118786040026,4,"{0: 66, 1: 68, 2: 68, 3: 2}",2.513488292694092,0.116504855453968,0.4977293312549591,0.0370370373129844,0.0048543689772486,2.097282886505127,0.1764705926179886,0.5019618272781372,0.0,0.0,0.6323529481887817,,,gaussian,(9,5.0,
30.0,lowpass,resnet,kernel_size-(9_9)_method-gaussian_iterations-7,0.1449275314807891,0.38235294117647056,13,13,single,17.0,29.0,-0.029476049258595483,3,"{1: 68, 5: 68, 7: 68}",2.266380786895752,0.1310679614543914,0.513701319694519,0.25,0.0048543689772486,2.0799896717071533,0.1176470592617988,0.5087277889251709,0.0,0.0,0.6323529481887817,,,gaussian,(9,7.0,
31.0,lowpass,resnet,kernel_size-(9_9)_method-mean_iterations-1,0.1323529481887817,0.39705882352941174,1,1,single,18.0,30.0,-0.04205063255060287,3,"{1: 68, 2: 68, 3: 68}",2.7289514541625977,0.1699029058218002,0.5268943309783936,0.1428571492433548,0.0485436879098415,2.1264142990112305,0.1176470592617988,0.4967405796051025,0.0,0.0,0.6323529481887817,,,mean,(9,1.0,
25.0,lowpass,resnet,kernel_size-(9_9)_method-mean_iterations-2,0.1764705926179886,0.36764705882352944,14,14,single,12.0,24.0,0.0020670118786040026,3,"{0: 68, 3: 68, 7: 68}",2.3352370262146,0.116504855453968,0.4882781505584717,0.0,0.0,2.082552194595337,0.1764705926179886,0.5065650939941406,0.0,0.0,0.6323529481887817,,,mean,(9,2.0,
31.0,lowpass,resnet,kernel_size-(9_9)_method-mean_iterations-3,0.1323529481887817,0.36764705882352944,5,5,single,18.0,30.0,-0.04205063255060287,3,"{0: 68, 4: 68, 5: 68}",2.519089460372925,0.1504854410886764,0.5194881558418274,0.1818181872367859,0.029126213863492,2.1172292232513428,0.1176470592617988,0.4949641823768616,0.0,0.0,0.6176470518112183,,,mean,(9,3.0,
31.0,lowpass,resnet,kernel_size-(9_9)_method-mean_iterations-5,0.1323529481887817,0.38235294117647056,3,3,single,18.0,30.0,-0.04205063255060287,3,"{1: 68, 3: 68, 4: 68}",2.60872483253479,0.097087375819683,0.499155044555664,0.0540540553629398,0.0097087379544973,2.0960702896118164,0.1176470592617988,0.4936974644660949,0.0,0.0,0.6176470518112183,,,mean,(9,5.0,
30.0,lowpass,resnet,kernel_size-(9_9)_method-mean_iterations-7,0.1449275314807891,0.36764705882352944,15,15,single,17.0,29.0,-0.029476049258595483,3,"{0: 68, 5: 68, 7: 68}",2.2584424018859863,0.1213592216372489,0.5108263492584229,0.0,0.0,2.080984115600586,0.1176470592617988,0.4957983195781708,0.0,0.0,0.6176470518112183,,,mean,(9,7.0,
27.0,lowpass,resnet,kernel_size-(9_9)_method-median_iterations-1,0.1617647111415863,0.39705882352941174,15,15,single,14.0,26.0,-0.01263886959779828,3,"{1: 68, 2: 68, 3: 68}",2.3332927227020264,0.1262135952711105,0.4736039340496063,0.0,0.0,2.080278158187866,0.1617647111415863,0.5312036871910095,0.0,0.0,0.6470588445663452,,,median,(9,1.0,
25.0,lowpass,resnet,kernel_size-(9_9)_method-median_iterations-2,0.1764705926179886,0.39705882352941174,3,3,single,12.0,24.0,0.0020670118786040026,4,"{0: 68, 1: 68, 2: 4, 5: 64}",2.6505885124206543,0.1262135952711105,0.5063019394874573,0.1071428582072258,0.029126213863492,2.114364624023437,0.1176470592617988,0.4892331957817077,0.0,0.0,0.5735294222831726,,,median,(9,2.0,
23.0,lowpass,resnet,kernel_size-(9_9)_method-median_iterations-3,0.1911764740943908,0.39705882352941174,5,5,single,10.0,22.0,0.01677289335500623,4,"{2: 65, 4: 68, 5: 68, 6: 3}",2.565750360488892,0.0728155374526977,0.479525476694107,0.0,0.0,2.0792243480682373,0.1911764740943908,0.536239504814148,0.0,0.0,0.6323529481887817,,,median,(9,3.0,
27.0,lowpass,resnet,kernel_size-(9_9)_method-median_iterations-5,0.1617647111415863,0.39705882352941174,6,6,single,14.0,26.0,-0.01263886959779828,4,"{0: 4, 1: 68, 3: 64, 6: 68}",2.6056454181671143,0.1019417494535446,0.4776975214481354,0.0833333358168602,0.014563106931746,2.1051204204559326,0.1323529481887817,0.5238198041915894,0.0,0.0,0.6470588445663452,,,median,(9,5.0,
24.0,lowpass,resnet,kernel_size-(9_9)_method-median_iterations-7,0.1884057968854904,0.4264705882352941,15,15,single,11.0,23.0,0.014002216146105806,4,"{1: 4, 2: 64, 3: 68, 5: 68}",2.267894506454468,0.1019417494535446,0.4880593121051788,0.0,0.0,2.0774381160736084,0.1323529481887817,0.5288248062133789,0.0,0.0,0.6470588445663452,,,median,(9,7.0,
29.0,lowpass,resnet,kernel_size-(3_3)_method-gaussian_iterations-2,0.147058829665184,0.38235294117647056,12,12,single,16.0,28.0,-0.02734475107420059,3,"{0: 68, 3: 68, 5: 68}",2.401233434677124,0.0873786434531211,0.4518519341945648,0.0,0.0,2.1052980422973637,0.1323529481887817,0.5044025182723999,0.0,0.0,0.6176470518112183,,,gaussian,(3,2.0,
25.0,lowpass,resnet,kernel_size-(3_3)_method-gaussian_iterations-3,0.1764705926179886,0.38235294117647056,2,2,single,12.0,24.0,0.0020670118786040026,3,"{1: 68, 5: 68, 6: 68}",2.826947927474976,0.1067961156368255,0.493881493806839,0.1363636404275894,0.0436893217265605,2.0883731842041016,0.1764705926179886,0.5141188502311707,0.0,0.0,0.6323529481887817,,,gaussian,(3,3.0,
25.0,lowpass,resnet,kernel_size-(3_3)_method-gaussian_iterations-5,0.1764705926179886,0.38235294117647056,13,13,single,12.0,24.0,0.0020670118786040026,4,"{2: 67, 3: 1, 5: 68, 6: 68}",2.22813081741333,0.1650485396385193,0.540245532989502,0.0,0.0,2.0830845832824707,0.1764705926179886,0.5094537734985352,0.0,0.0,0.6323529481887817,,,gaussian,(3,5.0,
29.0,lowpass,resnet,kernel_size-(3_3)_method-gaussian_iterations-7,0.147058829665184,0.39705882352941174,8,8,single,16.0,28.0,-0.02734475107420059,4,"{0: 68, 1: 3, 2: 68, 5: 65}",2.50192666053772,0.1262135952711105,0.5097272396087646,0.147058829665184,0.0242718439549207,2.088529109954834,0.147058829665184,0.5227075815200806,0.0,0.0,0.6323529481887817,,,gaussian,(3,7.0,
31.0,lowpass,resnet,kernel_size-(3_3)_method-mean_iterations-1,0.1323529481887817,0.35294117647058826,6,6,single,18.0,30.0,-0.04205063255060287,5,"{1: 50, 2: 2, 4: 16, 5: 68, 6: 68}",2.568478584289551,0.1213592216372489,0.4882091283798218,0.0810810774564743,0.014563106931746,2.0960967540740967,0.1323529481887817,0.4988878071308136,0.0,0.0,0.6323529481887817,,,mean,(3,1.0,
27.0,lowpass,resnet,kernel_size-(3_3)_method-mean_iterations-2,0.1617647111415863,0.38235294117647056,7,7,single,14.0,26.0,-0.01263886959779828,3,"{1: 68, 2: 68, 4: 68}",2.367357015609741,0.116504855453968,0.5356603860855103,0.0,0.0,2.0932302474975586,0.1323529481887817,0.5045878887176514,0.0,0.0,0.6323529481887817,,,mean,(3,2.0,
27.0,lowpass,resnet,kernel_size-(3_3)_method-mean_iterations-3,0.1617647111415863,0.38235294117647056,7,7,single,14.0,26.0,-0.01263886959779828,4,"{0: 37, 2: 68, 5: 31, 6: 68}",2.422973394393921,0.097087375819683,0.4803653955459595,0.0,0.0,2.089953184127808,0.1617647111415863,0.4956283867359161,0.0,0.0,0.6176470518112183,,,mean,(3,3.0,
30.0,lowpass,resnet,kernel_size-(3_3)_method-mean_iterations-5,0.1449275314807891,0.38235294117647056,7,7,single,17.0,29.0,-0.029476049258595483,3,"{0: 68, 2: 68, 5: 68}",2.461036443710327,0.1310679614543914,0.5,0.1304347813129425,0.014563106931746,2.1013543605804443,0.1176470592617988,0.4922145009040832,0.0,0.0,0.6323529481887817,,,mean,(3,5.0,
27.0,lowpass,resnet,kernel_size-(3_3)_method-mean_iterations-7,0.1617647111415863,0.36764705882352944,14,14,single,14.0,26.0,-0.01263886959779828,5,"{1: 1, 2: 1, 5: 68, 6: 68, 7: 66}",2.300133466720581,0.1116504818201065,0.4985473752021789,0.0,0.0,2.085631847381592,0.1176470592617988,0.4975901842117309,0.0,0.0,0.6323529481887817,,,mean,(3,7.0,
24.0,lowpass,resnet,kernel_size-(11_11)_method-median_iterations-1,0.1884057968854904,0.3088235294117647,1,1,single,11.0,23.0,0.014002216146105806,4,"{0: 68, 3: 21, 4: 47, 6: 68}",2.9680895805358887,0.1310679614543914,0.5064382553100586,0.0813953503966331,0.0339805819094181,2.1117849349975586,0.1176470592617988,0.4958138167858124,0.0,0.0,0.6323529481887817,,,median,(11,1.0,
23.0,lowpass,resnet,kernel_size-(11_11)_method-median_iterations-2,0.1911764740943908,0.39705882352941174,11,11,single,10.0,22.0,0.01677289335500623,4,"{1: 45, 2: 68, 5: 68, 6: 23}",2.4967825412750244,0.0776699036359787,0.4399313926696777,0.1111111119389534,0.0048543689772486,2.083627223968506,0.1911764740943908,0.5143042802810669,0.0,0.0,0.6470588445663452,,,median,(11,2.0,
25.0,lowpass,resnet,kernel_size-(11_11)_method-median_iterations-3,0.1764705926179886,0.38235294117647056,14,14,single,12.0,24.0,0.0020670118786040026,5,"{0: 1, 1: 61, 3: 68, 4: 67, 6: 7}",2.223973512649536,0.1601941734552383,0.536986768245697,0.0,0.0,2.086305618286133,0.1764705926179886,0.5167912840843201,0.0,0.0,0.6323529481887817,,,median,(11,3.0,
25.0,lowpass,resnet,kernel_size-(11_11)_method-median_iterations-5,0.1764705926179886,0.38235294117647056,12,12,single,12.0,24.0,0.0020670118786040026,3,"{2: 68, 5: 68, 6: 68}",2.3394556045532227,0.1019417494535446,0.4861573278903961,0.0,0.0,2.088858127593994,0.1323529481887817,0.5089594721794128,0.0,0.0,0.6323529481887817,,,median,(11,5.0,
29.0,lowpass,resnet,kernel_size-(11_11)_method-median_iterations-7,0.147058829665184,0.39705882352941174,2,2,single,16.0,28.0,-0.02734475107420059,4,"{2: 68, 3: 62, 5: 68, 6: 6}",2.580231189727783,0.1359223276376724,0.5007153749465942,0.1777777820825576,0.0388349518179893,2.0897672176361084,0.0882352963089943,0.4880746603012085,0.0,0.0,0.6617646813392639,,,median,(11,7.0,
21.0,lowpass,resnet,kernel_size-(15_15)_method-gaussian_iterations-1,0.2058823555707931,0.38235294117647056,1,1,single,8.0,20.0,0.03147877483140851,3,"{0: 68, 1: 68, 5: 68}",2.887051820755005,0.1262135952711105,0.4924154579639435,0.145161285996437,0.0436893217265605,2.1054131984710693,0.1323529481887817,0.4996756315231323,0.0,0.0,0.6176470518112183,,,gaussian,(15,1.0,
28.0,lowpass,resnet,kernel_size-(15_15)_method-gaussian_iterations-2,0.159420296549797,0.39705882352941174,12,12,single,15.0,27.0,-0.014983284189587581,3,"{1: 68, 3: 68, 5: 68}",2.400306701660156,0.1213592216372489,0.4926325976848602,0.1666666716337204,0.0097087379544973,2.11093544960022,0.1323529481887817,0.511446475982666,0.0,0.0,0.6470588445663452,,,gaussian,(15,2.0,
29.0,lowpass,resnet,kernel_size-(15_15)_method-gaussian_iterations-3,0.147058829665184,0.38235294117647056,12,12,single,16.0,28.0,-0.02734475107420059,3,"{3: 68, 5: 68, 6: 68}",2.307125806808472,0.1359223276376724,0.4955479204654693,0.0,0.0,2.086228132247925,0.1176470592617988,0.5042325854301453,0.0,0.0,0.6323529481887817,,,gaussian,(15,3.0,
31.0,lowpass,resnet,kernel_size-(15_15)_method-gaussian_iterations-5,0.1323529481887817,0.38235294117647056,1,1,single,18.0,30.0,-0.04205063255060287,3,"{0: 68, 2: 68, 3: 68}",2.9559855461120605,0.0728155374526977,0.465847760438919,0.0447761192917823,0.014563106931746,2.1419992446899414,0.1176470592617988,0.5063179135322571,0.0,0.0,0.6323529481887817,,,gaussian,(15,5.0,
30.0,lowpass,resnet,kernel_size-(15_15)_method-mean_iterations-1,0.1449275314807891,0.36764705882352944,2,2,single,17.0,29.0,-0.029476049258595483,3,"{0: 68, 1: 68, 7: 68}",2.7999050617218018,0.1359223276376724,0.4898654222488403,0.1296296268701553,0.0339805819094181,2.097630739212036,0.1323529481887817,0.5159726142883301,0.0,0.0,0.6323529481887817,,,mean,(15,1.0,
31.0,lowpass,resnet,kernel_size-(15_15)_method-mean_iterations-2,0.1323529481887817,0.38235294117647056,3,3,single,18.0,30.0,-0.04205063255060287,3,"{1: 68, 3: 68, 6: 68}",2.5993592739105225,0.1262135952711105,0.4950328469276428,0.1944444477558136,0.0339805819094181,2.101327419281006,0.1176470592617988,0.4958291947841644,0.0,0.0,0.5588235259056091,,,mean,(15,2.0,
30.0,lowpass,resnet,kernel_size-(15_15)_method-mean_iterations-3,0.1449275314807891,0.36764705882352944,14,14,single,17.0,29.0,-0.029476049258595483,3,"{0: 68, 1: 68, 6: 68}",2.376008987426758,0.097087375819683,0.4445231854915619,0.0,0.0,2.0926549434661865,0.1176470592617988,0.496539831161499,0.0,0.0,0.6176470518112183,,,mean,(15,3.0,
30.0,lowpass,resnet,kernel_size-(15_15)_method-mean_iterations-5,0.1449275314807891,0.36764705882352944,1,1,single,17.0,29.0,-0.029476049258595483,3,"{0: 68, 3: 68, 4: 68}",2.976813077926636,0.1213592216372489,0.5080389976501465,0.1153846159577369,0.0436893217265605,2.1960337162017822,0.1176470592617988,0.496802419424057,0.0,0.0,0.6176470518112183,,,mean,(15,5.0,
31.0,lowpass,resnet,kernel_size-(15_15)_method-mean_iterations-7,0.1323529481887817,0.36764705882352944,2,2,single,18.0,30.0,-0.04205063255060287,3,"{2: 68, 4: 68, 6: 68}",2.581646680831909,0.1407766938209533,0.520642876625061,0.1395348906517028,0.029126213863492,2.105355978012085,0.1323529481887817,0.4958601295948028,0.0,0.0,0.6176470518112183,,,mean,(15,7.0,
29.0,lowpass,resnet,kernel_size-(15_15)_method-median_iterations-1,0.147058829665184,0.39705882352941174,14,14,single,16.0,28.0,-0.02734475107420059,4,"{1: 68, 3: 66, 4: 68, 6: 2}",2.305428028106689,0.1213592216372489,0.4915267825126648,0.1428571492433548,0.0048543689772486,2.0796422958374023,0.147058829665184,0.5197725892066956,0.0,0.0,0.6323529481887817,,,median,(15,1.0,
23.0,lowpass,resnet,kernel_size-(15_15)_method-median_iterations-2,0.1911764740943908,0.38235294117647056,11,11,single,10.0,22.0,0.01677289335500623,3,"{0: 68, 1: 68, 2: 68}",2.263824224472046,0.1796116530895233,0.5327182412147522,0.2727272808551788,0.014563106931746,2.0773613452911377,0.1911764740943908,0.523032009601593,0.0,0.0,0.6470588445663452,,,median,(15,2.0,
27.0,lowpass,resnet,kernel_size-(15_15)_method-median_iterations-3,0.1617647111415863,0.38235294117647056,14,14,single,14.0,26.0,-0.01263886959779828,3,"{2: 68, 5: 68, 7: 68}",2.348212718963623,0.0922330096364021,0.4850077033042907,0.5,0.0048543689772486,2.0851879119873047,0.1323529481887817,0.5119407773017883,0.0,0.0,0.6323529481887817,,,median,(15,3.0,
29.0,lowpass,resnet,kernel_size-(15_15)_method-median_iterations-5,0.147058829665184,0.4117647058823529,15,15,single,16.0,28.0,-0.02734475107420059,4,"{1: 68, 2: 2, 3: 66, 6: 68}",2.2465476989746094,0.1941747516393661,0.5320937037467957,0.2222222238779068,0.0097087379544973,2.0828213691711426,0.1176470592617988,0.5103342533111572,0.0,0.0,0.6323529481887817,,,median,(15,5.0,
25.0,lowpass,resnet,kernel_size-(15_15)_method-median_iterations-7,0.1764705926179886,0.38235294117647056,9,9,single,12.0,24.0,0.0020670118786040026,4,"{3: 68, 4: 68, 5: 2, 6: 66}",2.281751871109009,0.1262135952711105,0.5309221744537354,0.1428571492433548,0.0097087379544973,2.0871150493621826,0.1764705926179886,0.4944080710411072,0.0,0.0,0.6470588445663452,,,median,(15,7.0,
24.0,none,chexnet,,0.1884057968854904,0.4852941176470588,10,10,single,16.0,3.0,-0.015793997972918028,8,"{0: 26, 1: 21, 2: 26, 3: 37, 4: 30, 5: 25, 6: 17, 7: 22}",2.4175374507904053,0.1796116530895233,0.561689555644989,0.1212121248245239,0.0194174759089946,2.1438958644866943,0.1323529481887817,0.5471453070640564,0.0,0.0,0.720588207244873,,,,,,
27.0,none,custom cnn,,0.1617647111415863,0.39705882352941174,13,13,single,9.0,5.0,0.005811987651719003,4,"{0: 8, 1: 68, 5: 60, 6: 68}",1.9785038232803345,0.2427184432744979,0.6418573260307312,0.0,0.0,2.28009033203125,0.1176470592617988,0.5212864279747009,0.0,0.0,0.6323529481887817,,,,,,
15.0,none,densenet,,0.25,0.3235294117647059,14,14,single,6.0,1.0,0.03227542658710181,8,"{0: 34, 1: 22, 2: 42, 3: 34, 4: 7, 5: 18, 6: 39, 7: 8}",2.2333099842071533,0.116504855453968,0.554620087146759,0.0,0.0,2.0966134071350098,0.1323529481887817,0.492338091135025,0.0,0.0,0.6029411554336548,,,,,,
25.0,none,efficientnet,,0.1764705926179886,0.36764705882352944,10,10,single,12.0,4.0,0.01195828692548595,4,"{0: 67, 1: 68, 6: 4, 7: 65}",2.110530376434326,0.0922330096364021,0.4800051748752594,0.0,0.0,2.081861019134521,0.1176470592617988,0.4859119951725006,0.0,0.0,0.6029411554336548,,,,,,
15.0,none,inception,,0.25,0.5588235294117647,14,14,single,14.0,1.0,-0.000735770412691017,8,"{0: 38, 1: 26, 2: 34, 3: 23, 4: 14, 5: 27, 6: 16, 7: 26}",1.854952335357666,0.2864077687263489,0.7077852487564087,0.7692307829856873,0.0485436879098415,1.999626636505127,0.25,0.6178633570671082,0.0,0.0,0.7058823704719543,,,,,,
25.0,none,mobilenetv3,,0.1764705926179886,0.4264705882352941,15,15,single,13.0,4.0,-0.006750884756540787,6,"{0: 4, 2: 67, 3: 68, 4: 17, 6: 45, 7: 3}",2.1581435203552246,0.116504855453968,0.4975812435150146,0.0,0.0,2.07828426361084,0.1764705926179886,0.5139180421829224,0.0,0.0,0.6323529481887817,,,,,,
16.0,none,nasnet,,0.2463768124580383,0.5294117647058824,15,15,single,11.0,2.0,0.01320855148658634,8,"{0: 31, 1: 22, 2: 40, 3: 32, 4: 17, 5: 18, 6: 28, 7: 16}",1.918185234069824,0.2961165010929107,0.678152322769165,0.5,0.0048543689772486,2.013918399810791,0.2352941185235977,0.6148356199264526,0.0,0.0,0.7352941036224365,,,,,,
25.0,none,resnet,,0.1764705926179886,0.4264705882352941,5,5,single,12.0,4.0,0.0020670118786040026,5,"{2: 31, 3: 37, 4: 68, 5: 2, 6: 66}",2.687002897262573,0.116504855453968,0.4843495488166809,0.1304347813129425,0.029126213863492,2.098517656326294,0.1764705926179886,0.5156790614128113,0.0,0.0,0.6323529481887817,,,,,,
21.0,open,chexnet,kernel_size-(3_3)_iterations-5,0.2058823555707931,0.47058823529411764,11,11,single,13.0,14.0,0.0016825607123846786,8,"{0: 39, 1: 33, 2: 25, 3: 22, 4: 12, 5: 28, 6: 23, 7: 22}",2.4813973903656006,0.1359223276376724,0.5241960883140564,0.1428571492433548,0.0242718439549207,2.097184658050537,0.2058823555707931,0.5513315796852112,0.0,0.0,0.6176470518112183,,,,(3,5.0,
26.0,open,chexnet,kernel_size-(11_11)_iterations-1,0.1739130467176437,0.39705882352941174,13,13,single,18.0,19.0,-0.030286748140764708,8,"{0: 29, 1: 21, 2: 30, 3: 24, 4: 20, 5: 36, 6: 19, 7: 25}",2.5521106719970703,0.1067961156368255,0.498772919178009,0.1142857149243354,0.0194174759089946,2.131176471710205,0.1323529481887817,0.5094537734985352,0.0,0.0,0.6029411554336548,,,,(11,1.0,
25.0,open,chexnet,kernel_size-(11_11)_iterations-2,0.1764705926179886,0.36764705882352944,1,1,single,17.0,18.0,-0.02772920224041983,8,"{0: 24, 1: 27, 2: 29, 3: 32, 4: 18, 5: 39, 6: 20, 7: 15}",2.7972640991210938,0.1067961156368255,0.5012741684913635,0.1016949117183685,0.029126213863492,2.296620607376098,0.0882352963089943,0.4882754385471344,0.0,0.0,0.6470588445663452,,,,(11,2.0,
15.0,open,chexnet,kernel_size-(11_11)_iterations-3,0.25,0.5147058823529411,7,7,single,7.0,8.0,0.04580020514159158,8,"{0: 25, 1: 32, 2: 28, 3: 27, 4: 20, 5: 21, 6: 31, 7: 20}",2.501950740814209,0.1699029058218002,0.5136171579360962,0.1282051354646682,0.0242718439549207,2.0707767009735107,0.25,0.5723245143890381,0.0,0.0,0.6764705777168274,,,,(11,3.0,
23.0,open,chexnet,kernel_size-(11_11)_iterations-5,0.1911764740943908,0.36764705882352944,15,15,single,15.0,16.0,-0.013023320764017604,8,"{0: 26, 1: 29, 2: 17, 3: 39, 4: 14, 5: 32, 6: 31, 7: 16}",2.467398405075073,0.097087375819683,0.4875812530517578,0.050000000745058,0.0048543689772486,2.1115610599517822,0.0588235296308994,0.5315743684768677,0.0,0.0,0.7058823704719543,,,,(11,5.0,
26.0,open,chexnet,kernel_size-(11_11)_iterations-7,0.1739130467176437,0.36764705882352944,10,10,single,18.0,19.0,-0.030286748140764708,8,"{0: 32, 1: 26, 2: 16, 3: 25, 4: 13, 5: 39, 6: 23, 7: 30}",2.278931140899658,0.1747572869062423,0.5548893809318542,0.2727272808551788,0.029126213863492,2.208346366882324,0.073529414832592,0.4552644491195678,0.0,0.0,0.529411792755127,,,,(11,7.0,
19.0,open,chexnet,kernel_size-(15_15)_iterations-1,0.2205882370471954,0.47058823529411764,6,6,single,11.0,12.0,0.01638844218878699,8,"{0: 23, 1: 19, 2: 24, 3: 39, 4: 35, 5: 18, 6: 28, 7: 18}",2.554238557815552,0.1650485396385193,0.5172898769378662,0.1315789520740509,0.0242718439549207,2.138054847717285,0.2205882370471954,0.5253027677536011,0.0,0.0,0.6470588445663452,,,,(15,1.0,
22.0,open,chexnet,kernel_size-(15_15)_iterations-2,0.2028985470533371,0.3088235294117647,3,3,single,14.0,15.0,-0.0013012478050713205,8,"{0: 22, 1: 32, 2: 23, 3: 32, 4: 18, 5: 26, 6: 27, 7: 24}",2.536855697631836,0.1067961156368255,0.5089513063430786,0.2068965584039688,0.029126213863492,2.2901008129119877,0.147058829665184,0.4418407082557678,0.0,0.0,0.529411792755127,,,,(15,2.0,
18.0,open,chexnet,kernel_size-(15_15)_iterations-3,0.2318840622901916,0.45588235294117646,5,5,single,10.0,11.0,0.027684267431783177,8,"{0: 30, 1: 21, 2: 32, 3: 20, 4: 23, 5: 27, 6: 31, 7: 20}",2.4687368869781494,0.1067961156368255,0.5088991522789001,0.0833333358168602,0.0097087379544973,2.158908605575561,0.0441176481544971,0.5034911632537842,0.0,0.0,0.6029411554336548,,,,(15,3.0,
23.0,open,chexnet,kernel_size-(15_15)_iterations-5,0.1911764740943908,0.29411764705882354,2,2,single,15.0,16.0,-0.013023320764017604,8,"{0: 34, 1: 28, 2: 36, 3: 30, 4: 15, 5: 17, 6: 33, 7: 11}",2.623944997787476,0.097087375819683,0.4835062623023987,0.0714285746216774,0.0097087379544973,2.262101888656616,0.1911764740943908,0.4716232120990753,0.0,0.0,0.5441176295280457,,,,(15,5.0,
17.0,open,chexnet,kernel_size-(15_15)_iterations-7,0.2352941185235977,0.39705882352941174,12,12,single,9.0,10.0,0.031094323665189272,8,"{0: 26, 1: 20, 2: 26, 3: 34, 4: 22, 5: 35, 6: 13, 7: 28}",2.2698631286621094,0.1262135952711105,0.5192205309867859,0.0,0.0,2.1009955406188965,0.147058829665184,0.5246076583862305,0.0,0.0,0.6176470518112183,,,,(15,7.0,
22.0,open,chexnet,kernel_size-(3_3)_iterations-1,0.2028985470533371,0.4117647058823529,5,5,single,14.0,15.0,-0.0013012478050713205,8,"{0: 37, 1: 25, 2: 16, 3: 26, 4: 17, 5: 30, 6: 36, 7: 17}",2.5536084175109863,0.1699029058218002,0.5401562452316284,0.2173912972211837,0.0485436879098415,2.1622889041900635,0.1617647111415863,0.5157408714294434,0.0,0.0,0.6764705777168274,,,,(3,1.0,
21.0,open,chexnet,kernel_size-(3_3)_iterations-2,0.2058823555707931,0.39705882352941174,11,11,single,13.0,14.0,0.0016825607123846786,8,"{0: 21, 1: 19, 2: 29, 3: 27, 4: 22, 5: 26, 6: 40, 7: 20}",2.4520180225372314,0.1213592216372489,0.5451099872589111,0.2195121943950653,0.0436893217265605,2.177138328552246,0.147058829665184,0.4944698810577392,0.0,0.0,0.6911764740943909,,,,(3,2.0,
29.0,open,chexnet,kernel_size-(3_3)_iterations-3,0.147058829665184,0.39705882352941174,7,7,single,20.0,22.0,-0.057140965193224424,8,"{0: 19, 1: 26, 2: 23, 3: 32, 4: 27, 5: 34, 6: 28, 7: 15}",2.540761709213257,0.1019417494535446,0.5119962096214294,0.1176470592617988,0.0194174759089946,2.2077724933624268,0.147058829665184,0.4802737236022949,0.0,0.0,0.5735294222831726,,,,(3,3.0,
15.0,open,chexnet,kernel_size-(3_3)_iterations-7,0.25,0.4411764705882353,5,5,single,7.0,8.0,0.04580020514159158,8,"{0: 37, 1: 12, 2: 25, 3: 30, 4: 30, 5: 30, 6: 21, 7: 19}",2.487125396728516,0.1601941734552383,0.5336489677429199,0.1764705926179886,0.029126213863492,2.127947330474853,0.25,0.5402248501777649,0.0,0.0,0.6029411554336548,,,,(3,7.0,
15.0,open,chexnet,kernel_size-(5_5)_iterations-1,0.25,0.4411764705882353,15,15,single,7.0,8.0,0.04580020514159158,8,"{0: 22, 1: 20, 2: 29, 3: 34, 4: 18, 5: 32, 6: 33, 7: 16}",2.5520243644714355,0.1553398072719574,0.5246068239212036,0.1607142835855484,0.0436893217265605,2.145257472991944,0.1029411777853965,0.5416461229324341,0.0,0.0,0.6470588445663452,,,,(5,1.0,
18.0,open,chexnet,kernel_size-(5_5)_iterations-2,0.2318840622901916,0.47058823529411764,1,1,single,10.0,11.0,0.027684267431783177,8,"{0: 25, 1: 28, 2: 30, 3: 24, 4: 18, 5: 30, 6: 26, 7: 23}",2.805737018585205,0.1359223276376724,0.5175137519836426,0.1066666692495346,0.0388349518179893,2.139454126358032,0.1617647111415863,0.588992178440094,0.0,0.0,0.7058823704719543,,,,(5,2.0,
25.0,open,chexnet,kernel_size-(5_5)_iterations-3,0.1764705926179886,0.39705882352941174,6,6,single,17.0,18.0,-0.02772920224041983,8,"{0: 26, 1: 30, 2: 21, 3: 19, 4: 17, 5: 30, 6: 40, 7: 21}",2.6104469299316406,0.1213592216372489,0.4994563460350036,0.1190476194024086,0.0242718439549207,2.132909059524536,0.1764705926179886,0.5264458656311035,0.0,0.0,0.6617646813392639,,,,(5,3.0,
19.0,open,chexnet,kernel_size-(5_5)_iterations-5,0.2205882370471954,0.39705882352941174,11,11,single,11.0,12.0,0.01638844218878699,8,"{0: 28, 1: 17, 2: 21, 3: 28, 4: 22, 5: 34, 6: 35, 7: 19}",2.400258302688598,0.1359223276376724,0.5438727736473083,0.2352941185235977,0.0388349518179893,2.1339874267578125,0.2205882370471954,0.5215644836425781,0.0,0.0,0.6470588445663452,,,,(5,5.0,
23.0,open,chexnet,kernel_size-(5_5)_iterations-7,0.1911764740943908,0.35294117647058826,5,5,single,15.0,16.0,-0.013023320764017604,8,"{0: 27, 1: 24, 2: 26, 3: 20, 4: 20, 5: 32, 6: 38, 7: 17}",2.36934757232666,0.1407766938209533,0.543201208114624,0.1666666716337204,0.0242718439549207,2.138805389404297,0.147058829665184,0.5143042802810669,0.0,0.0,0.6470588445663452,,,,(5,7.0,
19.0,open,chexnet,kernel_size-(9_9)_iterations-1,0.2205882370471954,0.38235294117647056,15,15,single,11.0,12.0,0.01638844218878699,8,"{0: 31, 1: 16, 2: 27, 3: 29, 4: 22, 5: 13, 6: 34, 7: 32}",2.4970083236694336,0.1553398072719574,0.5099679827690125,0.2424242496490478,0.0388349518179893,2.0752086639404297,0.2205882370471954,0.5547454357147217,0.0,0.0,0.6764705777168274,,,,(9,1.0,
23.0,open,chexnet,kernel_size-(9_9)_iterations-2,0.1911764740943908,0.38235294117647056,1,1,single,15.0,16.0,-0.013023320764017604,8,"{0: 31, 1: 17, 2: 28, 3: 35, 4: 22, 5: 32, 6: 18, 7: 21}",2.678478717803955,0.1310679614543914,0.5172277092933655,0.0599999986588954,0.014563106931746,2.240213394165039,0.073529414832592,0.5061789155006409,0.0,0.0,0.6470588445663452,,,,(9,2.0,
22.0,open,chexnet,kernel_size-(9_9)_iterations-3,0.2028985470533371,0.38235294117647056,6,6,single,14.0,15.0,-0.0013012478050713205,8,"{0: 27, 1: 23, 2: 34, 3: 28, 4: 25, 5: 26, 6: 22, 7: 19}",2.592217206954956,0.1019417494535446,0.4980020225048065,0.1363636404275894,0.029126213863492,2.2009053230285645,0.1029411777853965,0.4838266372680664,0.0,0.0,0.6323529481887817,,,,(9,3.0,
23.0,open,chexnet,kernel_size-(9_9)_iterations-5,0.1911764740943908,0.38235294117647056,14,14,single,15.0,16.0,-0.013023320764017604,8,"{0: 22, 1: 22, 2: 29, 3: 27, 4: 16, 5: 33, 6: 35, 7: 20}",2.3725898265838623,0.116504855453968,0.53668212890625,0.1739130467176437,0.0194174759089946,2.143059730529785,0.1176470592617988,0.4903453886508941,0.0,0.0,0.5882353186607361,,,,(9,5.0,
19.0,open,chexnet,kernel_size-(9_9)_iterations-7,0.2205882370471954,0.5,3,3,single,11.0,12.0,0.01638844218878699,8,"{0: 38, 1: 33, 2: 23, 3: 21, 4: 7, 5: 25, 6: 40, 7: 17}",2.4502947330474854,0.1601941734552383,0.5171535611152649,0.0833333358168602,0.0097087379544973,2.1513447761535645,0.2205882370471954,0.512172520160675,0.0,0.0,0.6323529481887817,,,,(9,7.0,
30.0,open,custom cnn,kernel_size-(3_3)_iterations-5,0.1449275314807891,0.36764705882352944,2,2,single,12.0,23.0,-0.0110251920090782,4,"{0: 60, 1: 68, 3: 8, 6: 68}",2.1932928562164307,0.1456310749053955,0.5283805727958679,0.25,0.0048543689772486,2.080442428588867,0.1176470592617988,0.5042016506195068,0.0,0.0,0.6323529481887817,,,,(3,5.0,
25.0,open,custom cnn,kernel_size-(11_11)_iterations-1,0.1764705926179886,0.36764705882352944,1,1,single,7.0,18.0,0.020517869128121285,3,"{0: 68, 1: 68, 6: 68}",2.35694432258606,0.1553398072719574,0.5002626180648804,0.0,0.0,2.083270311355591,0.1764705926179886,0.4876421093940735,0.0,0.0,0.5882353186607361,,,,(11,1.0,
25.0,open,custom cnn,kernel_size-(11_11)_iterations-2,0.1764705926179886,0.38235294117647056,2,2,single,7.0,18.0,0.020517869128121285,3,"{1: 68, 3: 68, 6: 68}",2.1849894523620605,0.1359223276376724,0.5341488718986511,0.0,0.0,2.088208675384521,0.1176470592617988,0.4978837370872497,0.0,0.0,0.6176470518112183,,,,(11,2.0,
28.0,open,custom cnn,kernel_size-(11_11)_iterations-3,0.159420296549797,0.38235294117647056,10,10,single,10.0,21.0,0.0034675730599297017,3,"{1: 68, 3: 68, 6: 68}",2.022627115249634,0.2281553447246551,0.6016892790794373,0.5,0.0048543689772486,2.188607692718506,0.1176470592617988,0.5076927542686462,0.0,0.0,0.6176470518112183,,,,(11,3.0,
30.0,open,custom cnn,kernel_size-(11_11)_iterations-5,0.1449275314807891,0.38235294117647056,12,12,single,12.0,23.0,-0.0110251920090782,3,"{1: 68, 3: 68, 6: 68}",1.9959869384765625,0.2135922312736511,0.6251245141029358,0.0,0.0,2.21061372756958,0.1176470592617988,0.5107359290122986,0.0,0.0,0.6323529481887817,,,,(11,5.0,
26.0,open,custom cnn,kernel_size-(11_11)_iterations-7,0.1739130467176437,0.4117647058823529,11,11,single,8.0,19.0,0.01796032322777641,4,"{1: 57, 3: 68, 5: 11, 6: 68}",2.042918920516968,0.1844660192728042,0.5908157229423523,0.0,0.0,2.103900909423828,0.1176470592617988,0.5194945335388184,0.0,0.0,0.6470588445663452,,,,(11,7.0,
31.0,open,custom cnn,kernel_size-(15_15)_iterations-1,0.1323529481887817,0.36764705882352944,5,5,single,13.0,24.0,-0.02359977530108559,3,"{1: 68, 4: 68, 6: 68}",2.0803098678588867,0.1990291327238083,0.5597723126411438,0.0,0.0,2.088825225830078,0.1323529481887817,0.5049276947975159,0.0,0.0,0.6176470518112183,,,,(15,1.0,
31.0,open,custom cnn,kernel_size-(15_15)_iterations-2,0.1323529481887817,0.38235294117647056,9,9,single,13.0,24.0,-0.02359977530108559,3,"{1: 68, 3: 68, 6: 68}",2.0436549186706543,0.1456310749053955,0.5950793027877808,0.6666666865348816,0.0097087379544973,2.2122228145599365,0.1176470592617988,0.5140261650085449,0.0,0.0,0.6323529481887817,,,,(15,2.0,
27.0,open,custom cnn,kernel_size-(15_15)_iterations-3,0.1617647111415863,0.36764705882352944,14,14,single,9.0,20.0,0.005811987651719003,4,"{0: 2, 1: 68, 4: 66, 6: 68}",1.9943782091140747,0.237864077091217,0.6195767521858215,0.0,0.0,2.2470903396606445,0.1617647111415863,0.5102415680885315,0.0,0.0,0.6176470518112183,,,,(15,3.0,
27.0,open,custom cnn,kernel_size-(15_15)_iterations-5,0.1617647111415863,0.38235294117647056,10,10,single,9.0,20.0,0.005811987651719003,3,"{1: 68, 3: 68, 6: 68}",2.0189080238342285,0.1650485396385193,0.6106826066970825,0.0,0.0,2.0973169803619385,0.1176470592617988,0.5069976449012756,0.0,0.0,0.6323529481887817,,,,(15,5.0,
27.0,open,custom cnn,kernel_size-(15_15)_iterations-7,0.1617647111415863,0.38235294117647056,14,14,single,9.0,20.0,0.005811987651719003,4,"{1: 68, 3: 1, 5: 67, 6: 68}",2.0531094074249268,0.1844660192728042,0.5962693095207214,0.0,0.0,2.082303762435913,0.1617647111415863,0.5388810038566589,0.0,0.0,0.6176470518112183,,,,(15,7.0,
27.0,open,custom cnn,kernel_size-(3_3)_iterations-1,0.1617647111415863,0.35294117647058826,9,9,single,9.0,20.0,0.005811987651719003,4,"{1: 68, 3: 66, 5: 2, 6: 68}",2.042955160140991,0.1650485396385193,0.5887756943702698,0.0,0.0,2.189638614654541,0.1617647111415863,0.5142424702644348,0.0,0.0,0.6176470518112183,,,,(3,1.0,
28.0,open,custom cnn,kernel_size-(3_3)_iterations-2,0.159420296549797,0.38235294117647056,5,5,single,10.0,21.0,0.0034675730599297017,3,"{1: 68, 3: 68, 6: 68}",2.09584379196167,0.1359223276376724,0.5725933313369751,0.0,0.0,2.1308934688568115,0.1176470592617988,0.5025333762168884,0.0,0.0,0.6176470518112183,,,,(3,2.0,
26.0,open,custom cnn,kernel_size-(3_3)_iterations-3,0.1739130467176437,0.38235294117647056,8,8,single,8.0,19.0,0.01796032322777641,3,"{1: 68, 3: 68, 6: 68}",2.0190083980560303,0.2135922312736511,0.6033759117126465,0.0,0.0,2.2550244331359863,0.1323529481887817,0.5021008849143982,0.0,0.0,0.6323529481887817,,,,(3,3.0,
26.0,open,custom cnn,kernel_size-(3_3)_iterations-7,0.1739130467176437,0.38235294117647056,14,14,single,8.0,19.0,0.01796032322777641,3,"{1: 68, 3: 68, 6: 68}",2.017754316329956,0.1844660192728042,0.6066782474517822,0.0,0.0,2.215705633163452,0.1029411777853965,0.5089594721794128,0.0,0.0,0.6470588445663452,,,,(3,7.0,
25.0,open,custom cnn,kernel_size-(5_5)_iterations-1,0.1764705926179886,0.38235294117647056,10,10,single,7.0,18.0,0.020517869128121285,5,"{0: 64, 1: 68, 3: 2, 4: 2, 6: 68}",2.0367431640625,0.1601941734552383,0.5898630619049072,0.0,0.0,2.2100722789764404,0.1764705926179886,0.5094383358955383,0.0,0.0,0.6176470518112183,,,,(5,1.0,
31.0,open,custom cnn,kernel_size-(5_5)_iterations-2,0.1323529481887817,0.36764705882352944,5,5,single,13.0,24.0,-0.02359977530108559,3,"{0: 68, 1: 68, 6: 68}",2.118007183074951,0.1359223276376724,0.5387659668922424,0.0,0.0,2.117955446243286,0.1176470592617988,0.4963235259056091,0.0,0.0,0.6176470518112183,,,,(5,2.0,
25.0,open,custom cnn,kernel_size-(5_5)_iterations-3,0.1764705926179886,0.39705882352941174,15,15,single,7.0,18.0,0.020517869128121285,4,"{0: 2, 1: 68, 3: 66, 6: 68}",2.015146017074585,0.2135922312736511,0.6091711521148682,0.0,0.0,2.178804397583008,0.1764705926179886,0.5197725892066956,0.0,0.0,0.6323529481887817,,,,(5,3.0,
30.0,open,custom cnn,kernel_size-(5_5)_iterations-5,0.1449275314807891,0.38235294117647056,8,8,single,12.0,23.0,-0.0110251920090782,3,"{1: 68, 5: 68, 6: 68}",2.038295269012451,0.1796116530895233,0.5928692817687988,0.0,0.0,2.171137571334839,0.1176470592617988,0.5125123858451843,0.0,0.0,0.6323529481887817,,,,(5,5.0,
26.0,open,custom cnn,kernel_size-(5_5)_iterations-7,0.1739130467176437,0.38235294117647056,9,9,single,8.0,19.0,0.01796032322777641,3,"{1: 68, 3: 68, 6: 68}",2.038590669631958,0.1699029058218002,0.602185845375061,0.0,0.0,2.240267753601074,0.1176470592617988,0.5101025700569153,0.0,0.0,0.6176470518112183,,,,(5,7.0,
28.0,open,custom cnn,kernel_size-(9_9)_iterations-1,0.159420296549797,0.36764705882352944,15,15,single,10.0,21.0,0.0034675730599297017,3,"{0: 68, 1: 68, 6: 68}",1.99630868434906,0.2135922312736511,0.6335927844047546,0.0,0.0,2.1705756187438965,0.1176470592617988,0.4966787695884704,0.0,0.0,0.6029411554336548,,,,(9,1.0,
31.0,open,custom cnn,kernel_size-(9_9)_iterations-2,0.1323529481887817,0.36764705882352944,1,1,single,13.0,24.0,-0.02359977530108559,3,"{0: 68, 1: 68, 6: 68}",2.368584156036377,0.0873786434531211,0.4848898351192474,0.0588235296308994,0.0048543689772486,2.079436779022217,0.1323529481887817,0.5019927024841309,0.0,0.0,0.6323529481887817,,,,(9,2.0,
31.0,open,custom cnn,kernel_size-(9_9)_iterations-3,0.1323529481887817,0.38235294117647056,1,1,single,13.0,24.0,-0.02359977530108559,3,"{1: 68, 3: 68, 6: 68}",2.3595662117004395,0.116504855453968,0.4982023239135742,0.125,0.0048543689772486,2.0817530155181885,0.1176470592617988,0.4957983195781708,0.0,0.0,0.6176470518112183,,,,(9,3.0,
28.0,open,custom cnn,kernel_size-(9_9)_iterations-5,0.159420296549797,0.38235294117647056,9,9,single,10.0,21.0,0.0034675730599297017,3,"{1: 68, 3: 68, 6: 68}",1.988052487373352,0.2475728094577789,0.6418337225914001,0.0,0.0,2.19608473777771,0.1176470592617988,0.4997219145298004,0.0,0.0,0.6176470518112183,,,,(9,5.0,
28.0,open,custom cnn,kernel_size-(9_9)_iterations-7,0.159420296549797,0.3382352941176471,12,12,single,10.0,21.0,0.0034675730599297017,4,"{1: 68, 3: 52, 5: 16, 6: 68}",2.046266794204712,0.1650485396385193,0.5890988111495972,0.0,0.0,2.187145948410034,0.1176470592617988,0.5115700960159302,0.0,0.0,0.6617646813392639,,,,(9,7.0,
21.0,open,densenet,kernel_size-(3_3)_iterations-5,0.2058823555707931,0.3382352941176471,3,3,single,12.0,14.0,-0.011842217842105096,8,"{0: 22, 1: 26, 2: 26, 3: 9, 4: 15, 5: 46, 6: 46, 7: 14}",2.829892873764038,0.116504855453968,0.5016815662384033,0.1774193495512008,0.0533980578184127,2.163043975830078,0.073529414832592,0.4837957322597503,0.0,0.0,0.5882353186607361,,,,(3,5.0,
23.0,open,densenet,kernel_size-(11_11)_iterations-1,0.1911764740943908,0.39705882352941174,10,10,single,14.0,16.0,-0.02654809931850738,8,"{0: 24, 1: 28, 2: 10, 3: 31, 4: 29, 5: 19, 6: 18, 7: 45}",2.308680772781372,0.1699029058218002,0.540166437625885,0.190476194024086,0.0194174759089946,2.1066339015960693,0.147058829665184,0.4906389117240906,0.0,0.0,0.5882353186607361,,,,(11,1.0,
20.0,open,densenet,kernel_size-(11_11)_iterations-2,0.2173912972211837,0.4852941176470588,14,14,single,11.0,13.0,-0.00033327619171449885,8,"{0: 42, 1: 39, 2: 17, 3: 9, 4: 26, 5: 35, 6: 25, 7: 11}",2.1916258335113525,0.1504854410886764,0.5427972674369812,0.0,0.0,2.066028594970703,0.1176470592617988,0.5642610192298889,0.0,0.0,0.6911764740943909,,,,(11,2.0,
21.0,open,densenet,kernel_size-(11_11)_iterations-3,0.2058823555707931,0.3382352941176471,2,2,single,12.0,14.0,-0.011842217842105096,8,"{0: 26, 1: 36, 2: 21, 3: 37, 4: 16, 5: 25, 6: 37, 7: 6}",2.832028388977051,0.1310679614543914,0.5318782329559326,0.1304347813129425,0.0436893217265605,2.1724753379821777,0.1323529481887817,0.4753305613994598,0.0,0.0,0.5882353186607361,,,,(11,3.0,
23.0,open,densenet,kernel_size-(11_11)_iterations-5,0.1911764740943908,0.47058823529411764,13,13,single,14.0,16.0,-0.02654809931850738,8,"{0: 39, 1: 16, 2: 32, 3: 3, 4: 22, 5: 16, 6: 35, 7: 41}",2.2439544200897217,0.1310679614543914,0.5213935971260071,0.0,0.0,2.062087059020996,0.1323529481887817,0.5631179213523865,0.0,0.0,0.75,,,,(11,5.0,
20.0,open,densenet,kernel_size-(11_11)_iterations-7,0.2173912972211837,0.4411764705882353,3,3,single,11.0,13.0,-0.00033327619171449885,7,"{0: 41, 1: 31, 2: 35, 3: 25, 4: 1, 5: 26, 6: 45}",2.7611935138702397,0.1067961156368255,0.471321552991867,0.1538461595773697,0.0388349518179893,2.096290349960327,0.1029411777853965,0.5330110192298889,0.0,0.0,0.7352941036224365,,,,(11,7.0,
13.0,open,densenet,kernel_size-(15_15)_iterations-1,0.2647058963775635,0.45588235294117646,8,8,single,4.0,6.0,0.046981322964665284,8,"{0: 19, 1: 53, 2: 15, 3: 24, 4: 37, 5: 13, 6: 25, 7: 18}",2.383381128311157,0.1796116530895233,0.5516003966331482,0.2000000029802322,0.029126213863492,2.054898738861084,0.2647058963775635,0.557077944278717,0.0,0.0,0.6323529481887817,,,,(15,1.0,
17.0,open,densenet,kernel_size-(15_15)_iterations-2,0.2352941185235977,0.4117647058823529,8,8,single,8.0,10.0,0.017569545110699497,8,"{0: 28, 1: 32, 2: 12, 3: 11, 4: 28, 5: 45, 6: 46, 7: 2}",2.355351209640503,0.1504854410886764,0.5339789390563965,0.1428571492433548,0.0194174759089946,2.0842621326446533,0.1323529481887817,0.544750988483429,0.0,0.0,0.6764705777168274,,,,(15,2.0,
20.0,open,densenet,kernel_size-(15_15)_iterations-3,0.2173912972211837,0.39705882352941174,12,12,single,11.0,13.0,-0.00033327619171449885,8,"{0: 32, 1: 29, 2: 31, 3: 8, 4: 12, 5: 33, 6: 22, 7: 37}",2.2017407417297363,0.1359223276376724,0.5499205589294434,0.0,0.0,2.077225685119629,0.1176470592617988,0.5285930633544922,0.0,0.0,0.6470588445663452,,,,(15,3.0,
23.0,open,densenet,kernel_size-(15_15)_iterations-5,0.1911764740943908,0.4117647058823529,8,8,single,14.0,16.0,-0.02654809931850738,8,"{0: 28, 1: 50, 2: 21, 3: 42, 4: 22, 5: 31, 6: 7, 7: 3}",2.335785150527954,0.1262135952711105,0.5261722207069397,0.125,0.0097087379544973,2.089315176010132,0.1911764740943908,0.5532470941543579,0.0,0.0,0.7058823704719543,,,,(15,5.0,
21.0,open,densenet,kernel_size-(15_15)_iterations-7,0.2058823555707931,0.3088235294117647,7,7,single,12.0,14.0,-0.011842217842105096,8,"{0: 39, 1: 40, 2: 1, 3: 21, 4: 30, 5: 11, 6: 42, 7: 20}",2.331939220428467,0.1310679614543914,0.5176702737808228,0.2666666805744171,0.0194174759089946,2.121133089065552,0.073529414832592,0.4868388473987579,0.0,0.0,0.6176470518112183,,,,(15,7.0,
15.0,open,densenet,kernel_size-(3_3)_iterations-1,0.25,0.4117647058823529,4,4,single,6.0,8.0,0.03227542658710181,8,"{0: 23, 1: 31, 2: 14, 3: 20, 4: 12, 5: 18, 6: 49, 7: 37}",2.7106971740722656,0.1262135952711105,0.514786958694458,0.1320754736661911,0.0339805819094181,2.173638105392456,0.1176470592617988,0.466108500957489,0.0,0.0,0.5735294222831726,,,,(3,1.0,
20.0,open,densenet,kernel_size-(3_3)_iterations-2,0.2173912972211837,0.4411764705882353,8,8,single,11.0,13.0,-0.00033327619171449885,8,"{0: 49, 1: 32, 2: 22, 3: 33, 4: 18, 5: 7, 6: 28, 7: 15}",2.4046874046325684,0.1893203854560852,0.5311376452445984,0.2121212184429168,0.0339805819094181,2.0512490272521973,0.1764705926179886,0.5793375968933105,0.0,0.0,0.6323529481887817,,,,(3,2.0,
12.0,open,densenet,kernel_size-(3_3)_iterations-3,0.2753623127937317,0.45588235294117646,12,12,single,3.0,5.0,0.0576377393808335,8,"{0: 29, 1: 28, 2: 21, 3: 12, 4: 33, 5: 39, 6: 36, 7: 6}",2.29571795463562,0.1504854410886764,0.5431607961654663,0.1111111119389534,0.0097087379544973,2.07196044921875,0.1617647111415863,0.5452916622161865,0.0,0.0,0.7058823704719543,,,,(3,3.0,
21.0,open,densenet,kernel_size-(3_3)_iterations-7,0.2058823555707931,0.3382352941176471,4,4,single,12.0,14.0,-0.011842217842105096,8,"{0: 35, 1: 23, 2: 16, 3: 42, 4: 10, 5: 31, 6: 27, 7: 20}",2.587900161743164,0.1504854410886764,0.5299291014671326,0.2181818187236786,0.058252427726984,2.136626720428467,0.147058829665184,0.5006796717643738,0.0,0.0,0.6029411554336548,,,,(3,7.0,
9.0,open,densenet,kernel_size-(5_5)_iterations-1,0.294117659330368,0.45588235294117646,8,8,single,1.0,3.0,0.0763930859174698,8,"{0: 37, 1: 36, 2: 30, 3: 11, 4: 31, 5: 13, 6: 26, 7: 20}",2.399818181991577,0.1213592216372489,0.5449954271316528,0.0645161271095275,0.0097087379544973,2.0053651332855225,0.294117659330368,0.6400766372680664,0.0,0.0,0.7647058963775635,,,,(5,1.0,
14.0,open,densenet,kernel_size-(5_5)_iterations-2,0.260869562625885,0.45588235294117646,4,4,single,5.0,7.0,0.04314498921298682,8,"{0: 9, 1: 45, 2: 26, 3: 15, 4: 21, 5: 23, 6: 46, 7: 19}",2.770770072937012,0.1262135952711105,0.5136508345603943,0.1449275314807891,0.0485436879098415,2.1276519298553467,0.1176470592617988,0.5229084491729736,0.0,0.0,0.6176470518112183,,,,(5,2.0,
22.0,open,densenet,kernel_size-(5_5)_iterations-3,0.2028985470533371,0.36764705882352944,15,15,single,13.0,15.0,-0.014826026359561095,8,"{0: 18, 1: 31, 2: 13, 3: 40, 4: 8, 5: 23, 6: 31, 7: 40}",2.21118712425232,0.1504854410886764,0.5330918431282043,0.0,0.0,2.070277214050293,0.1029411777853965,0.5466818809509277,0.0,0.0,0.7058823704719543,,,,(5,3.0,
17.0,open,densenet,kernel_size-(5_5)_iterations-5,0.2352941185235977,0.36764705882352944,13,13,single,8.0,10.0,0.017569545110699497,8,"{0: 33, 1: 15, 2: 29, 3: 20, 4: 19, 5: 38, 6: 26, 7: 24}",2.229607105255127,0.1601941734552383,0.5540528297424316,0.0,0.0,2.066683769226074,0.073529414832592,0.5498486757278442,0.0,0.0,0.7058823704719543,,,,(5,5.0,
18.0,open,densenet,kernel_size-(5_5)_iterations-7,0.2318840622901916,0.39705882352941174,7,7,single,9.0,11.0,0.014159488877293402,8,"{0: 25, 1: 20, 2: 14, 3: 35, 4: 40, 5: 7, 6: 40, 7: 23}",2.406053066253662,0.1359223276376724,0.5139167308807373,0.2222222238779068,0.0194174759089946,2.105792999267578,0.0441176481544971,0.5141806602478027,0.0,0.0,0.7058823704719543,,,,(5,7.0,
20.0,open,densenet,kernel_size-(9_9)_iterations-1,0.2173912972211837,0.4264705882352941,12,12,single,11.0,13.0,-0.00033327619171449885,8,"{0: 20, 1: 32, 2: 28, 3: 34, 4: 24, 5: 16, 6: 36, 7: 14}",2.1968061923980717,0.1747572869062423,0.5410887598991394,0.0,0.0,2.0725369453430176,0.147058829665184,0.5390045642852783,0.0,0.0,0.7058823704719543,,,,(9,1.0,
19.0,open,densenet,kernel_size-(9_9)_iterations-2,0.2205882370471954,0.5,9,9,single,10.0,12.0,0.0028636636342972144,8,"{0: 29, 1: 35, 2: 12, 3: 32, 4: 30, 5: 17, 6: 23, 7: 26}",2.144351959228516,0.1747572869062423,0.5890331864356995,0.2857142984867096,0.0194174759089946,2.055581331253052,0.2205882370471954,0.5812685489654541,0.0,0.0,0.6617646813392639,,,,(9,2.0,
18.0,open,densenet,kernel_size-(9_9)_iterations-3,0.2318840622901916,0.4264705882352941,6,6,single,9.0,11.0,0.014159488877293402,8,"{0: 21, 1: 34, 2: 22, 3: 36, 4: 12, 5: 12, 6: 37, 7: 30}",2.46449875831604,0.1601941734552383,0.540903627872467,0.1463414579629898,0.029126213863492,2.0657129287719727,0.1323529481887817,0.5686171650886536,0.0,0.0,0.75,,,,(9,3.0,
20.0,open,densenet,kernel_size-(9_9)_iterations-5,0.2173912972211837,0.3382352941176471,14,14,single,11.0,13.0,-0.00033327619171449885,8,"{0: 47, 1: 35, 2: 45, 3: 18, 4: 19, 5: 6, 6: 28, 7: 6}",2.171010255813598,0.1553398072719574,0.5472661256790161,0.6666666865348816,0.0097087379544973,2.118358373641968,0.1176470592617988,0.4396626651287079,0.0,0.0,0.5735294222831726,,,,(9,5.0,
25.0,open,densenet,kernel_size-(9_9)_iterations-7,0.1764705926179886,0.36764705882352944,1,1,single,16.0,18.0,-0.041253980794909606,8,"{0: 48, 1: 30, 2: 50, 3: 18, 4: 4, 5: 11, 6: 21, 7: 22}",3.130321264266968,0.1407766938209533,0.472390353679657,0.1690140813589096,0.058252427726984,2.1905651092529297,0.147058829665184,0.4996756017208099,0.0,0.0,0.5735294222831726,,,,(9,7.0,
31.0,open,efficientnet,kernel_size-(3_3)_iterations-5,0.1323529481887817,0.36764705882352944,1,1,single,18.0,24.0,-0.032159357503720926,3,"{0: 68, 3: 68, 6: 68}",2.195574283599853,0.1262135952711105,0.4901313781738281,0.0,0.0,2.084183931350708,0.1323529481887817,0.5047423839569092,0.0,0.0,0.6323529481887817,,,,(3,5.0,
27.0,open,efficientnet,kernel_size-(11_11)_iterations-1,0.1617647111415863,0.36764705882352944,10,10,single,14.0,20.0,-0.0027475945509163324,4,"{0: 64, 1: 68, 6: 68, 7: 4}",2.112640857696533,0.1116504818201065,0.4983268678188324,0.0,0.0,2.080399990081787,0.1617647111415863,0.5051285028457642,0.0,0.0,0.6323529481887817,,,,(11,1.0,
29.0,open,efficientnet,kernel_size-(11_11)_iterations-2,0.147058829665184,0.38235294117647056,4,4,single,16.0,22.0,-0.017453476027318643,3,"{0: 68, 1: 68, 2: 68}",2.1407387256622314,0.1310679614543914,0.4804041385650635,0.0,0.0,2.079821348190308,0.147058829665184,0.514814019203186,0.0,0.0,0.6323529481887817,,,,(11,2.0,
25.0,open,efficientnet,kernel_size-(11_11)_iterations-3,0.1764705926179886,0.35294117647058826,9,9,single,12.0,18.0,0.01195828692548595,3,"{0: 68, 4: 68, 6: 68}",2.06904935836792,0.1650485396385193,0.5526473522186279,0.0,0.0,2.0803067684173584,0.1323529481887817,0.5154318809509277,0.0,0.0,0.6323529481887817,,,,(11,3.0,
31.0,open,efficientnet,kernel_size-(11_11)_iterations-5,0.1323529481887817,0.35294117647058826,1,1,single,18.0,24.0,-0.032159357503720926,3,"{0: 68, 4: 68, 6: 68}",2.2561724185943604,0.0873786434531211,0.4366861581802368,0.0,0.0,2.081914186477661,0.1176470592617988,0.5060244202613831,0.0,0.0,0.6323529481887817,,,,(11,5.0,
31.0,open,efficientnet,kernel_size-(11_11)_iterations-7,0.1323529481887817,0.38235294117647056,5,5,single,18.0,24.0,-0.032159357503720926,4,"{0: 68, 2: 6, 5: 62, 6: 68}",2.151118755340576,0.097087375819683,0.4712323248386383,0.0,0.0,2.080009937286377,0.1323529481887817,0.511152982711792,0.0,0.0,0.6470588445663452,,,,(11,7.0,
27.0,open,efficientnet,kernel_size-(15_15)_iterations-1,0.1617647111415863,0.36764705882352944,7,7,single,14.0,20.0,-0.0027475945509163324,3,"{0: 68, 2: 68, 6: 68}",2.113981008529663,0.1067961156368255,0.4949369430541992,0.0,0.0,2.0793545246124268,0.1617647111415863,0.5058854818344116,0.0,0.0,0.6323529481887817,,,,(15,1.0,
27.0,open,efficientnet,kernel_size-(15_15)_iterations-2,0.1617647111415863,0.36764705882352944,14,14,single,14.0,20.0,-0.0027475945509163324,3,"{0: 68, 2: 68, 6: 68}",2.102891445159912,0.116504855453968,0.483730137348175,0.0,0.0,2.078653573989868,0.1617647111415863,0.5055147409439087,0.0,0.0,0.6470588445663452,,,,(15,2.0,
20.0,open,efficientnet,kernel_size-(15_15)_iterations-3,0.2173912972211837,0.36764705882352944,5,5,single,7.0,13.0,0.05287899152868106,6,"{0: 7, 1: 68, 3: 3, 4: 67, 6: 58, 7: 1}",2.117114543914795,0.1116504818201065,0.4991634488105774,0.0,0.0,2.0816099643707275,0.1323529481887817,0.5072293281555176,0.0,0.0,0.6323529481887817,,,,(15,3.0,
28.0,open,efficientnet,kernel_size-(15_15)_iterations-5,0.159420296549797,0.36764705882352944,4,4,single,15.0,21.0,-0.0050920091427056335,3,"{0: 68, 2: 68, 6: 68}",2.104706048965454,0.116504855453968,0.5124338269233704,0.0,0.0,2.080000162124634,0.1323529481887817,0.5173010230064392,0.0,0.0,0.6323529481887817,,,,(15,5.0,
28.0,open,efficientnet,kernel_size-(15_15)_iterations-7,0.159420296549797,0.38235294117647056,12,12,single,15.0,21.0,-0.0050920091427056335,4,"{0: 68, 1: 4, 2: 64, 5: 68}",2.1021831035614014,0.116504855453968,0.5087190866470337,0.0,0.0,2.081094026565552,0.1323529481887817,0.4949178397655487,0.0,0.0,0.6176470518112183,,,,(15,7.0,
22.0,open,efficientnet,kernel_size-(3_3)_iterations-1,0.2028985470533371,0.35294117647058826,14,14,single,9.0,15.0,0.03838624136083446,3,"{0: 68, 6: 68, 7: 68}",2.095285177230835,0.0922330096364021,0.5056774020195007,0.0,0.0,2.080379009246826,0.1323529481887817,0.5007414817810059,0.0,0.0,0.6176470518112183,,,,(3,1.0,
29.0,open,efficientnet,kernel_size-(3_3)_iterations-2,0.147058829665184,0.36764705882352944,11,11,single,16.0,22.0,-0.017453476027318643,3,"{0: 68, 3: 68, 6: 68}",2.120260715484619,0.1067961156368255,0.4548597633838653,0.0,0.0,2.08150577545166,0.147058829665184,0.5147058963775635,0.0,0.0,0.6323529481887817,,,,(3,2.0,
28.0,open,efficientnet,kernel_size-(3_3)_iterations-3,0.159420296549797,0.36764705882352944,5,5,single,15.0,21.0,-0.0050920091427056335,3,"{0: 68, 5: 68, 7: 68}",2.140022993087769,0.1067961156368255,0.4793016314506531,0.0,0.0,2.0799832344055176,0.1323529481887817,0.511152982711792,0.0,0.0,0.6323529481887817,,,,(3,3.0,
29.0,open,efficientnet,kernel_size-(3_3)_iterations-7,0.147058829665184,0.38235294117647056,7,7,single,16.0,22.0,-0.017453476027318643,3,"{0: 68, 2: 68, 5: 68}",2.145150899887085,0.1067961156368255,0.4571994543075561,0.0,0.0,2.07867693901062,0.1323529481887817,0.508650541305542,0.0,0.0,0.6470588445663452,,,,(3,7.0,
28.0,open,efficientnet,kernel_size-(5_5)_iterations-1,0.159420296549797,0.36764705882352944,3,3,single,15.0,21.0,-0.0050920091427056335,4,"{2: 9, 5: 68, 6: 59, 7: 68}",2.130887746810913,0.1213592216372489,0.5016192197799683,0.0,0.0,2.081778287887573,0.147058829665184,0.5057618618011475,0.0,0.0,0.6323529481887817,,,,(5,1.0,
29.0,open,efficientnet,kernel_size-(5_5)_iterations-2,0.147058829665184,0.36764705882352944,4,4,single,16.0,22.0,-0.017453476027318643,3,"{0: 68, 1: 68, 7: 68}",2.162586212158203,0.116504855453968,0.4790407121181488,0.0,0.0,2.0843067169189453,0.1323529481887817,0.4985479414463043,0.0,0.0,0.6176470518112183,,,,(5,2.0,
24.0,open,efficientnet,kernel_size-(5_5)_iterations-3,0.1884057968854904,0.36764705882352944,14,14,single,11.0,17.0,0.023893491192987754,3,"{0: 68, 4: 68, 5: 68}",2.104283571243286,0.116504855453968,0.4805303514003753,0.0,0.0,2.079687118530273,0.1176470592617988,0.5008032917976379,0.0,0.0,0.6176470518112183,,,,(5,3.0,
29.0,open,efficientnet,kernel_size-(5_5)_iterations-5,0.147058829665184,0.39705882352941174,8,8,single,16.0,22.0,-0.017453476027318643,3,"{1: 68, 2: 68, 3: 68}",2.0970866680145264,0.1456310749053955,0.5138612389564514,0.0,0.0,2.085090398788452,0.1176470592617988,0.4957519769668579,0.0,0.0,0.6176470518112183,,,,(5,5.0,
28.0,open,efficientnet,kernel_size-(5_5)_iterations-7,0.159420296549797,0.38235294117647056,4,4,single,15.0,21.0,-0.0050920091427056335,3,"{2: 68, 5: 68, 6: 68}",2.142214059829712,0.1262135952711105,0.486697643995285,0.0,0.0,2.0839381217956543,0.1176470592617988,0.4981926679611206,0.0,0.0,0.6176470518112183,,,,(5,7.0,
29.0,open,efficientnet,kernel_size-(9_9)_iterations-1,0.147058829665184,0.38235294117647056,6,6,single,16.0,22.0,-0.017453476027318643,4,"{0: 6, 1: 68, 5: 68, 6: 62}",2.120147228240967,0.1019417494535446,0.4861606657505035,0.0,0.0,2.0793917179107666,0.147058829665184,0.508944034576416,0.0,0.0,0.6323529481887817,,,,(9,1.0,
27.0,open,efficientnet,kernel_size-(9_9)_iterations-2,0.1617647111415863,0.35294117647058826,1,1,single,14.0,20.0,-0.0027475945509163324,4,"{0: 68, 2: 40, 3: 28, 7: 68}",2.15883469581604,0.1553398072719574,0.5037501454353333,0.0,0.0,2.086942434310913,0.1176470592617988,0.5004788637161255,0.0,0.0,0.6176470518112183,,,,(9,2.0,
31.0,open,efficientnet,kernel_size-(9_9)_iterations-3,0.1323529481887817,0.38235294117647056,1,1,single,18.0,24.0,-0.032159357503720926,3,"{2: 68, 3: 68, 6: 68}",2.1946358680725098,0.1067961156368255,0.4750683307647705,0.0,0.0,2.083287477493286,0.1323529481887817,0.5073529481887817,0.0,0.0,0.6176470518112183,,,,(9,3.0,
29.0,open,efficientnet,kernel_size-(9_9)_iterations-5,0.147058829665184,0.4264705882352941,14,14,single,16.0,22.0,-0.017453476027318643,4,"{1: 68, 3: 15, 5: 68, 6: 53}",2.0956547260284424,0.1553398072719574,0.4832958877086639,0.0,0.0,2.079697847366333,0.147058829665184,0.5098862648010254,0.0,0.0,0.6323529481887817,,,,(9,5.0,
29.0,open,efficientnet,kernel_size-(9_9)_iterations-7,0.147058829665184,0.3235294117647059,13,13,single,16.0,22.0,-0.017453476027318643,4,"{0: 68, 4: 57, 6: 68, 7: 11}",2.087002754211426,0.1504854410886764,0.529156506061554,0.0,0.0,2.082839012145996,0.147058829665184,0.4936974644660949,0.0,0.0,0.6176470518112183,,,,(9,7.0,
14.0,open,inception,kernel_size-(3_3)_iterations-5,0.260869562625885,0.4411764705882353,11,11,single,13.0,7.0,0.010133792213193993,8,"{0: 18, 1: 7, 2: 29, 3: 32, 4: 28, 5: 33, 6: 22, 7: 35}",1.9266932010650637,0.2669903039932251,0.6761239767074585,0.625,0.0242718439549207,2.04923677444458,0.1617647111415863,0.584945023059845,0.0,0.0,0.720588207244873,,,,(3,5.0,
16.0,open,inception,kernel_size-(11_11)_iterations-1,0.2463768124580383,0.4264705882352941,14,14,single,15.0,9.0,-0.004358957954652715,8,"{0: 25, 1: 28, 2: 22, 3: 33, 4: 22, 5: 25, 6: 24, 7: 25}",1.9045740365982056,0.2427184432744979,0.6889433860778809,0.5384615659713745,0.0339805819094181,2.031591892242432,0.2058823555707931,0.5817782878875732,0.0,0.0,0.6764705777168274,,,,(11,1.0,
21.0,open,inception,kernel_size-(11_11)_iterations-2,0.2058823555707931,0.4411764705882353,10,10,single,20.0,14.0,-0.04485341484189792,8,"{0: 25, 1: 29, 2: 24, 3: 49, 4: 31, 5: 16, 6: 11, 7: 19}",2.094536542892456,0.1844660192728042,0.6168161630630493,0.2777777910232544,0.0242718439549207,2.043267011642456,0.2058823555707931,0.5927613973617554,0.0,0.0,0.7647058963775635,,,,(11,2.0,
17.0,open,inception,kernel_size-(11_11)_iterations-3,0.2352941185235977,0.5,10,10,single,16.0,10.0,-0.015441651889093327,8,"{0: 35, 1: 24, 2: 24, 3: 33, 4: 20, 5: 30, 6: 22, 7: 16}",1.9717271327972408,0.2718446552753448,0.6692683696746826,0.4705882370471954,0.0388349518179893,2.056917190551758,0.2352941185235977,0.5888531804084778,0.0,0.0,0.6911764740943909,,,,(11,3.0,
18.0,open,inception,kernel_size-(11_11)_iterations-5,0.2318840622901916,0.5147058823529411,15,15,single,17.0,11.0,-0.018851708122499422,8,"{0: 20, 1: 21, 2: 20, 3: 42, 4: 26, 5: 24, 6: 26, 7: 25}",1.8712199926376345,0.276699036359787,0.7058209180831909,0.5,0.0485436879098415,2.1069207191467285,0.1764705926179886,0.5569698214530945,0.0,0.0,0.7058823704719543,,,,(11,5.0,
20.0,open,inception,kernel_size-(11_11)_iterations-7,0.2173912972211837,0.4852941176470588,15,15,single,19.0,13.0,-0.03334447319150732,8,"{0: 22, 1: 30, 2: 25, 3: 32, 4: 26, 5: 21, 6: 26, 7: 22}",1.8162840604782104,0.3009708821773529,0.7271588444709778,0.6363636255264282,0.0339805819094181,2.0982463359832764,0.1176470592617988,0.5511925220489502,0.0,0.0,0.6617646813392639,,,,(11,7.0,
19.0,open,inception,kernel_size-(15_15)_iterations-1,0.2205882370471954,0.47058823529411764,5,5,single,18.0,12.0,-0.03014753336549561,8,"{0: 18, 1: 10, 2: 32, 3: 23, 4: 33, 5: 34, 6: 28, 7: 26}",2.2123265266418457,0.1796116530895233,0.6031098961830139,0.2758620679378509,0.0388349518179893,2.037222623825073,0.2205882370471954,0.5932865142822266,0.0,0.0,0.7058823704719543,,,,(15,1.0,
23.0,open,inception,kernel_size-(15_15)_iterations-2,0.1911764740943908,0.4411764705882353,1,1,single,22.0,16.0,-0.0595592963183002,8,"{0: 30, 1: 15, 2: 29, 3: 35, 4: 28, 5: 23, 6: 15, 7: 29}",2.9544014930725098,0.1359223276376724,0.4693942666053772,0.171875,0.0533980578184127,2.16655707359314,0.1911764740943908,0.5277280211448669,0.0,0.0,0.6323529481887817,,,,(15,2.0,
17.0,open,inception,kernel_size-(15_15)_iterations-3,0.2352941185235977,0.4852941176470588,2,2,single,16.0,10.0,-0.015441651889093327,8,"{0: 29, 1: 23, 2: 37, 3: 30, 4: 13, 5: 25, 6: 35, 7: 12}",2.484215497970581,0.1262135952711105,0.5581716299057007,0.0243902429938316,0.0048543689772486,2.099761962890625,0.1764705926179886,0.5382785201072693,0.0,0.0,0.6617646813392639,,,,(15,3.0,
18.0,open,inception,kernel_size-(15_15)_iterations-5,0.2318840622901916,0.4117647058823529,3,3,single,17.0,11.0,-0.018851708122499422,8,"{0: 34, 1: 39, 2: 16, 3: 30, 4: 25, 5: 26, 6: 12, 7: 22}",2.329711437225342,0.1699029058218002,0.5556787252426147,0.2222222238779068,0.029126213863492,2.082826852798462,0.1617647111415863,0.543268084526062,0.0,0.0,0.6176470518112183,,,,(15,5.0,
22.0,open,inception,kernel_size-(15_15)_iterations-7,0.2028985470533371,0.47058823529411764,10,10,single,21.0,15.0,-0.04783722335935392,8,"{0: 23, 1: 17, 2: 23, 3: 35, 4: 24, 5: 14, 6: 44, 7: 24}",2.0521318912506104,0.218446597456932,0.6262943744659424,0.2727272808551788,0.014563106931746,2.091088056564331,0.1323529481887817,0.5487673282623291,0.0,0.0,0.6323529481887817,,,,(15,7.0,
13.0,open,inception,kernel_size-(3_3)_iterations-1,0.2647058963775635,0.45588235294117646,15,15,single,12.0,6.0,0.01397012596487246,8,"{0: 21, 1: 17, 2: 19, 3: 20, 4: 24, 5: 43, 6: 26, 7: 34}",1.8447383642196653,0.3398058116436004,0.7169451713562012,0.5263158082962036,0.0485436879098415,2.0524487495422363,0.25,0.5666399002075195,0.0,0.0,0.6470588445663452,,,,(3,1.0,
12.0,open,inception,kernel_size-(3_3)_iterations-2,0.2753623127937317,0.5,11,11,single,11.0,5.0,0.024626542381040673,8,"{0: 35, 1: 14, 2: 25, 3: 29, 4: 27, 5: 28, 6: 28, 7: 18}",2.0099337100982666,0.2669903039932251,0.6509483456611633,0.4285714328289032,0.0436893217265605,2.0482678413391118,0.2058823555707931,0.5750586986541748,0.0,0.0,0.6911764740943909,,,,(3,2.0,
11.0,open,inception,kernel_size-(3_3)_iterations-3,0.2794117629528045,0.45588235294117646,7,7,single,10.0,4.0,0.028675992540113493,8,"{0: 29, 1: 3, 2: 31, 3: 31, 4: 26, 5: 43, 6: 24, 7: 17}",2.079702377319336,0.2135922312736511,0.6333369612693787,0.380952388048172,0.0388349518179893,2.061408042907715,0.1764705926179886,0.5694977045059204,0.0,0.0,0.720588207244873,,,,(3,3.0,
20.0,open,inception,kernel_size-(3_3)_iterations-7,0.2173912972211837,0.45588235294117646,5,5,single,19.0,13.0,-0.03334447319150732,8,"{0: 29, 1: 42, 2: 29, 3: 29, 4: 25, 5: 18, 6: 18, 7: 14}",2.258106231689453,0.1650485396385193,0.5739567279815674,0.25,0.0339805819094181,2.11344575881958,0.1764705926179886,0.5105505585670471,0.0,0.0,0.6323529481887817,,,,(3,7.0,
11.0,open,inception,kernel_size-(5_5)_iterations-1,0.2794117629528045,0.5735294117647058,9,9,single,10.0,4.0,0.028675992540113493,8,"{0: 17, 1: 23, 2: 26, 3: 29, 4: 29, 5: 26, 6: 25, 7: 29}",2.0427420139312744,0.2038834989070892,0.6448399424552917,0.4583333432674408,0.0533980578184127,1.9915311336517332,0.2794117629528045,0.6386091113090515,0.0,0.0,0.75,,,,(5,1.0,
15.0,open,inception,kernel_size-(5_5)_iterations-2,0.25,0.5441176470588235,10,10,single,14.0,8.0,-0.000735770412691017,8,"{0: 25, 1: 23, 2: 23, 3: 36, 4: 15, 5: 28, 6: 29, 7: 25}",1.9792405366897583,0.2572815418243408,0.6715490818023682,0.52173912525177,0.058252427726984,2.058213233947754,0.0882352963089943,0.5736220479011536,0.0,0.0,0.75,,,,(5,2.0,
13.0,open,inception,kernel_size-(5_5)_iterations-3,0.2647058963775635,0.4852941176470588,7,7,single,12.0,6.0,0.01397012596487246,8,"{0: 20, 1: 36, 2: 37, 3: 36, 4: 15, 5: 33, 6: 12, 7: 15}",1.9994091987609863,0.2572815418243408,0.6512680649757385,0.6842105388641357,0.0631067976355552,2.061028242111206,0.2647058963775635,0.5670260787010193,0.0,0.0,0.7058823704719543,,,,(5,3.0,
21.0,open,inception,kernel_size-(5_5)_iterations-5,0.2058823555707931,0.39705882352941174,6,6,single,20.0,14.0,-0.04485341484189792,8,"{0: 28, 1: 32, 2: 16, 3: 29, 4: 38, 5: 29, 6: 19, 7: 13}",2.22425389289856,0.1990291327238083,0.6027917265892029,0.3103448152542114,0.0436893217265605,2.0570223331451416,0.2058823555707931,0.5591942667961121,0.0,0.0,0.6911764740943909,,,,(5,5.0,
15.0,open,inception,kernel_size-(5_5)_iterations-7,0.25,0.39705882352941174,15,15,single,14.0,8.0,-0.000735770412691017,8,"{0: 31, 1: 31, 2: 32, 3: 12, 4: 22, 5: 22, 6: 17, 7: 37}",1.9012852907180784,0.2669903039932251,0.6805828213691711,0.7222222089767456,0.0631067976355552,2.056044578552246,0.25,0.5783799290657043,0.0,0.0,0.779411792755127,,,,(5,7.0,
12.0,open,inception,kernel_size-(9_9)_iterations-1,0.2753623127937317,0.47058823529411764,5,5,single,11.0,5.0,0.024626542381040673,8,"{0: 20, 1: 20, 2: 16, 3: 41, 4: 23, 5: 36, 6: 28, 7: 20}",2.359682083129883,0.1747572869062423,0.5737799406051636,0.1621621549129486,0.029126213863492,2.0672731399536133,0.1176470592617988,0.5649252533912659,0.0,0.0,0.720588207244873,,,,(9,1.0,
15.0,open,inception,kernel_size-(9_9)_iterations-2,0.25,0.3382352941176471,6,6,single,14.0,8.0,-0.000735770412691017,8,"{0: 21, 1: 32, 2: 35, 3: 21, 4: 19, 5: 38, 6: 27, 7: 11}",2.081582307815552,0.2621359229087829,0.6356479525566101,0.3333333432674408,0.0388349518179893,2.069134473800659,0.25,0.5645853877067566,0.0,0.0,0.6911764740943909,,,,(9,2.0,
15.0,open,inception,kernel_size-(9_9)_iterations-3,0.25,0.5,13,13,single,14.0,8.0,-0.000735770412691017,8,"{0: 35, 1: 12, 2: 30, 3: 24, 4: 26, 5: 27, 6: 14, 7: 36}",1.9013702869415283,0.2475728094577789,0.6937960386276245,0.3000000119209289,0.014563106931746,2.071133136749268,0.1764705926179886,0.5720773935317993,0.0,0.0,0.6911764740943909,,,,(9,3.0,
19.0,open,inception,kernel_size-(9_9)_iterations-5,0.2205882370471954,0.4264705882352941,7,7,single,18.0,12.0,-0.03014753336549561,8,"{0: 16, 1: 20, 2: 28, 3: 33, 4: 27, 5: 40, 6: 21, 7: 19}",2.207860946655273,0.1601941734552383,0.571117103099823,0.375,0.029126213863492,2.087109088897705,0.2205882370471954,0.5286393761634827,0.0,0.0,0.6470588445663452,,,,(9,5.0,
19.0,open,inception,kernel_size-(9_9)_iterations-7,0.2205882370471954,0.4852941176470588,10,10,single,18.0,12.0,-0.03014753336549561,8,"{0: 22, 1: 32, 2: 25, 3: 37, 4: 13, 5: 36, 6: 18, 7: 21}",2.0057315826416016,0.223300963640213,0.6408794522285461,0.2857142984867096,0.0097087379544973,2.0419225692749023,0.2205882370471954,0.5889613032341003,0.0,0.0,0.7647058963775635,,,,(9,7.0,
22.0,open,mobilenetv3,kernel_size-(3_3)_iterations-5,0.2028985470533371,0.36764705882352944,6,6,single,10.0,15.0,0.019677069678807724,5,"{0: 68, 1: 30, 2: 37, 3: 68, 5: 1}",2.1717722415924072,0.1067961156368255,0.5062161087989807,0.0,0.0,2.083974123001098,0.1176470592617988,0.5048967599868774,0.0,0.0,0.6470588445663452,,,,(3,5.0,
18.0,open,mobilenetv3,kernel_size-(11_11)_iterations-1,0.2318840622901916,0.3382352941176471,6,6,single,6.0,11.0,0.04866258491566222,4,"{0: 62, 3: 65, 6: 68, 7: 9}",2.2284600734710693,0.1116504818201065,0.471952736377716,0.0,0.0,2.087717294692993,0.1176470592617988,0.4962462782859802,0.0,0.0,0.6029411554336548,,,,(11,1.0,
25.0,open,mobilenetv3,kernel_size-(11_11)_iterations-2,0.1764705926179886,0.36764705882352944,2,2,single,13.0,18.0,-0.006750884756540787,4,"{0: 68, 3: 68, 5: 65, 6: 3}",2.210455179214477,0.1019417494535446,0.5162513256072998,0.0,0.0,2.0921103954315186,0.1764705926179886,0.5001544952392578,0.0,0.0,0.6176470518112183,,,,(11,2.0,
21.0,open,mobilenetv3,kernel_size-(11_11)_iterations-3,0.2058823555707931,0.36764705882352944,14,14,single,9.0,14.0,0.022660878196263723,4,"{0: 68, 3: 68, 5: 1, 6: 67}",2.134646415710449,0.1213592216372489,0.5086331963539124,0.0,0.0,2.0840418338775635,0.1323529481887817,0.5093147158622742,0.0,0.0,0.7058823704719543,,,,(11,3.0,
24.0,open,mobilenetv3,kernel_size-(11_11)_iterations-5,0.1884057968854904,0.39705882352941174,14,14,single,12.0,17.0,0.005184319510961016,4,"{0: 68, 1: 52, 3: 68, 4: 16}",2.149099349975586,0.1067961156368255,0.5139891505241394,0.0,0.0,2.083058834075928,0.1176470592617988,0.5154318809509277,0.0,0.0,0.6323529481887817,,,,(11,5.0,
24.0,open,mobilenetv3,kernel_size-(11_11)_iterations-7,0.1884057968854904,0.35294117647058826,12,12,single,12.0,17.0,0.005184319510961016,5,"{0: 65, 2: 15, 4: 55, 5: 1, 6: 68}",2.1600379943847656,0.1262135952711105,0.5060915350914001,0.0,0.0,2.091740131378174,0.1176470592617988,0.4983007907867431,0.0,0.0,0.6323529481887817,,,,(11,7.0,
21.0,open,mobilenetv3,kernel_size-(15_15)_iterations-1,0.2058823555707931,0.35294117647058826,10,10,single,9.0,14.0,0.022660878196263723,5,"{0: 68, 2: 1, 3: 62, 5: 6, 6: 67}",2.127796173095703,0.1553398072719574,0.513431966304779,0.0,0.0,2.082892656326294,0.2058823555707931,0.5140416622161865,0.0,0.0,0.6029411554336548,,,,(15,1.0,
28.0,open,mobilenetv3,kernel_size-(15_15)_iterations-2,0.159420296549797,0.35294117647058826,5,5,single,16.0,21.0,-0.02380118082473237,5,"{0: 68, 1: 21, 5: 1, 6: 46, 7: 68}",2.205662250518799,0.1407766938209533,0.4918549656867981,0.0,0.0,2.0888895988464355,0.1176470592617988,0.5022398233413696,0.0,0.0,0.6911764740943909,,,,(15,2.0,
25.0,open,mobilenetv3,kernel_size-(15_15)_iterations-3,0.1764705926179886,0.3235294117647059,15,15,single,13.0,18.0,-0.006750884756540787,4,"{0: 68, 4: 68, 5: 14, 7: 54}",2.1563844680786133,0.1601941734552383,0.4816732108592987,0.0,0.0,2.084959030151367,0.1176470592617988,0.4766126871109009,0.0,0.0,0.6323529481887817,,,,(15,3.0,
27.0,open,mobilenetv3,kernel_size-(15_15)_iterations-5,0.1617647111415863,0.38235294117647056,5,5,single,15.0,20.0,-0.02145676623294307,5,"{3: 5, 4: 21, 5: 68, 6: 63, 7: 47}",2.1285789012908936,0.1116504818201065,0.5410550832748413,0.0,0.0,2.081496238708496,0.1617647111415863,0.5047732591629028,0.0,0.0,0.5882353186607361,,,,(15,5.0,
24.0,open,mobilenetv3,kernel_size-(15_15)_iterations-7,0.1884057968854904,0.39705882352941174,4,4,single,12.0,17.0,0.005184319510961016,4,"{1: 68, 2: 67, 3: 68, 5: 1}",2.219057559967041,0.116504855453968,0.471449464559555,0.0,0.0,2.0792105197906494,0.1617647111415863,0.5006487965583801,0.0,0.0,0.5882353186607361,,,,(15,7.0,
23.0,open,mobilenetv3,kernel_size-(3_3)_iterations-1,0.1911764740943908,0.39705882352941174,6,6,single,11.0,16.0,0.00795499671986144,5,"{2: 68, 3: 50, 5: 20, 6: 65, 7: 1}",2.205238580703736,0.1359223276376724,0.4935853183269501,0.0,0.0,2.0842864513397217,0.1911764740943908,0.5001698732376099,0.0,0.0,0.6323529481887817,,,,(3,1.0,
24.0,open,mobilenetv3,kernel_size-(3_3)_iterations-2,0.1884057968854904,0.35294117647058826,6,6,single,12.0,17.0,0.005184319510961016,4,"{0: 68, 1: 35, 3: 34, 6: 67}",2.211439371109009,0.1747572869062423,0.5064837336540222,0.0,0.0,2.08050274848938,0.1176470592617988,0.5026569366455078,0.0,0.0,0.5882353186607361,,,,(3,2.0,
20.0,open,mobilenetv3,kernel_size-(3_3)_iterations-3,0.2173912972211837,0.36764705882352944,4,4,single,8.0,13.0,0.03416981984665432,3,"{0: 68, 3: 68, 6: 68}",2.247574806213379,0.1067961156368255,0.4728263318538666,0.0,0.0,2.092529058456421,0.1176470592617988,0.4900055527687073,0.0,0.0,0.6029411554336548,,,,(3,3.0,
23.0,open,mobilenetv3,kernel_size-(3_3)_iterations-7,0.1911764740943908,0.4117647058823529,3,3,single,11.0,16.0,0.00795499671986144,6,"{0: 67, 1: 48, 2: 10, 3: 8, 4: 3, 5: 68}",2.211055278778076,0.1359223276376724,0.4964551925659179,0.0,0.0,2.082343816757202,0.1911764740943908,0.5171156525611877,0.0,0.0,0.6176470518112183,,,,(3,7.0,
23.0,open,mobilenetv3,kernel_size-(5_5)_iterations-1,0.1911764740943908,0.36764705882352944,12,12,single,11.0,16.0,0.00795499671986144,4,"{0: 68, 1: 68, 2: 61, 5: 7}",2.1315932273864746,0.1213592216372489,0.5106950998306274,0.0,0.0,2.080681085586548,0.1323529481887817,0.5156018137931824,0.0,0.0,0.6323529481887817,,,,(5,1.0,
25.0,open,mobilenetv3,kernel_size-(5_5)_iterations-2,0.1764705926179886,0.36764705882352944,4,4,single,13.0,18.0,-0.006750884756540787,3,"{0: 68, 2: 68, 7: 68}",2.180912733078003,0.1067961156368255,0.5040110945701599,0.0,0.0,2.0818874835968018,0.1323529481887817,0.5205450057983398,0.0,0.0,0.7058823704719543,,,,(5,2.0,
25.0,open,mobilenetv3,kernel_size-(5_5)_iterations-3,0.1764705926179886,0.35294117647058826,7,7,single,13.0,18.0,-0.006750884756540787,5,"{0: 48, 1: 67, 2: 68, 3: 20, 5: 1}",2.185882329940796,0.097087375819683,0.5012405514717102,0.0,0.0,2.0813004970550537,0.1764705926179886,0.5115237236022949,0.0,0.0,0.6029411554336548,,,,(5,3.0,
28.0,open,mobilenetv3,kernel_size-(5_5)_iterations-5,0.159420296549797,0.38235294117647056,9,9,single,16.0,21.0,-0.02380118082473237,5,"{0: 3, 1: 68, 2: 68, 4: 7, 6: 58}",2.194873571395874,0.1310679614543914,0.4978134930133819,0.0,0.0,2.08203673362732,0.0882352963089943,0.5075383186340332,0.0,0.0,0.6323529481887817,,,,(5,5.0,
22.0,open,mobilenetv3,kernel_size-(5_5)_iterations-7,0.2028985470533371,0.36764705882352944,6,6,single,10.0,15.0,0.019677069678807724,3,"{1: 68, 4: 68, 6: 68}",2.1932551860809326,0.1601941734552383,0.4913921058177948,0.0,0.0,2.089467287063598,0.1176470592617988,0.4805208742618561,0.0,0.0,0.6176470518112183,,,,(5,7.0,
27.0,open,mobilenetv3,kernel_size-(9_9)_iterations-1,0.1617647111415863,0.4411764705882353,5,5,single,15.0,20.0,-0.02145676623294307,6,"{0: 68, 1: 3, 2: 68, 3: 44, 4: 13, 6: 8}",2.21108341217041,0.1116504818201065,0.4839203357696533,0.0,0.0,2.087231397628784,0.1617647111415863,0.4964780211448669,0.0,0.0,0.6176470518112183,,,,(9,1.0,
25.0,open,mobilenetv3,kernel_size-(9_9)_iterations-2,0.1764705926179886,0.36764705882352944,13,13,single,13.0,18.0,-0.006750884756540787,3,"{1: 68, 6: 68, 7: 68}",2.137244701385498,0.1213592216372489,0.5236339569091797,0.0,0.0,2.0965726375579834,0.1176470592617988,0.4768134951591491,0.0,0.0,0.6029411554336548,,,,(9,2.0,
25.0,open,mobilenetv3,kernel_size-(9_9)_iterations-3,0.1764705926179886,0.38235294117647056,2,2,single,13.0,18.0,-0.006750884756540787,4,"{1: 68, 2: 3, 3: 66, 6: 67}",2.2776012420654297,0.1067961156368255,0.4672868847846985,0.0,0.0,2.0870730876922607,0.1764705926179886,0.5209929943084717,0.0,0.0,0.6323529481887817,,,,(9,3.0,
25.0,open,mobilenetv3,kernel_size-(9_9)_iterations-5,0.1764705926179886,0.35294117647058826,12,12,single,13.0,18.0,-0.006750884756540787,5,"{0: 42, 1: 53, 2: 8, 5: 68, 6: 33}",2.184165477752685,0.1262135952711105,0.4797577559947967,0.0,0.0,2.081308126449585,0.1323529481887817,0.5057618618011475,0.0,0.0,0.6470588445663452,,,,(9,5.0,
27.0,open,mobilenetv3,kernel_size-(9_9)_iterations-7,0.1617647111415863,0.35294117647058826,8,8,single,15.0,20.0,-0.02145676623294307,5,"{1: 60, 2: 53, 3: 68, 5: 22, 7: 1}",2.243363380432129,0.0776699036359787,0.4568408727645874,0.0,0.0,2.0813863277435303,0.1323529481887817,0.5184131860733032,0.0,0.0,0.6029411554336548,,,,(9,7.0,
17.0,open,nasnet,kernel_size-(3_3)_iterations-5,0.2352941185235977,0.39705882352941174,1,1,single,12.0,10.0,0.002125857552145727,8,"{0: 19, 1: 22, 2: 27, 3: 38, 4: 26, 5: 18, 6: 30, 7: 24}",2.363084554672241,0.1553398072719574,0.5272932052612305,0.1764705926179886,0.014563106931746,2.1175246238708496,0.1323529481887817,0.5050512552261353,0.0,0.0,0.6176470518112183,,,,(3,5.0,
7.0,open,nasnet,kernel_size-(11_11)_iterations-1,0.3088235259056091,0.4411764705882353,11,11,single,2.0,2.0,0.07565526493415711,8,"{0: 34, 1: 14, 2: 38, 3: 13, 4: 22, 5: 37, 6: 30, 7: 16}",2.024087190628052,0.1990291327238083,0.6203795075416565,0.6666666865348816,0.0097087379544973,2.0802738666534424,0.0588235296308994,0.5363321900367737,0.0,0.0,0.7058823704719543,,,,(11,1.0,
19.0,open,nasnet,kernel_size-(11_11)_iterations-2,0.2205882370471954,0.38235294117647056,2,2,single,14.0,12.0,-0.012580023924256556,8,"{0: 34, 1: 23, 2: 37, 3: 27, 4: 22, 5: 20, 6: 31, 7: 10}",2.3265509605407715,0.1407766938209533,0.5130297541618347,0.1111111119389534,0.0048543689772486,2.119424819946289,0.1617647111415863,0.5088667869567871,0.0,0.0,0.6470588445663452,,,,(11,2.0,
22.0,open,nasnet,kernel_size-(11_11)_iterations-3,0.2028985470533371,0.29411764705882354,12,12,single,17.0,15.0,-0.030269713918114866,8,"{0: 39, 1: 21, 2: 25, 3: 21, 4: 20, 5: 34, 6: 22, 7: 22}",2.011162281036377,0.2038834989070892,0.6312986612319946,0.25,0.0048543689772486,2.138122081756592,0.1176470592617988,0.4630808234214782,0.0,0.0,0.5882353186607361,,,,(11,3.0,
20.0,open,nasnet,kernel_size-(11_11)_iterations-5,0.2173912972211837,0.39705882352941174,12,12,single,15.0,13.0,-0.01577696375026827,8,"{0: 36, 1: 19, 2: 32, 3: 24, 4: 10, 5: 25, 6: 22, 7: 36}",1.983513355255127,0.2281553447246551,0.6451799273490906,0.0,0.0,2.104875326156616,0.1029411777853965,0.5339533090591431,0.0,0.0,0.6911764740943909,,,,(11,5.0,
19.0,open,nasnet,kernel_size-(11_11)_iterations-7,0.2205882370471954,0.45588235294117646,2,2,single,14.0,12.0,-0.012580023924256556,8,"{0: 34, 1: 17, 2: 25, 3: 24, 4: 32, 5: 21, 6: 29, 7: 22}",2.236883640289306,0.1359223276376724,0.50761479139328,0.25,0.0048543689772486,2.1337432861328125,0.073529414832592,0.4717777073383331,0.0,0.0,0.6176470518112183,,,,(11,7.0,
13.0,open,nasnet,kernel_size-(15_15)_iterations-1,0.2647058963775635,0.5294117647058824,8,8,single,8.0,6.0,0.031537635406111514,8,"{0: 28, 1: 16, 2: 43, 3: 28, 4: 24, 5: 14, 6: 30, 7: 21}",2.0582189559936523,0.1990291327238083,0.5950523614883423,0.0,0.0,2.0598299503326416,0.1617647111415863,0.5732358694076538,0.0,0.0,0.75,,,,(15,1.0,
23.0,open,nasnet,kernel_size-(15_15)_iterations-2,0.1911764740943908,0.3235294117647059,6,6,single,18.0,16.0,-0.04199178687706115,8,"{0: 40, 1: 25, 2: 28, 3: 26, 4: 14, 5: 18, 6: 30, 7: 23}",2.193586587905884,0.1504854410886764,0.5349467396736145,0.25,0.0048543689772486,2.165989875793457,0.0588235296308994,0.4370983839035034,0.0,0.0,0.5441176295280457,,,,(15,2.0,
21.0,open,nasnet,kernel_size-(15_15)_iterations-3,0.2058823555707931,0.4117647058823529,1,1,single,16.0,14.0,-0.027285905400658866,8,"{0: 31, 1: 24, 2: 19, 3: 28, 4: 27, 5: 28, 6: 28, 7: 19}",2.5089120864868164,0.1116504818201065,0.4725266993045807,0.3636363744735718,0.0194174759089946,2.155440330505371,0.0588235296308994,0.4829615950584411,0.0,0.0,0.6323529481887817,,,,(15,3.0,
22.0,open,nasnet,kernel_size-(15_15)_iterations-5,0.2028985470533371,0.4264705882352941,7,7,single,17.0,15.0,-0.030269713918114866,8,"{0: 33, 1: 8, 2: 27, 3: 31, 4: 21, 5: 34, 6: 32, 7: 18}",2.092353105545044,0.2135922312736511,0.5694507956504822,1.0,0.0048543689772486,2.077573776245117,0.147058829665184,0.5364866256713867,0.0,0.0,0.7058823704719543,,,,(15,5.0,
22.0,open,nasnet,kernel_size-(15_15)_iterations-7,0.2028985470533371,0.4117647058823529,5,5,single,17.0,15.0,-0.030269713918114866,8,"{0: 37, 1: 10, 2: 12, 3: 26, 4: 21, 5: 32, 6: 35, 7: 31}",2.141148805618286,0.1262135952711105,0.5374681353569031,0.0,0.0,2.1058883666992188,0.0882352963089943,0.4969259798526764,0.0,0.0,0.6470588445663452,,,,(15,7.0,
18.0,open,nasnet,kernel_size-(3_3)_iterations-1,0.2318840622901916,0.5,11,11,single,13.0,11.0,-0.0012841986812603678,8,"{0: 29, 1: 17, 2: 19, 3: 30, 4: 27, 5: 30, 6: 29, 7: 23}",1.9083225727081297,0.291262149810791,0.6830841302871704,0.0,0.0,2.041491985321045,0.1323529481887817,0.5964996218681335,0.0,0.0,0.75,,,,(3,1.0,
17.0,open,nasnet,kernel_size-(3_3)_iterations-2,0.2352941185235977,0.4852941176470588,13,13,single,12.0,10.0,0.002125857552145727,8,"{0: 26, 1: 27, 2: 22, 3: 21, 4: 22, 5: 23, 6: 32, 7: 31}",1.940319299697876,0.2621359229087829,0.6733063459396362,0.3333333432674408,0.0048543689772486,2.07135272026062,0.1911764740943908,0.5730042457580566,0.0,0.0,0.7352941036224365,,,,(3,2.0,
17.0,open,nasnet,kernel_size-(3_3)_iterations-3,0.2352941185235977,0.6323529411764706,10,10,single,12.0,10.0,0.002125857552145727,8,"{0: 23, 1: 45, 2: 27, 3: 18, 4: 18, 5: 15, 6: 32, 7: 26}",2.033667802810669,0.2087378650903701,0.6188309788703918,1.0,0.0048543689772486,2.0174219608306885,0.2352941185235977,0.6151600480079651,0.0,0.0,0.7352941036224365,,,,(3,3.0,
13.0,open,nasnet,kernel_size-(3_3)_iterations-7,0.2647058963775635,0.39705882352941174,13,13,single,8.0,6.0,0.031537635406111514,8,"{0: 31, 1: 27, 2: 24, 3: 27, 4: 18, 5: 21, 6: 29, 7: 27}",1.9554601907730105,0.2621359229087829,0.6526753306388855,0.5,0.0048543689772486,2.1066641807556152,0.1323529481887817,0.5096545815467834,0.0,0.0,0.6470588445663452,,,,(3,7.0,
17.0,open,nasnet,kernel_size-(5_5)_iterations-1,0.2352941185235977,0.5147058823529411,8,8,single,12.0,10.0,0.002125857552145727,8,"{0: 25, 1: 8, 2: 44, 3: 39, 4: 20, 5: 22, 6: 23, 7: 23}",2.0345654487609863,0.2087378650903701,0.6099369525909424,0.6666666865348816,0.0097087379544973,2.0192012786865234,0.2352941185235977,0.6113290786743164,0.0,0.0,0.7647058963775635,,,,(5,1.0,
7.0,open,nasnet,kernel_size-(5_5)_iterations-2,0.3088235259056091,0.5294117647058824,14,14,single,2.0,2.0,0.07565526493415711,8,"{0: 23, 1: 20, 2: 32, 3: 28, 4: 24, 5: 34, 6: 32, 7: 11}",1.9457043409347532,0.237864077091217,0.6656392812728882,0.3333333432674408,0.0048543689772486,2.006507158279419,0.3088235259056091,0.617168128490448,0.0,0.0,0.7058823704719543,,,,(5,2.0,
13.0,open,nasnet,kernel_size-(5_5)_iterations-3,0.2647058963775635,0.4117647058823529,9,9,single,8.0,6.0,0.031537635406111514,8,"{0: 28, 1: 26, 2: 38, 3: 23, 4: 12, 5: 29, 6: 32, 7: 16}",2.011240243911743,0.2281553447246551,0.6300934553146362,0.6666666865348816,0.0097087379544973,2.0734939575195312,0.147058829665184,0.5456469058990479,0.0,0.0,0.6617646813392639,,,,(5,3.0,
19.0,open,nasnet,kernel_size-(5_5)_iterations-5,0.2205882370471954,0.45588235294117646,8,8,single,14.0,12.0,-0.012580023924256556,8,"{0: 37, 1: 15, 2: 31, 3: 32, 4: 23, 5: 21, 6: 21, 7: 24}",2.07145357131958,0.1699029058218002,0.5837782621383667,0.5,0.0048543689772486,2.080491542816162,0.2205882370471954,0.5442875623703003,0.0,0.0,0.6176470518112183,,,,(5,5.0,
27.0,open,nasnet,kernel_size-(5_5)_iterations-7,0.1617647111415863,0.39705882352941174,14,14,single,22.0,20.0,-0.07140354982986566,8,"{0: 40, 1: 14, 2: 39, 3: 27, 4: 26, 5: 19, 6: 22, 7: 17}",1.979034662246704,0.2718446552753448,0.6377250552177429,1.0,0.0097087379544973,2.085052967071533,0.1323529481887817,0.5419858694076538,0.0,0.0,0.6764705777168274,,,,(5,7.0,
1.0,open,nasnet,kernel_size-(9_9)_iterations-1,0.3676470518112182,0.5147058823529411,10,10,single,1.0,1.0,0.13447879083976624,8,"{0: 19, 1: 44, 2: 15, 3: 30, 4: 16, 5: 29, 6: 36, 7: 15}",2.052389144897461,0.1844660192728042,0.6099807024002075,0.3333333432674408,0.0048543689772486,2.0132455825805664,0.3676470518112182,0.626529335975647,0.0,0.0,0.7941176295280457,,,,(9,1.0,
24.0,open,nasnet,kernel_size-(9_9)_iterations-2,0.1884057968854904,0.45588235294117646,13,13,single,19.0,17.0,-0.04476246408596157,8,"{0: 39, 1: 18, 2: 14, 3: 36, 4: 21, 5: 38, 6: 26, 7: 12}",1.9994703531265257,0.2475728094577789,0.6343485713005066,0.25,0.0048543689772486,2.0797486305236816,0.073529414832592,0.5407346487045288,0.0,0.0,0.6764705777168274,,,,(9,2.0,
21.0,open,nasnet,kernel_size-(9_9)_iterations-3,0.2058823555707931,0.36764705882352944,8,8,single,16.0,14.0,-0.027285905400658866,8,"{0: 40, 1: 28, 2: 36, 3: 22, 4: 21, 5: 15, 6: 25, 7: 17}",2.0517048835754395,0.1941747516393661,0.6073145270347595,0.0,0.0,2.13698673248291,0.1029411777853965,0.4589872658252716,0.0,0.0,0.5588235259056091,,,,(9,3.0,
23.0,open,nasnet,kernel_size-(9_9)_iterations-5,0.1911764740943908,0.4411764705882353,4,4,single,18.0,16.0,-0.04199178687706115,8,"{0: 26, 1: 24, 2: 15, 3: 33, 4: 22, 5: 32, 6: 36, 7: 16}",2.226917266845703,0.1747572869062423,0.5345209240913391,0.0,0.0,2.1140356063842773,0.1323529481887817,0.4968332946300506,0.0,0.0,0.5882353186607361,,,,(9,5.0,
21.0,open,nasnet,kernel_size-(9_9)_iterations-7,0.2058823555707931,0.38235294117647056,1,1,single,16.0,14.0,-0.027285905400658866,8,"{0: 20, 1: 30, 2: 30, 3: 31, 4: 20, 5: 34, 6: 21, 7: 18}",2.394492626190185,0.0776699036359787,0.4871167242527008,0.0,0.0,2.096508264541626,0.2058823555707931,0.506534218788147,0.0,0.0,0.6323529481887817,,,,(9,7.0,
25.0,open,resnet,kernel_size-(3_3)_iterations-5,0.1764705926179886,0.39705882352941174,4,4,single,12.0,18.0,0.0020670118786040026,4,"{1: 56, 5: 68, 6: 68, 7: 12}",2.5427870750427246,0.1650485396385193,0.5281078219413757,0.1500000059604644,0.029126213863492,2.098910331726074,0.1764705926179886,0.5154936909675598,0.0,0.0,0.6323529481887817,,,,(3,5.0,
27.0,open,resnet,kernel_size-(11_11)_iterations-1,0.1617647111415863,0.36764705882352944,1,1,single,14.0,20.0,-0.01263886959779828,3,"{1: 68, 6: 68, 7: 68}",3.0326991081237797,0.1213592216372489,0.4864232838153839,0.1081081107258796,0.0388349518179893,2.1078298091888428,0.1617647111415863,0.514520525932312,0.0,0.0,0.6470588445663452,,,,(11,1.0,
30.0,open,resnet,kernel_size-(11_11)_iterations-2,0.1449275314807891,0.38235294117647056,6,6,single,17.0,23.0,-0.029476049258595483,4,"{0: 32, 4: 68, 5: 40, 7: 64}",2.5759997367858887,0.116504855453968,0.455879807472229,0.125,0.014563106931746,2.0999674797058105,0.1323529481887817,0.5011894106864929,0.0,0.0,0.6470588445663452,,,,(11,2.0,
27.0,open,resnet,kernel_size-(11_11)_iterations-3,0.1617647111415863,0.38235294117647056,13,13,single,14.0,20.0,-0.01263886959779828,3,"{0: 68, 3: 68, 5: 68}",2.317631483078003,0.1359223276376724,0.4991920590400696,0.0,0.0,2.0803167819976807,0.1323529481887817,0.516868531703949,0.0,0.0,0.6323529481887817,,,,(11,3.0,
29.0,open,resnet,kernel_size-(11_11)_iterations-5,0.147058829665184,0.36764705882352944,9,9,single,16.0,22.0,-0.02734475107420059,4,"{0: 2, 2: 66, 6: 68, 7: 68}",2.2525076866149902,0.1359223276376724,0.529996395111084,0.5,0.0097087379544973,2.0996034145355225,0.1176470592617988,0.4866689443588257,0.0,0.0,0.6029411554336548,,,,(11,5.0,
27.0,open,resnet,kernel_size-(11_11)_iterations-7,0.1617647111415863,0.38235294117647056,12,12,single,14.0,20.0,-0.01263886959779828,4,"{0: 68, 2: 9, 3: 60, 6: 67}",2.3762776851654053,0.0922330096364021,0.4782983958721161,0.1666666716337204,0.0048543689772486,2.087465047836304,0.1176470592617988,0.5114619135856628,0.0,0.0,0.6470588445663452,,,,(11,7.0,
26.0,open,resnet,kernel_size-(15_15)_iterations-1,0.1739130467176437,0.35294117647058826,9,9,single,13.0,19.0,-0.0004905340217408738,4,"{0: 68, 3: 53, 5: 15, 6: 68}",2.5220298767089844,0.0825242698192596,0.4586991369724273,0.1333333402872085,0.0097087379544973,2.1218421459198,0.1176470592617988,0.5000926852226257,0.0,0.0,0.6323529481887817,,,,(15,1.0,
27.0,open,resnet,kernel_size-(15_15)_iterations-2,0.1617647111415863,0.38235294117647056,13,13,single,14.0,20.0,-0.01263886959779828,3,"{1: 68, 2: 68, 7: 68}",2.4046459197998047,0.1116504818201065,0.4624813199043274,0.1428571492433548,0.0048543689772486,2.093291997909546,0.1617647111415863,0.511013925075531,0.0,0.0,0.6617646813392639,,,,(15,2.0,
28.0,open,resnet,kernel_size-(15_15)_iterations-3,0.159420296549797,0.36764705882352944,7,7,single,15.0,21.0,-0.014983284189587581,3,"{3: 68, 4: 68, 7: 68}",2.593716621398926,0.0776699036359787,0.4799749255180359,0.0416666679084301,0.0048543689772486,2.096747875213623,0.1323529481887817,0.4983316957950592,0.0,0.0,0.6470588445663452,,,,(15,3.0,
30.0,open,resnet,kernel_size-(15_15)_iterations-5,0.1449275314807891,0.39705882352941174,10,10,single,17.0,23.0,-0.029476049258595483,4,"{0: 2, 1: 66, 2: 68, 5: 68}",2.3011727333068848,0.1747572869062423,0.541443943977356,0.2352941185235977,0.0194174759089946,2.091029644012451,0.1323529481887817,0.5077545642852783,0.0,0.0,0.6323529481887817,,,,(15,5.0,
30.0,open,resnet,kernel_size-(15_15)_iterations-7,0.1449275314807891,0.36764705882352944,10,10,single,17.0,23.0,-0.029476049258595483,4,"{1: 67, 3: 1, 6: 68, 7: 68}",2.4061062335968018,0.1310679614543914,0.4822118878364563,0.25,0.0242718439549207,2.099243402481079,0.1176470592617988,0.4970031976699829,0.0,0.0,0.6029411554336548,,,,(15,7.0,
25.0,open,resnet,kernel_size-(3_3)_iterations-1,0.1764705926179886,0.38235294117647056,14,14,single,12.0,18.0,0.0020670118786040026,4,"{0: 67, 1: 68, 2: 68, 4: 1}",2.25175404548645,0.1650485396385193,0.5414372086524963,0.2307692319154739,0.014563106931746,2.083667278289795,0.1764705926179886,0.5084651708602905,0.0,0.0,0.6470588445663452,,,,(3,1.0,
22.0,open,resnet,kernel_size-(3_3)_iterations-2,0.2028985470533371,0.3382352941176471,15,15,single,9.0,15.0,0.028494966313952513,4,"{0: 68, 3: 7, 5: 64, 6: 65}",2.357859373092652,0.0873786434531211,0.4831864535808563,0.0,0.0,2.085888385772705,0.1176470592617988,0.5006641745567322,0.0,0.0,0.6176470518112183,,,,(3,2.0,
28.0,open,resnet,kernel_size-(3_3)_iterations-3,0.159420296549797,0.36764705882352944,8,8,single,15.0,21.0,-0.014983284189587581,3,"{2: 68, 4: 68, 6: 68}",2.536189079284668,0.0873786434531211,0.47784224152565,0.0555555559694767,0.0048543689772486,2.1038811206817627,0.1176470592617988,0.5155709385871887,0.0,0.0,0.6323529481887817,,,,(3,3.0,
24.0,open,resnet,kernel_size-(3_3)_iterations-7,0.1884057968854904,0.36764705882352944,12,12,single,11.0,17.0,0.014002216146105806,3,"{4: 68, 5: 68, 6: 68}",2.350485324859619,0.1067961156368255,0.4959568977355957,0.375,0.014563106931746,2.085639238357544,0.1176470592617988,0.491642951965332,0.0,0.0,0.5588235259056091,,,,(3,7.0,
26.0,open,resnet,kernel_size-(5_5)_iterations-1,0.1739130467176437,0.36764705882352944,15,15,single,13.0,19.0,-0.0004905340217408738,4,"{1: 2, 3: 66, 6: 68, 7: 68}",2.2469077110290527,0.1456310749053955,0.5211764574050903,0.25,0.0097087379544973,2.095144748687744,0.1323529481887817,0.4957519769668579,0.0,0.0,0.6176470518112183,,,,(5,1.0,
19.0,open,resnet,kernel_size-(5_5)_iterations-2,0.2205882370471954,0.38235294117647056,8,8,single,6.0,12.0,0.04618465630781082,3,"{1: 68, 2: 68, 6: 68}",2.4702296257019043,0.1456310749053955,0.4827858507633209,0.0625,0.0048543689772486,2.0876214504241943,0.2205882370471954,0.516435980796814,0.0,0.0,0.6470588445663452,,,,(5,2.0,
27.0,open,resnet,kernel_size-(5_5)_iterations-3,0.1617647111415863,0.39705882352941174,1,1,single,14.0,20.0,-0.01263886959779828,4,"{0: 49, 1: 19, 2: 68, 6: 68}",2.97037124633789,0.1310679614543914,0.4975863099098205,0.125,0.0436893217265605,2.134415626525879,0.1323529481887817,0.5051902532577515,0.0,0.0,0.6323529481887817,,,,(5,3.0,
29.0,open,resnet,kernel_size-(5_5)_iterations-5,0.147058829665184,0.36764705882352944,1,1,single,16.0,22.0,-0.02734475107420059,3,"{0: 68, 2: 68, 7: 68}",2.921701669692993,0.1359223276376724,0.4979936480522156,0.1111111119389534,0.0388349518179893,2.100533962249756,0.1176470592617988,0.4982389807701111,0.0,0.0,0.6323529481887817,,,,(5,5.0,
24.0,open,resnet,kernel_size-(5_5)_iterations-7,0.1884057968854904,0.35294117647058826,10,10,single,11.0,17.0,0.014002216146105806,4,"{2: 68, 4: 64, 5: 8, 6: 64}",2.3477859497070312,0.1262135952711105,0.5036172270774841,0.2307692319154739,0.014563106931746,2.0946781635284424,0.1323529481887817,0.5036455988883972,0.0,0.0,0.6323529481887817,,,,(5,7.0,
27.0,open,resnet,kernel_size-(9_9)_iterations-1,0.1617647111415863,0.36764705882352944,9,9,single,14.0,20.0,-0.01263886959779828,3,"{0: 68, 5: 68, 6: 68}",2.449798107147217,0.1019417494535446,0.4983874559402466,0.1176470592617988,0.0097087379544973,2.0879337787628174,0.1029411777853965,0.4946088790893554,0.0,0.0,0.6176470518112183,,,,(9,1.0,
25.0,open,resnet,kernel_size-(9_9)_iterations-2,0.1764705926179886,0.38235294117647056,11,11,single,12.0,18.0,0.0020670118786040026,3,"{0: 68, 3: 68, 5: 68}",2.3237521648406982,0.1262135952711105,0.5195218324661255,0.25,0.014563106931746,2.08550238609314,0.1764705926179886,0.5099326372146606,0.0,0.0,0.6323529481887817,,,,(9,2.0,
21.0,open,resnet,kernel_size-(9_9)_iterations-3,0.2058823555707931,0.38235294117647056,11,11,single,8.0,14.0,0.03147877483140851,3,"{1: 68, 5: 68, 6: 68}",2.314347267150879,0.1067961156368255,0.5079514980316162,0.25,0.0097087379544973,2.0909841060638428,0.2058823555707931,0.5014520287513733,0.0,0.0,0.6323529481887817,,,,(9,3.0,
29.0,open,resnet,kernel_size-(9_9)_iterations-5,0.147058829665184,0.4117647058823529,8,8,single,16.0,22.0,-0.02734475107420059,5,"{0: 68, 1: 58, 3: 68, 6: 9, 7: 1}",2.4598703384399414,0.1262135952711105,0.4986265003681183,0.2777777910232544,0.0242718439549207,2.086545944213867,0.1323529481887817,0.5003398656845093,0.0,0.0,0.6764705777168274,,,,(9,5.0,
29.0,open,resnet,kernel_size-(9_9)_iterations-7,0.147058829665184,0.39705882352941174,6,6,single,16.0,22.0,-0.02734475107420059,4,"{1: 68, 4: 68, 6: 64, 7: 4}",2.486968517303467,0.1504854410886764,0.5072513222694397,0.1851851791143417,0.0242718439549207,2.1143901348114014,0.1176470592617988,0.4824517965316772,0.0,0.0,0.6176470518112183,,,,(9,7.0,
